t_s,rtt_ms,capacity_mbps,cubic_goodput_mbps,loss_p,reconfig
0.0000,30.252,17.1436,17.1436,0.000000,0
0.0500,28.218,17.1436,17.1436,0.000000,0
0.1000,42.769,18.4534,18.4534,0.000000,0
0.1500,29.250,18.4534,18.4534,0.000000,0
0.2000,42.720,18.2466,18.2466,0.000000,0
0.2500,30.362,18.2466,18.2466,0.000000,0
0.3000,34.258,20.7274,20.7274,0.000000,0
0.3500,31.803,20.7274,20.7274,0.000000,0
0.4000,39.553,25.9370,25.9370,0.000000,0
0.4500,32.471,25.9370,25.9370,0.000000,0
0.5000,42.349,27.3031,27.3031,0.000000,0
0.5500,39.867,27.3031,27.3031,0.000000,0
0.6000,43.287,31.3130,31.3130,0.000000,0
0.6500,29.871,31.3130,31.3130,0.000000,0
0.7000,28.002,33.9463,33.9463,0.000000,0
0.7500,32.347,33.9463,33.9463,0.000000,0
0.8000,29.449,39.7327,39.7327,0.000000,0
0.8500,28.281,39.7327,39.7327,0.000000,0
0.9000,52.683,43.0293,43.0293,0.000000,0
0.9500,29.226,43.0293,43.0293,0.000000,0
1.0000,37.590,37.5190,37.5190,0.000000,0
1.0500,35.289,37.5190,37.5190,0.000000,0
1.1000,27.355,50.2640,50.2640,0.000000,0
1.1500,37.601,50.2640,50.2640,0.000000,0
1.2000,29.492,53.2449,53.2449,0.000000,0
1.2500,32.758,53.2449,53.2449,0.000000,0
1.3000,31.539,60.1930,60.1930,0.000000,0
1.3500,34.800,60.1930,60.1930,0.000000,0
1.4000,37.404,47.6772,47.6772,0.000000,0
1.4500,35.990,47.6772,47.6772,0.000000,0
1.5000,33.843,64.6755,64.6755,0.000000,0
1.5500,36.642,64.6755,64.6755,0.000000,0
1.6000,29.641,42.9420,42.9420,0.000000,0
1.6500,33.367,42.9420,42.9420,0.000000,0
1.7000,41.112,66.2965,66.2965,0.000000,0
1.7500,29.829,66.2965,66.2965,0.000000,0
1.8000,32.650,55.1666,55.1666,0.000000,0
1.8500,31.407,55.1666,55.1666,0.000000,0
1.9000,28.803,36.2821,36.2821,0.000000,0
1.9500,37.798,36.2821,36.2821,0.000000,0
2.0000,30.004,53.7357,53.7357,0.000000,0
2.0500,38.452,53.7357,53.7357,0.000000,0
2.1000,36.588,53.9628,53.9628,0.000000,0
2.1500,28.832,53.9628,53.9628,0.000000,0
2.2000,38.391,42.3751,42.3751,0.000000,0
2.2500,36.769,42.3751,42.3751,0.000000,0
2.3000,28.596,45.2229,45.2229,0.000000,0
2.3500,47.887,45.2229,45.2229,0.000000,0
2.4000,29.822,33.2707,33.2707,0.000000,0
2.4500,33.025,33.2707,33.2707,0.000000,0
2.5000,31.686,37.9620,37.9620,0.000000,0
2.5500,39.455,37.9620,37.9620,0.000000,0
2.6000,43.673,35.0366,35.0366,0.000000,0
2.6500,51.783,35.0366,35.0366,0.000000,0
2.7000,27.126,38.4748,38.4748,0.000000,0
2.7500,37.592,38.4748,38.4748,0.000000,0
2.8000,29.868,14.5066,14.5066,0.000000,0
2.8500,43.137,14.5066,14.5066,0.000000,0
2.9000,42.574,38.0723,38.0723,0.000000,0
2.9500,35.254,38.0723,38.0723,0.000000,0
3.0000,28.245,21.5736,21.5736,0.000000,0
3.0500,36.931,21.5736,21.5736,0.000000,0
3.1000,44.757,23.7314,23.7314,0.000000,0
3.1500,47.797,23.7314,23.7314,0.000000,0
3.2000,35.405,26.6222,26.6222,0.000000,0
3.2500,27.868,26.6222,26.6222,0.000000,0
3.3000,47.070,31.7445,31.7445,0.000000,0
3.3500,44.857,31.7445,31.7445,0.000000,0
3.4000,38.621,27.2586,27.2586,0.000000,0
3.4500,61.789,27.2586,27.2586,0.000000,0
3.5000,65.098,29.9802,29.9802,0.000000,0
3.5500,31.571,29.9802,29.9802,0.000000,0
3.6000,35.109,34.5997,34.5997,0.000000,0
3.6500,38.858,34.5997,34.5997,0.000000,0
3.7000,37.135,31.7524,31.7524,0.000000,0
3.7500,44.602,31.7524,31.7524,0.000000,0
3.8000,48.634,22.9501,22.9501,0.000000,0
3.8500,57.275,22.9501,22.9501,0.000000,0
3.9000,27.775,33.8735,33.8735,0.000000,0
3.9500,47.331,33.8735,33.8735,0.000000,0
4.0000,35.562,21.2376,21.2376,0.000000,0
4.0500,27.373,21.2376,21.2376,0.000000,0
4.1000,36.319,31.5031,31.5031,0.000000,0
4.1500,28.874,31.5031,31.5031,0.000000,0
4.2000,38.317,27.2627,27.2627,0.000000,0
4.2500,35.466,27.2627,27.2627,0.000000,0
4.3000,28.396,28.7232,28.7232,0.000000,0
4.3500,37.360,28.7232,28.7232,0.000000,0
4.4000,46.244,35.4862,35.4862,0.000000,0
4.4500,75.408,35.4862,35.4862,0.000000,0
4.5000,47.046,14.1887,14.1887,0.000000,0
4.5500,28.990,14.1887,14.1887,0.000000,0
4.6000,27.614,29.3287,29.3287,0.000000,0
4.6500,47.626,29.3287,29.3287,0.000000,0
4.7000,55.641,18.3594,18.3594,0.000000,0
4.7500,37.348,18.3594,18.3594,0.000000,0
4.8000,35.680,18.9099,18.9099,0.000000,0
4.8500,38.504,18.9099,18.9099,0.000000,0
4.9000,36.319,27.6948,27.6948,0.000000,0
4.9500,44.645,27.6948,27.6948,0.000000,0
5.0000,48.802,20.4888,20.4888,0.000000,0
5.0500,68.496,20.4888,20.4888,0.000000,0
5.1000,44.641,29.8917,29.8917,0.000000,0
5.1500,85.230,29.8917,29.8917,0.000000,0
5.2000,55.160,17.2375,17.2375,0.000000,0
5.2500,48.804,17.2375,17.2375,0.000000,0
5.3000,57.769,24.8491,24.8491,0.000000,0
5.3500,34.665,24.8491,24.8491,0.000000,0
5.4000,74.690,23.2470,23.2470,0.000000,0
5.4500,45.770,23.2470,23.2470,0.000000,0
5.5000,66.391,24.9581,24.9581,0.000000,0
5.5500,47.985,24.9581,24.9581,0.000000,0
5.6000,34.330,25.0061,25.0061,0.000000,0
5.6500,33.426,25.0061,25.0061,0.000000,0
5.7000,37.757,22.7533,22.7533,0.000000,0
5.7500,35.579,22.7533,22.7533,0.000000,0
5.8000,28.236,21.8478,21.8478,0.000000,0
5.8500,36.063,21.8478,21.8478,0.000000,0
5.9000,55.383,25.0123,25.0123,0.000000,0
5.9500,47.752,25.0123,25.0123,0.000000,0
6.0000,35.487,29.7355,29.7355,0.000000,0
6.0500,39.632,29.7355,29.7355,0.000000,0
6.1000,47.814,31.0136,31.0136,0.000000,0
6.1500,34.756,31.0136,31.0136,0.000000,0
6.2000,37.958,16.0440,16.0440,0.000000,0
6.2500,36.362,16.0440,16.0440,0.000000,0
6.3000,29.674,26.3225,26.3225,0.000000,0
6.3500,49.011,26.3225,26.3225,0.000000,0
6.4000,34.694,24.2967,24.2967,0.000000,0
6.4500,38.702,24.2967,24.2967,0.000000,0
6.5000,58.588,33.1988,33.1988,0.000000,0
6.5500,34.683,33.1988,33.1988,0.000000,0
6.6000,37.286,28.3751,28.3751,0.000000,0
6.6500,35.365,28.3751,28.3751,0.000000,0
6.7000,28.538,25.7444,25.7444,0.000000,0
6.7500,32.334,25.7444,25.7444,0.000000,0
6.8000,35.662,20.5397,20.5397,0.000000,0
6.8500,38.577,20.5397,20.5397,0.000000,0
6.9000,58.463,20.5679,20.5679,0.000000,0
6.9500,39.704,20.5679,20.5679,0.000000,0
7.0000,37.968,20.8789,20.8789,0.000000,0
7.0500,36.702,20.8789,20.8789,0.000000,0
7.1000,33.928,20.6929,20.6929,0.000000,0
7.1500,37.686,20.6929,20.6929,0.000000,0
7.2000,29.739,26.6414,26.6414,0.000000,0
7.2500,27.828,26.6414,26.6414,0.000000,0
7.3000,36.736,27.7108,27.7108,0.000000,0
7.3500,45.449,27.7108,27.7108,0.000000,0
7.4000,48.476,25.3341,25.3341,0.000000,0
7.4500,67.356,25.3341,25.3341,0.000000,0
7.5000,66.268,29.4384,29.4384,0.000000,0
7.5500,37.466,29.4384,29.4384,0.000000,0
7.6000,34.460,27.1114,27.1114,0.000000,0
7.6500,38.774,27.1114,27.1114,0.000000,0
7.7000,57.770,26.0574,26.0574,0.000000,0
7.7500,28.386,26.0574,26.0574,0.000000,0
7.8000,37.426,20.1072,20.1072,0.000000,0
7.8500,46.573,20.1072,20.1072,0.000000,0
7.9000,44.711,26.1325,26.1325,0.000000,0
7.9500,47.814,26.1325,26.1325,0.000000,0
8.0000,35.940,18.1289,18.1289,0.000000,0
8.0500,39.483,18.1289,18.1289,0.000000,0
8.1000,47.551,27.5962,27.5962,0.000000,0
8.1500,35.258,27.5962,27.5962,0.000000,0
8.2000,37.732,26.2407,26.2407,0.000000,0
8.2500,36.182,26.2407,26.2407,0.000000,0
8.3000,39.325,27.2007,27.2007,0.000000,0
8.3500,38.256,27.2007,27.2007,0.000000,0
8.4000,46.834,26.9941,26.9941,0.000000,0
8.4500,38.251,26.9941,26.9941,0.000000,0
8.5000,67.436,28.3040,28.3040,0.000000,0
8.5500,65.956,28.3040,28.3040,0.000000,0
8.6000,37.469,28.0050,28.0050,0.000000,0
8.6500,36.764,28.0050,28.0050,0.000000,0
8.7000,65.477,21.3495,21.3495,0.000000,0
8.7500,58.679,21.3495,21.3495,0.000000,0
8.8000,46.431,18.2482,18.2482,0.000000,0
8.8500,54.928,18.2482,18.2482,0.000000,0
8.9000,47.503,17.3913,17.3913,0.000000,0
8.9500,45.717,17.3913,17.3913,0.000000,0
9.0000,38.376,19.8108,19.8108,0.000000,0
9.0500,36.524,19.8108,19.8108,0.000000,0
9.1000,38.703,21.8133,21.8133,0.000000,0
9.1500,47.247,21.8133,21.8133,0.000000,0
9.2000,35.269,27.4335,27.4335,0.000000,0
9.2500,38.140,27.4335,27.4335,0.000000,0
9.3000,47.460,24.2258,24.2258,0.000000,0
9.3500,35.071,24.2258,24.2258,0.000000,0
9.4000,48.879,24.9049,24.9049,0.000000,0
9.4500,46.624,24.9049,24.9049,0.000000,0
9.5000,44.614,21.1562,21.1562,0.000000,0
9.5500,47.696,21.1562,21.1562,0.000000,0
9.6000,35.182,20.6249,20.6249,0.000000,0
9.6500,37.727,20.6249,20.6249,0.000000,0
9.7000,30.193,20.7171,20.7171,0.000000,0
9.7500,33.524,20.7171,20.7171,0.000000,0
9.8000,37.966,11.3497,11.3497,0.000000,0
9.8500,30.557,11.3497,11.3497,0.000000,0
9.9000,33.272,20.6317,20.6317,0.000000,0
9.9500,31.873,20.6317,20.6317,0.000000,0
10.0000,35.687,16.4159,16.4159,0.000000,0
10.0500,37.657,16.4159,16.4159,0.000000,0
10.1000,31.383,22.8222,22.8222,0.000000,0
10.1500,40.335,22.8222,22.8222,0.000000,0
10.2000,38.753,23.2043,23.2043,0.000000,0
10.2500,35.352,23.2043,23.2043,0.000000,0
10.3000,34.803,22.7674,22.7674,0.000000,0
10.3500,48.711,22.7674,22.7674,0.000000,0
10.4000,46.782,24.0960,24.0960,0.000000,0
10.4500,81.756,24.0960,24.0960,0.000000,0
10.5000,64.158,15.9960,15.9960,0.000000,0
10.5500,29.333,15.9960,15.9960,0.000000,0
10.6000,28.031,21.3766,21.3766,0.000000,0
10.6500,41.488,21.3766,21.3766,0.000000,0
10.7000,39.359,14.6639,14.6639,0.000000,0
10.7500,31.827,14.6639,14.6639,0.000000,0
10.8000,29.035,15.0942,15.0942,0.000000,0
10.8500,27.817,15.0942,15.0942,0.000000,0
10.9000,41.156,3.8218,3.8218,0.000000,0
10.9500,33.932,3.8218,3.8218,0.000000,0
11.0000,27.421,23.1890,23.1890,0.000000,0
11.0500,30.331,23.1890,23.1890,0.000000,0
11.1000,29.310,19.6485,19.6485,0.000000,0
11.1500,37.265,19.6485,19.6485,0.000000,0
11.2000,29.816,18.0001,18.0001,0.000000,0
11.2500,27.195,18.0001,18.0001,0.000000,0
11.3000,35.991,19.7999,19.7999,0.000000,0
11.3500,34.827,19.7999,19.7999,0.000000,0
11.4000,38.525,13.5156,13.5156,0.000000,0
11.4500,56.552,13.5156,13.5156,0.000000,0
11.5000,49.728,13.5402,13.5402,0.000000,0
11.5500,106.154,13.5402,13.5402,0.000000,0
11.6000,76.152,18.4645,18.4645,0.000000,0
11.6500,58.819,18.4645,18.4645,0.000000,0
11.7000,45.439,19.5727,19.5727,0.000000,0
11.7500,33.074,19.5727,19.5727,0.000000,0
11.8000,37.858,11.0472,11.0472,0.000000,0
11.8500,40.473,11.0472,11.0472,0.000000,0
11.9000,38.993,20.9387,20.9387,0.000000,0
11.9500,36.740,20.9387,20.9387,0.000000,0
12.0000,40.236,20.7748,20.7748,0.000000,0
12.0500,47.779,20.7748,20.7748,0.000000,0
12.1000,77.711,22.7615,22.7615,0.000000,0
12.1500,49.058,22.7615,22.7615,0.000000,0
12.2000,52.090,16.6456,16.6456,0.000000,0
12.2500,49.675,16.6456,16.6456,0.000000,0
12.3000,37.922,25.2006,25.2006,0.000000,0
12.3500,41.573,25.2006,25.2006,0.000000,0
12.4000,45.460,18.6958,18.6958,0.000000,0
12.4500,37.545,18.6958,18.6958,0.000000,0
12.5000,61.932,15.7702,15.7702,0.000000,0
12.5500,54.607,15.7702,15.7702,0.000000,0
12.6000,42.889,14.6705,14.6705,0.000000,0
12.6500,56.387,14.6705,14.6705,0.000000,0
12.7000,33.393,23.7445,23.7445,0.000000,0
12.7500,35.577,23.7445,23.7445,0.000000,0
12.8000,38.989,24.4243,24.4243,0.000000,0
12.8500,53.871,24.4243,24.4243,0.000000,0
12.9000,34.980,22.0759,22.0759,0.000000,0
12.9500,38.468,22.0759,22.0759,0.000000,0
13.0000,42.559,24.6269,24.6269,0.000000,0
13.0500,35.290,24.6269,24.6269,0.000000,0
13.1000,38.597,18.6700,18.6700,0.000000,0
13.1500,46.620,18.6700,18.6700,0.000000,0
13.2000,55.685,27.4466,27.4466,0.000000,0
13.2500,43.710,27.4466,27.4466,0.000000,0
13.3000,57.975,26.7637,26.7637,0.000000,0
13.3500,45.549,26.7637,26.7637,0.000000,0
13.4000,37.490,29.0547,29.0547,0.000000,0
13.4500,45.758,29.0547,29.0547,0.000000,0
13.5000,38.472,21.2905,21.2905,0.000000,0
13.5500,42.568,21.2905,21.2905,0.000000,0
13.6000,35.462,20.6761,20.6761,0.000000,0
13.6500,37.907,20.6761,20.6761,0.000000,0
13.7000,41.751,20.4962,20.4962,0.000000,0
13.7500,33.893,20.4962,20.4962,0.000000,0
13.8000,43.330,28.2786,28.2786,0.000000,0
13.8500,35.656,28.2786,28.2786,0.000000,0
13.9000,43.659,20.6625,20.6625,0.000000,0
13.9500,36.296,20.6625,20.6625,0.000000,0
14.0000,34.544,22.9781,22.9781,0.000000,0
14.0500,43.281,22.9781,22.9781,0.000000,0
14.1000,35.341,25.8459,25.8459,0.000000,0
14.1500,33.997,25.8459,25.8459,0.000000,0
14.2000,42.652,16.4634,16.4634,0.000000,0
14.2500,51.239,16.4634,16.4634,0.000000,0
14.3000,33.386,29.1420,29.1420,0.000000,0
14.3500,52.464,29.1420,29.1420,0.000000,0
14.4000,45.309,32.8676,32.8676,0.000000,0
14.4500,37.918,32.8676,32.8676,0.000000,0
14.5000,35.470,25.4999,25.4999,0.000000,0
14.5500,33.894,25.4999,25.4999,0.000000,0
14.6000,42.714,27.6735,27.6735,0.000000,0
14.6500,61.049,27.6735,27.6735,0.000000,0
14.7000,44.463,29.3873,29.3873,0.000000,0
14.7500,35.923,29.3873,29.3873,0.000000,0
14.8000,39.761,24.5244,24.5244,0.000000,0
14.8500,43.789,24.5244,24.5244,0.000000,0
14.9000,51.514,27.3442,27.3442,0.000000,0
14.9500,55.535,27.3442,27.3442,0.000000,0
15.0000,42.376,22.7042,22.7042,0.000000,0
15.0500,35.251,22.7042,22.7042,0.000000,0
15.1000,33.708,21.2287,21.2287,0.000000,0
15.1500,35.607,21.2287,21.2287,0.000000,0
15.2000,77.131,20.2738,20.2738,0.000000,0
15.2500,37.446,20.2738,20.2738,0.000000,0
15.3000,35.816,18.9241,18.9241,0.000000,0
15.3500,39.591,18.9241,18.9241,0.000000,0
15.4000,42.602,29.0611,29.0611,0.000000,0
15.4500,35.177,29.0611,29.0611,0.000000,0
15.5000,42.408,24.5022,24.5022,0.000000,0
15.5500,41.800,24.5022,24.5022,0.000000,0
15.6000,45.790,21.0260,21.0260,0.000000,0
15.6500,38.552,21.0260,21.0260,0.000000,0
15.7000,57.373,23.8620,23.8620,0.000000,0
15.7500,39.307,23.8620,23.8620,0.000000,0
15.8000,43.541,29.1258,29.1258,0.000000,0
15.8500,51.523,29.1258,29.1258,0.000000,0
15.9000,55.357,32.5732,32.5732,0.000000,0
15.9500,42.642,32.5732,32.5732,0.000000,0
16.0000,45.262,23.5879,23.5879,0.000000,0
16.0500,43.067,23.5879,23.5879,0.000000,0
16.1000,47.483,23.7687,23.7687,0.000000,0
16.1500,39.744,23.7687,23.7687,0.000000,0
16.2000,38.006,26.0204,26.0204,0.000000,0
16.2500,41.200,26.0204,26.0204,0.000000,0
16.3000,38.200,17.2809,17.2809,0.000000,0
16.3500,42.175,17.2809,17.2809,0.000000,0
16.4000,33.654,24.7667,24.7667,0.000000,0
16.4500,38.751,24.7667,24.7667,0.000000,0
16.5000,36.421,28.1744,28.1744,0.000000,0
16.5500,44.503,28.1744,28.1744,0.000000,0
16.6000,42.664,20.6700,20.6700,0.000000,0
16.6500,34.835,20.6700,20.6700,0.000000,0
16.7000,43.132,20.1193,20.1193,0.000000,0
16.7500,36.412,20.1193,20.1193,0.000000,0
16.8000,60.154,22.6755,22.6755,0.000000,0
16.8500,48.034,22.6755,22.6755,0.000000,0
16.9000,41.209,22.5291,22.5291,0.000000,0
16.9500,44.742,22.5291,22.5291,0.000000,0
17.0000,42.735,32.1767,32.1767,0.000000,0
17.0500,44.704,32.1767,32.1767,0.000000,0
17.1000,38.473,27.1473,27.1473,0.000000,0
17.1500,41.942,27.1473,27.1473,0.000000,0
17.2000,44.073,27.5579,27.5579,0.000000,0
17.2500,38.163,27.5579,27.5579,0.000000,0
17.3000,68.018,28.4692,28.4692,0.000000,0
17.3500,86.902,28.4692,28.4692,0.000000,0
17.4000,56.928,22.4198,22.4198,0.000000,0
17.4500,72.721,22.4198,22.4198,0.000000,0
17.5000,33.463,25.5660,25.5660,0.000000,0
17.5500,41.717,25.5660,25.5660,0.000000,0
17.6000,50.142,28.8439,28.8439,0.000000,0
17.6500,37.532,28.8439,28.8439,0.000000,0
17.7000,40.411,26.7997,26.7997,0.000000,0
17.7500,38.450,26.7997,26.7997,0.000000,0
17.8000,42.354,25.4134,25.4134,0.000000,0
17.8500,34.966,25.4134,25.4134,0.000000,0
17.9000,37.416,29.7838,29.7838,0.000000,0
17.9500,47.131,29.7838,29.7838,0.000000,0
18.0000,39.498,22.3972,22.3972,0.000000,0
18.0500,37.737,22.3972,22.3972,0.000000,0
18.1000,52.039,23.5932,23.5932,0.000000,0
18.1500,33.836,23.5932,23.5932,0.000000,0
18.2000,64.274,27.2072,27.2072,0.000000,0
18.2500,40.185,27.2072,27.2072,0.000000,0
18.3000,44.220,26.4701,26.4701,0.000000,0
18.3500,52.475,26.4701,26.4701,0.000000,0
18.4000,45.613,28.9496,28.9496,0.000000,0
18.4500,49.366,28.9496,28.9496,0.000000,0
18.5000,47.131,26.8378,26.8378,0.000000,0
18.5500,50.484,26.8378,26.8378,0.000000,0
18.6000,43.601,29.0277,29.0277,0.000000,0
18.6500,35.668,29.0277,29.0277,0.000000,0
18.7000,33.822,23.4282,23.4282,0.000000,0
18.7500,42.780,23.4282,23.4282,0.000000,0
18.8000,55.402,20.7767,20.7767,0.000000,0
18.8500,54.405,20.7767,20.7767,0.000000,0
18.9000,51.711,26.5199,26.5199,0.000000,0
18.9500,54.744,26.5199,26.5199,0.000000,0
19.0000,53.191,33.0942,33.0942,0.000000,0
19.0500,50.508,33.0942,33.0942,0.000000,0
19.1000,54.086,20.8946,20.8946,0.000000,0
19.1500,42.436,20.8946,20.8946,0.000000,0
19.2000,45.615,25.5685,25.5685,0.000000,0
19.2500,64.498,25.5685,25.5685,0.000000,0
19.3000,41.467,34.2412,34.2412,0.000000,0
19.3500,44.309,34.2412,34.2412,0.000000,0
19.4000,42.892,33.2877,33.2877,0.000000,0
19.4500,45.100,33.2877,33.2877,0.000000,0
19.5000,66.561,26.9850,26.9850,0.000000,0
19.5500,42.182,26.9850,26.9850,0.000000,0
19.6000,45.486,37.3182,37.3182,0.000000,0
19.6500,42.508,37.3182,37.3182,0.000000,0
19.7000,40.465,30.1577,30.1577,0.000000,0
19.7500,54.980,30.1577,30.1577,0.000000,0
19.8000,64.067,27.6679,27.6679,0.000000,0
19.8500,39.998,27.6679,27.6679,0.000000,0
19.9000,53.627,27.7009,27.7009,0.000000,0
19.9500,51.673,27.7009,27.7009,0.000000,0
20.0000,45.048,29.0373,29.0373,0.000000,0
20.0500,43.121,29.0373,29.0373,0.000000,0
20.1000,51.516,41.6304,41.6304,0.000000,0
20.1500,44.790,41.6304,41.6304,0.000000,0
20.2000,64.496,43.9221,43.9221,0.000000,0
20.2500,45.498,43.9221,43.9221,0.000000,0
20.3000,33.914,49.4500,49.4500,0.000000,0
20.3500,53.373,49.4500,49.4500,0.000000,0
20.4000,55.481,48.4347,48.4347,0.000000,0
20.4500,38.511,48.4347,48.4347,0.000000,0
20.5000,51.802,43.8165,43.8165,0.000000,0
20.5500,34.758,43.8165,43.8165,0.000000,0
20.6000,47.895,44.2675,44.2675,0.000000,0
20.6500,41.205,44.2675,44.2675,0.000000,0
20.7000,49.069,41.2745,41.2745,0.000000,0
20.7500,46.833,41.2745,41.2745,0.000000,0
20.8000,45.852,46.6816,46.6816,0.000000,0
20.8500,43.725,46.6816,46.6816,0.000000,0
20.9000,47.286,39.3357,39.3357,0.000000,0
20.9500,39.065,39.3357,39.3357,0.000000,0
21.0000,41.648,50.6627,50.6627,0.000000,0
21.0500,35.573,50.6627,50.6627,0.000000,0
21.1000,43.576,43.1718,43.1718,0.000000,0
21.1500,42.425,43.1718,43.1718,0.000000,0
21.2000,50.640,48.4039,48.4039,0.000000,0
21.2500,37.907,48.4039,48.4039,0.000000,0
21.3000,46.253,49.3388,49.3388,0.000000,0
21.3500,39.758,49.3388,49.3388,0.000000,0
21.4000,47.314,48.2302,48.2302,0.000000,0
21.4500,40.118,48.2302,48.2302,0.000000,0
21.5000,48.752,58.7987,58.7987,0.000000,0
21.5500,42.377,58.7987,58.7987,0.000000,0
21.6000,54.694,49.6718,49.6718,0.000000,0
21.6500,53.837,49.6718,49.6718,0.000000,0
21.7000,41.695,57.1073,57.1073,0.000000,0
21.7500,44.434,57.1073,57.1073,0.000000,0
21.8000,53.069,51.0280,51.0280,0.000000,0
21.8500,40.676,51.0280,51.0280,0.000000,0
21.9000,33.770,57.3326,57.3326,0.000000,0
21.9500,41.803,57.3326,57.3326,0.000000,0
22.0000,45.405,57.8877,57.8877,0.000000,0
22.0500,42.928,57.8877,57.8877,0.000000,0
22.1000,40.341,68.3602,68.3602,0.000000,0
22.1500,44.500,68.3602,68.3602,0.000000,0
22.2000,42.775,59.7548,59.7548,0.000000,0
22.2500,45.763,59.7548,59.7548,0.000000,0
22.3000,43.473,59.5506,59.5506,0.000000,0
22.3500,41.334,59.5506,59.5506,0.000000,0
22.4000,50.043,57.0033,57.0033,0.000000,0
22.4500,38.676,57.0033,57.0033,0.000000,0
22.5000,47.043,53.5754,53.5754,0.000000,0
22.5500,34.208,53.5754,53.5754,0.000000,0
22.6000,36.881,65.0316,65.0316,0.000000,0
22.6500,34.992,65.0316,65.0316,0.000000,0
22.7000,65.652,61.3358,61.3358,0.000000,0
22.7500,42.705,61.3358,61.3358,0.000000,0
22.8000,45.975,64.5472,64.5472,0.000000,0
22.8500,38.642,64.5472,64.5472,0.000000,0
22.9000,40.903,80.9791,80.9791,0.000000,0
22.9500,34.536,80.9791,80.9791,0.000000,0
23.0000,37.723,72.0173,72.0173,0.000000,0
23.0500,72.184,72.0173,72.0173,0.000000,0
23.1000,44.509,89.8409,89.8409,0.000000,0
23.1500,46.841,89.8409,89.8409,0.000000,0
23.2000,60.820,92.1733,92.1733,0.000000,0
23.2500,54.446,92.1733,92.1733,0.000000,0
23.3000,41.768,98.8784,98.8784,0.000000,0
23.3500,44.525,98.8784,98.8784,0.000000,0
23.4000,43.432,54.4062,54.4062,0.000000,0
23.4500,45.650,54.4062,54.4062,0.000000,0
23.5000,39.127,61.4793,61.4793,0.000000,0
23.5500,47.788,61.4793,61.4793,0.000000,0
23.6000,40.382,73.0101,73.0101,0.000000,0
23.6500,44.026,73.0101,73.0101,0.000000,0
23.7000,36.181,107.7100,107.7100,0.000000,0
23.7500,34.317,107.7100,107.7100,0.000000,0
23.8000,43.299,91.0004,91.0004,0.000000,0
23.8500,34.802,91.0004,91.0004,0.000000,0
23.9000,43.695,71.5378,71.5378,0.000000,0
23.9500,52.044,71.5378,71.5378,0.000000,0
24.0000,34.116,64.2752,64.2752,0.000000,0
24.0500,59.647,64.2752,64.2752,0.000000,0
24.1000,41.298,85.3171,85.3171,0.000000,0
24.1500,55.410,85.3171,85.3171,0.000000,0
24.2000,43.124,114.5927,114.5927,0.000000,0
24.2500,34.825,114.5927,114.5927,0.000000,0
24.3000,39.331,119.7220,119.7220,0.000000,0
24.3500,47.674,119.7220,119.7220,0.000000,0
24.4000,40.454,110.0801,110.0801,0.000000,0
24.4500,37.824,110.0801,110.0801,0.000000,0
24.5000,47.260,85.9675,85.9675,0.000000,0
24.5500,32.121,85.9675,85.9675,0.000000,0
24.6000,47.568,94.7555,94.7555,0.000000,0
24.6500,56.213,94.7555,94.7555,0.000000,0
24.7000,49.505,67.6941,67.6941,0.000000,0
24.7500,36.801,67.6941,67.6941,0.000000,0
24.8000,40.374,89.5470,89.5470,0.000000,0
24.8500,38.561,89.5470,89.5470,0.000000,0
24.9000,35.334,66.9500,66.9500,0.000000,0
24.9500,34.293,66.9500,66.9500,0.000000,0
25.0000,37.494,90.8952,90.8952,0.000000,0
25.0500,35.491,90.8952,90.8952,0.000000,0
25.1000,38.162,101.7139,101.7139,0.000000,0
25.1500,45.880,101.7139,101.7139,0.000000,0
25.2000,33.556,90.7361,90.7361,0.000000,0
25.2500,38.420,90.7361,90.7361,0.000000,0
25.3000,36.138,83.8587,83.8587,0.000000,0
25.3500,34.566,83.8587,83.8587,0.000000,0
25.4000,42.765,94.2985,94.2985,0.000000,0
25.4500,50.623,94.2985,94.2985,0.000000,0
25.5000,33.234,106.2471,106.2471,0.000000,0
25.5500,42.720,106.2471,106.2471,0.000000,0
25.6000,34.463,85.4703,85.4703,0.000000,0
25.6500,42.721,85.4703,85.4703,0.000000,0
25.7000,36.312,91.7521,91.7521,0.000000,0
25.7500,33.710,91.7521,91.7521,0.000000,0
25.8000,37.045,45.8639,45.8639,0.000000,0
25.8500,35.120,45.8639,45.8639,0.000000,0
25.9000,43.821,0.0000,0.0000,0.000000,0
25.9500,37.483,0.0000,0.0000,0.000000,0
26.0000,35.106,26.8871,26.8871,0.000000,0
26.0500,43.495,26.8871,26.8871,0.000000,0
26.1000,36.742,75.3479,75.3479,0.000000,0
26.1500,34.134,75.3479,75.3479,0.000000,0
26.2000,42.714,50.5429,50.5429,0.000000,0
26.2500,34.836,50.5429,50.5429,0.000000,0
26.3000,43.352,73.6098,73.6098,0.000000,0
26.3500,36.573,73.6098,73.6098,0.000000,0
26.4000,35.207,45.2478,45.2478,0.000000,0
26.4500,43.695,45.2478,45.2478,0.000000,0
26.5000,52.281,53.7004,53.7004,0.000000,0
26.5500,120.854,53.7004,53.7004,0.000000,0
26.6000,81.166,58.5193,58.5193,0.000000,0
26.6500,42.194,58.5193,58.5193,0.000000,0
26.7000,61.065,21.9076,21.9076,0.000000,0
26.7500,38.807,21.9076,21.9076,0.000000,0
26.8000,42.383,41.2270,41.2270,0.000000,0
26.8500,39.569,41.2270,41.2270,0.000000,0
26.9000,48.009,36.5005,36.5005,0.000000,0
26.9500,41.392,36.5005,36.5005,0.000000,0
27.0000,38.618,36.9544,36.9544,0.000000,0
27.0500,41.675,36.9544,36.9544,0.000000,0
27.1000,41.049,44.3646,44.3646,0.000000,0
27.1500,49.034,44.3646,44.3646,0.000000,0
27.2000,41.819,36.1567,36.1567,0.000000,0
27.2500,39.718,36.1567,36.1567,0.000000,0
27.3000,43.084,31.6423,31.6423,0.000000,0
27.3500,41.483,31.6423,31.6423,0.000000,0
27.4000,64.753,34.1558,34.1558,0.000000,0
27.4500,48.420,34.1558,34.1558,0.000000,0
27.5000,40.414,32.6685,32.6685,0.000000,0
27.5500,48.548,32.6685,32.6685,0.000000,0
27.6000,41.771,43.3722,43.3722,0.000000,0
27.6500,38.657,43.3722,43.3722,0.000000,0
27.7000,53.957,30.1074,30.1074,0.000000,0
27.7500,39.414,30.1074,30.1074,0.000000,0
27.8000,43.621,46.3037,46.3037,0.000000,0
27.8500,42.015,46.3037,46.3037,0.000000,0
27.9000,50.667,44.7190,44.7190,0.000000,0
27.9500,49.385,44.7190,44.7190,0.000000,0
28.0000,41.394,49.1101,49.1101,0.000000,0
28.0500,45.005,49.1101,49.1101,0.000000,0
28.1000,53.555,28.4945,28.4945,0.000000,0
28.1500,41.275,28.4945,28.4945,0.000000,0
28.2000,44.760,37.8299,37.8299,0.000000,0
28.2500,42.693,37.8299,37.8299,0.000000,0
28.3000,39.695,38.4144,38.4144,0.000000,0
28.3500,44.828,38.4144,38.4144,0.000000,0
28.4000,42.584,40.2189,40.2189,0.000000,0
28.4500,40.088,40.2189,40.2189,0.000000,0
28.5000,42.666,37.0852,37.0852,0.000000,0
28.5500,41.745,37.0852,37.0852,0.000000,0
28.6000,39.452,38.5158,38.5158,0.000000,0
28.6500,41.696,38.5158,38.5158,0.000000,0
28.7000,40.618,41.2210,41.2210,0.000000,0
28.7500,48.851,41.2210,41.2210,0.000000,0
28.8000,41.336,43.1506,43.1506,0.000000,0
28.8500,39.521,43.1506,43.1506,0.000000,0
28.9000,43.837,34.8233,34.8233,0.000000,0
28.9500,38.176,34.8233,34.8233,0.000000,0
29.0000,38.484,26.4116,26.4116,0.000000,0
29.0500,41.407,26.4116,26.4116,0.000000,0
29.1000,40.994,18.9292,18.9292,0.000000,0
29.1500,44.360,18.9292,18.9292,0.000000,0
29.2000,42.178,36.2967,36.2967,0.000000,0
29.2500,39.344,36.2967,36.2967,0.000000,0
29.3000,53.845,22.5813,22.5813,0.000000,0
29.3500,40.754,22.5813,22.5813,0.000000,0
29.4000,38.001,33.2431,33.2431,0.000000,0
29.4500,41.744,33.2431,33.2431,0.000000,0
29.5000,41.459,27.0694,27.0694,0.000000,0
29.5500,38.012,27.0694,27.0694,0.000000,0
29.6000,42.784,26.7803,26.7803,0.000000,0
29.6500,40.021,26.7803,26.7803,0.000000,0
29.7000,42.800,27.8121,27.8121,0.000000,0
29.7500,41.487,27.8121,27.8121,0.000000,0
29.8000,54.436,18.7599,18.7599,0.000000,0
29.8500,47.806,18.7599,18.7599,0.000000,0
29.9000,49.927,29.7054,29.7054,0.000000,0
29.9500,38.437,29.7054,29.7054,0.000000,0
30.0000,53.151,29.2384,29.2384,0.000000,0
30.0500,38.724,29.2384,29.2384,0.000000,0
30.1000,43.621,30.4866,30.4866,0.000000,0
30.1500,40.716,30.4866,30.4866,0.000000,0
30.2000,39.007,30.6447,30.6447,0.000000,0
30.2500,43.240,30.6447,30.6447,0.000000,0
30.3000,51.720,25.2458,25.2458,0.000000,0
30.3500,43.790,25.2458,25.2458,0.000000,0
30.4000,41.425,32.7225,32.7225,0.000000,0
30.4500,40.298,32.7225,32.7225,0.000000,0
30.5000,53.654,19.8242,19.8242,0.000000,0
30.5500,41.388,19.8242,19.8242,0.000000,0
30.6000,45.072,26.3675,26.3675,0.000000,0
30.6500,41.703,26.3675,26.3675,0.000000,0
30.7000,40.286,16.6619,16.6619,0.000000,0
30.7500,37.997,16.6619,16.6619,0.000000,0
30.8000,41.708,27.5004,27.5004,0.000000,0
30.8500,50.187,27.5004,27.5004,0.000000,0
30.9000,48.083,13.7033,13.7033,0.000000,0
30.9500,40.780,13.7033,13.7033,0.000000,0
31.0000,38.172,22.5713,22.5713,0.000000,0
31.0500,42.537,22.5713,22.5713,0.000000,0
31.1000,40.688,24.2843,24.2843,0.000000,0
31.1500,43.958,24.2843,24.2843,0.000000,0
31.2000,52.358,28.5748,28.5748,0.000000,0
31.2500,49.569,28.5748,28.5748,0.000000,0
31.3000,42.852,26.1244,26.1244,0.000000,0
31.3500,41.121,26.1244,26.1244,0.000000,0
31.4000,39.026,30.6847,30.6847,0.000000,0
31.4500,47.776,30.6847,30.6847,0.000000,0
31.5000,39.703,20.6278,20.6278,0.000000,0
31.5500,48.309,20.6278,20.6278,0.000000,0
31.6000,57.623,25.3750,25.3750,0.000000,0
31.6500,39.235,25.3750,25.3750,0.000000,0
31.7000,52.940,26.2695,26.2695,0.000000,0
31.7500,40.463,26.2695,26.2695,0.000000,0
31.8000,43.719,24.8949,24.8949,0.000000,0
31.8500,53.160,24.8949,24.8949,0.000000,0
31.9000,40.256,25.6010,25.6010,0.000000,0
31.9500,38.620,25.6010,25.6010,0.000000,0
32.0000,41.877,23.0917,23.0917,0.000000,0
32.0500,39.136,23.0917,23.0917,0.000000,0
32.1000,37.662,28.6797,28.6797,0.000000,0
32.1500,41.172,28.6797,28.6797,0.000000,0
32.2000,38.294,26.5014,26.5014,0.000000,0
32.2500,53.677,26.5014,26.5014,0.000000,0
32.3000,40.922,34.3222,34.3222,0.000000,0
32.3500,38.217,34.3222,34.3222,0.000000,0
32.4000,41.499,31.9122,31.9122,0.000000,0
32.4500,38.910,31.9122,31.9122,0.000000,0
32.5000,53.551,25.6812,25.6812,0.000000,0
32.5500,40.885,25.6812,25.6812,0.000000,0
32.6000,44.033,26.1179,26.1179,0.000000,0
32.6500,42.040,26.1179,26.1179,0.000000,0
32.7000,50.672,22.7047,22.7047,0.000000,0
32.7500,38.932,22.7047,22.7047,0.000000,0
32.8000,41.037,21.1084,21.1084,0.000000,0
32.8500,45.497,21.1084,21.1084,0.000000,0
32.9000,43.217,32.0106,32.0106,0.000000,0
32.9500,45.873,32.0106,32.0106,0.000000,0
33.0000,43.570,21.5007,21.5007,0.000000,0
33.0500,42.651,21.5007,21.5007,0.000000,0
33.1000,51.337,32.1414,32.1414,0.000000,0
33.1500,43.739,32.1414,32.1414,0.000000,0
33.2000,41.706,19.5311,19.5311,0.000000,0
33.2500,39.581,19.5311,19.5311,0.000000,0
33.3000,47.928,26.1487,26.1487,0.000000,0
33.3500,57.158,26.1487,26.1487,0.000000,0
33.4000,45.656,23.6997,23.6997,0.000000,0
33.4500,47.660,23.6997,23.6997,0.000000,0
33.5000,50.620,29.1325,29.1325,0.000000,0
33.5500,38.678,29.1325,29.1325,0.000000,0
33.6000,40.748,27.2608,27.2608,0.000000,0
33.6500,44.482,27.2608,27.2608,0.000000,0
33.7000,53.329,26.1943,26.1943,0.000000,0
33.7500,40.516,26.1943,26.1943,0.000000,0
33.8000,45.103,29.2633,29.2633,0.000000,0
33.8500,58.275,29.2633,29.2633,0.000000,0
33.9000,51.769,27.0585,27.0585,0.000000,0
33.9500,38.595,27.0585,27.0585,0.000000,0
34.0000,51.792,34.5414,34.5414,0.000000,0
34.0500,49.609,34.5414,34.5414,0.000000,0
34.1000,65.189,18.9211,18.9211,0.000000,0
34.1500,39.978,18.9211,18.9211,0.000000,0
34.2000,44.272,28.7284,28.7284,0.000000,0
34.2500,47.209,28.7284,28.7284,0.000000,0
34.3000,40.381,28.3083,28.3083,0.000000,0
34.3500,43.613,28.3083,28.3083,0.000000,0
34.4000,41.522,25.9664,25.9664,0.000000,0
34.4500,39.535,25.9664,25.9664,0.000000,0
34.5000,42.335,31.7559,31.7559,0.000000,0
34.5500,40.970,31.7559,31.7559,0.000000,0
34.6000,43.411,23.8353,23.8353,0.000000,0
34.6500,52.620,23.8353,23.8353,0.000000,0
34.7000,40.590,31.8457,31.8457,0.000000,0
34.7500,64.700,31.8457,31.8457,0.000000,0
34.8000,42.424,24.1505,24.1505,0.000000,0
34.8500,39.912,24.1505,24.1505,0.000000,0
34.9000,43.535,31.5132,31.5132,0.000000,0
34.9500,40.990,31.5132,31.5132,0.000000,0
35.0000,39.227,27.8573,27.8573,0.000000,0
35.0500,42.818,27.8573,27.8573,0.000000,0
35.1000,50.852,23.5925,23.5925,0.000000,0
35.1500,38.186,23.5925,23.5925,0.000000,0
35.2000,47.249,31.9218,31.9218,0.000000,0
35.2500,45.012,31.9218,31.9218,0.000000,0
35.3000,58.151,26.0987,26.0987,0.000000,0
35.3500,41.903,26.0987,26.0987,0.000000,0
35.4000,38.823,29.4026,29.4026,0.000000,0
35.4500,41.816,29.4026,29.4026,0.000000,0
35.5000,40.177,27.5761,27.5761,0.000000,0
35.5500,44.464,27.5761,27.5761,0.000000,0
35.6000,47.011,28.3182,28.3182,0.000000,0
35.6500,44.751,28.3182,28.3182,0.000000,0
35.7000,48.593,36.2675,36.2675,0.000000,0
35.7500,40.525,36.2675,36.2675,0.000000,0
35.8000,54.829,23.4303,23.4303,0.000000,0
35.8500,58.193,23.4303,23.4303,0.000000,0
35.9000,39.750,38.8546,38.8546,0.000000,0
35.9500,48.036,38.8546,38.8546,0.000000,0
36.0000,41.919,20.5991,20.5991,0.000000,0
36.0500,45.092,20.5991,20.5991,0.000000,0
36.1000,58.819,37.4234,37.4234,0.000000,0
36.1500,40.503,37.4234,37.4234,0.000000,0
36.2000,39.169,21.9033,21.9033,0.000000,0
36.2500,47.323,21.9033,21.9033,0.000000,0
36.3000,40.452,38.7432,38.7432,0.000000,0
36.3500,38.683,38.7432,38.7432,0.000000,0
36.4000,52.560,32.6870,32.6870,0.000000,0
36.4500,44.488,32.6870,32.6870,0.000000,0
36.5000,53.650,36.4830,36.4830,0.000000,0
36.5500,40.511,36.4830,36.4830,0.000000,0
36.6000,44.584,20.6146,20.6146,0.000000,0
36.6500,48.638,20.6146,20.6146,0.000000,0
36.7000,50.906,14.4119,14.4119,0.000000,0
36.7500,59.535,14.4119,14.4119,0.000000,0
36.8000,42.471,19.7793,19.7793,0.000000,0
36.8500,40.130,19.7793,19.7793,0.000000,0
36.9000,52.986,18.9746,18.9746,0.000000,0
36.9500,40.525,18.9746,18.9746,0.000000,0
37.0000,39.971,15.2757,15.2757,0.000000,0
37.0500,42.675,15.2757,15.2757,0.000000,0
37.1000,51.283,17.1496,17.1496,0.000000,0
37.1500,43.469,17.1496,17.1496,0.000000,0
37.2000,41.184,20.7372,20.7372,0.000000,0
37.2500,38.833,20.7372,20.7372,0.000000,0
37.3000,58.563,16.9122,16.9122,0.000000,0
37.3500,52.069,16.9122,16.9122,0.000000,0
37.4000,55.214,12.8333,12.8333,0.000000,0
37.4500,58.718,12.8333,12.8333,0.000000,0
37.5000,41.155,16.8539,16.8539,0.000000,0
37.5500,48.666,16.8539,16.8539,0.000000,0
37.6000,52.947,20.0505,20.0505,0.000000,0
37.6500,38.789,20.0505,20.0505,0.000000,0
37.7000,43.224,18.8722,18.8722,0.000000,0
37.7500,51.206,18.8722,18.8722,0.000000,0
37.8000,44.346,16.4356,16.4356,0.000000,0
37.8500,53.277,16.4356,16.4356,0.000000,0
37.9000,40.782,19.9275,19.9275,0.000000,0
37.9500,48.119,19.9275,19.9275,0.000000,0
38.0000,57.401,15.3158,15.3158,0.000000,0
38.0500,71.720,15.3158,15.3158,0.000000,0
38.1000,48.714,21.1324,21.1324,0.000000,0
38.1500,57.022,21.1324,21.1324,0.000000,0
38.2000,39.976,15.7720,15.7720,0.000000,0
38.2500,41.843,15.7720,15.7720,0.000000,0
38.3000,39.476,21.2109,21.2109,0.000000,0
38.3500,38.329,21.2109,21.2109,0.000000,0
38.4000,46.050,15.0681,15.0681,0.000000,0
38.4500,44.356,15.0681,15.0681,0.000000,0
38.5000,48.746,22.4783,22.4783,0.000000,0
38.5500,51.523,22.4783,22.4783,0.000000,0
38.6000,44.747,18.5847,18.5847,0.000000,0
38.6500,47.644,18.5847,18.5847,0.000000,0
38.7000,51.300,23.3665,23.3665,0.000000,0
38.7500,39.225,23.3665,23.3665,0.000000,0
38.8000,47.043,15.7683,15.7683,0.000000,0
38.8500,39.553,15.7683,15.7683,0.000000,0
38.9000,74.590,23.6570,23.6570,0.000000,0
38.9500,40.509,23.6570,23.6570,0.000000,0
39.0000,38.864,18.4575,18.4575,0.000000,0
39.0500,47.762,18.4575,18.4575,0.000000,0
39.1000,50.695,12.1729,12.1729,0.000000,0
39.1500,48.280,12.1729,12.1729,0.000000,0
39.2000,40.706,20.3215,20.3215,0.000000,0
39.2500,45.079,20.3215,20.3215,0.000000,0
39.3000,42.884,12.8134,12.8134,0.000000,0
39.3500,46.285,12.8134,12.8134,0.000000,0
39.4000,45.123,18.9231,18.9231,0.000000,0
39.4500,42.633,18.9231,18.9231,0.000000,0
39.5000,40.211,15.3345,15.3345,0.000000,0
39.5500,42.964,15.3345,15.3345,0.000000,0
39.6000,42.529,24.1129,24.1129,0.000000,0
39.6500,44.827,24.1129,24.1129,0.000000,0
39.7000,53.265,15.2987,15.2987,0.000000,0
39.7500,50.592,15.2987,15.2987,0.000000,0
39.8000,71.381,23.6143,23.6143,0.000000,0
39.8500,53.706,23.6143,23.6143,0.000000,0
39.9000,40.827,17.8551,17.8551,0.000000,0
39.9500,80.064,17.8551,17.8551,0.000000,0
40.0000,41.746,17.1215,17.1215,0.000000,0
40.0500,38.972,17.1215,17.1215,0.000000,0
40.1000,53.736,22.4154,22.4154,0.000000,0
40.1500,41.283,22.4154,22.4154,0.000000,0
40.2000,44.504,15.6566,15.6566,0.000000,0
40.2500,53.248,15.6566,15.6566,0.000000,0
40.3000,40.384,18.7494,18.7494,0.000000,0
40.3500,44.571,18.7494,18.7494,0.000000,0
40.4000,52.284,14.1882,14.1882,0.000000,0
40.4500,39.176,14.1882,14.1882,0.000000,0
40.5000,47.649,18.2409,18.2409,0.000000,0
40.5500,51.782,18.2409,18.2409,0.000000,0
40.6000,39.424,23.4638,23.4638,0.000000,0
40.6500,52.588,23.4638,23.4638,0.000000,0
40.7000,39.802,19.7561,19.7561,0.000000,0
40.7500,37.844,19.7561,19.7561,0.000000,0
40.8000,52.170,21.8517,21.8517,0.000000,0
40.8500,50.328,21.8517,21.8517,0.000000,0
40.9000,69.402,11.0651,11.0651,0.000000,0
40.9500,50.733,11.0651,11.0651,0.000000,0
41.0000,44.229,24.7870,24.7870,0.000000,0
41.0500,90.296,24.7870,24.7870,0.000000,0
41.1000,50.297,21.5127,21.5127,0.000000,0
41.1500,53.474,21.5127,21.5127,0.000000,0
41.2000,41.370,29.2250,29.2250,0.000000,0
41.2500,39.613,29.2250,29.2250,0.000000,0
41.3000,53.067,27.6576,27.6576,0.000000,0
41.3500,40.569,27.6576,27.6576,0.000000,0
41.4000,59.962,23.4793,23.4793,0.000000,0
41.4500,41.528,23.4793,23.4793,0.000000,0
41.5000,50.250,28.2712,28.2712,0.000000,0
41.5500,100.421,28.2712,28.2712,0.000000,0
41.6000,60.202,29.3987,29.3987,0.000000,0
41.6500,33.006,29.3987,29.3987,0.000000,0
41.7000,40.716,32.5308,32.5308,0.000000,0
41.7500,34.566,32.5308,32.5308,0.000000,0
41.8000,31.042,29.7364,29.7364,0.000000,0
41.8500,29.897,29.7364,29.7364,0.000000,0
41.9000,44.003,28.8506,28.8506,0.000000,0
41.9500,42.073,28.8506,28.8506,0.000000,0
42.0000,28.390,30.7175,30.7175,0.000000,0
42.0500,31.813,30.7175,30.7175,0.000000,0
42.1000,30.078,29.1919,29.1919,0.000000,0
42.1500,43.964,29.1919,29.1919,0.000000,0
42.2000,53.390,24.1939,24.1939,0.000000,0
42.2500,29.809,24.1939,24.1939,0.000000,0
42.3000,32.505,32.0099,32.0099,0.000000,0
42.3500,36.997,32.0099,32.0099,0.000000,0
42.4000,34.608,32.2234,32.2234,0.000000,0
42.4500,37.506,32.2234,32.2234,0.000000,0
42.5000,30.219,28.8278,28.8278,0.000000,0
42.5500,28.576,28.8278,28.8278,0.000000,0
42.6000,32.182,27.3063,27.3063,0.000000,0
42.6500,40.444,27.3063,27.3063,0.000000,0
42.7000,33.993,34.4486,34.4486,0.000000,0
42.7500,42.753,34.4486,34.4486,0.000000,0
42.8000,34.356,29.5649,29.5649,0.000000,0
42.8500,44.126,29.5649,29.5649,0.000000,0
42.9000,30.531,40.0718,40.0718,0.000000,0
42.9500,29.509,40.0718,40.0718,0.000000,0
43.0000,32.149,20.1061,20.1061,0.000000,0
43.0500,35.758,20.1061,20.1061,0.000000,0
43.1000,23.210,28.9401,28.9401,0.000000,0
43.1500,31.436,28.9401,28.9401,0.000000,0
43.2000,28.832,29.7453,29.7453,0.000000,0
43.2500,43.642,29.7453,29.7453,0.000000,0
43.3000,31.404,36.5762,36.5762,0.000000,0
43.3500,29.298,36.5762,36.5762,0.000000,0
43.4000,43.763,24.6756,24.6756,0.000000,0
43.4500,30.543,24.6756,24.6756,0.000000,0
43.5000,33.430,30.7858,30.7858,0.000000,0
43.5500,30.976,30.7858,30.7858,0.000000,0
43.6000,40.290,36.2538,36.2538,0.000000,0
43.6500,54.632,36.2538,36.2538,0.000000,0
43.7000,31.255,24.5223,24.5223,0.000000,0
43.7500,33.802,24.5223,24.5223,0.000000,0
43.8000,32.859,32.6336,32.6336,0.000000,0
43.8500,30.178,32.6336,32.6336,0.000000,0
43.9000,55.646,34.5258,34.5258,0.000000,0
43.9500,41.581,34.5258,34.5258,0.000000,0
44.0000,34.825,35.2292,35.2292,0.000000,0
44.0500,54.546,35.2292,35.2292,0.000000,0
44.1000,30.338,37.2850,37.2850,0.000000,0
44.1500,33.598,37.2850,37.2850,0.000000,0
44.2000,32.315,26.6233,26.6233,0.000000,0
44.2500,40.105,26.6233,26.6233,0.000000,0
44.3000,33.535,40.2092,40.2092,0.000000,0
44.3500,31.412,40.2092,40.2092,0.000000,0
44.4000,28.558,34.3569,34.3569,0.000000,0
44.4500,32.117,34.3569,34.3569,0.000000,0
44.5000,29.625,26.3968,26.3968,0.000000,0
44.5500,33.946,26.3968,26.3968,0.000000,0
44.6000,42.489,28.0468,28.0468,0.000000,0
44.6500,35.437,28.0468,28.0468,0.000000,0
44.7000,43.370,36.5140,36.5140,0.000000,0
44.7500,30.598,36.5140,36.5140,0.000000,0
44.8000,34.455,28.7880,28.7880,0.000000,0
44.8500,33.131,28.7880,28.7880,0.000000,0
44.9000,68.132,31.0241,31.0241,0.000000,0
44.9500,32.739,31.0241,31.0241,0.000000,0
45.0000,31.548,38.6093,38.6093,0.000000,0
45.0500,40.530,38.6093,38.6093,0.000000,0
45.1000,44.481,36.7217,36.7217,0.000000,0
45.1500,41.475,36.7217,36.7217,0.000000,0
45.2000,35.241,34.7867,34.7867,0.000000,0
45.2500,43.619,34.7867,34.7867,0.000000,0
45.3000,52.634,41.4279,41.4279,0.000000,0
45.3500,28.690,41.4279,41.4279,0.000000,0
45.4000,42.043,28.6616,28.6616,0.000000,0
45.4500,35.399,28.6616,28.6616,0.000000,0
45.5000,38.527,42.8495,42.8495,0.000000,0
45.5500,41.532,42.8495,42.8495,0.000000,0
45.6000,29.307,32.9643,32.9643,0.000000,0
45.6500,36.688,32.9643,32.9643,0.000000,0
45.7000,30.725,37.6270,37.6270,0.000000,0
45.7500,33.697,37.6270,37.6270,0.000000,0
45.8000,31.519,45.0677,45.0677,0.000000,0
45.8500,30.197,45.0677,45.0677,0.000000,0
45.9000,28.305,25.1073,25.1073,0.000000,0
45.9500,30.999,25.1073,25.1073,0.000000,0
46.0000,40.476,51.1645,51.1645,0.000000,0
46.0500,49.485,51.1645,51.1645,0.000000,0
46.1000,52.844,31.6382,31.6382,0.000000,0
46.1500,29.068,31.6382,31.6382,0.000000,0
46.2000,42.449,40.4766,40.4766,0.000000,0
46.2500,41.064,40.4766,40.4766,0.000000,0
46.3000,54.234,35.2523,35.2523,0.000000,0
46.3500,43.035,35.2523,35.2523,0.000000,0
46.4000,29.768,44.9748,44.9748,0.000000,0
46.4500,33.880,44.9748,44.9748,0.000000,0
46.5000,31.092,38.0403,38.0403,0.000000,0
46.5500,44.981,38.0403,38.0403,0.000000,0
46.6000,36.670,44.3788,44.3788,0.000000,0
46.6500,50.495,44.3788,44.3788,0.000000,0
46.7000,33.819,34.3809,34.3809,0.000000,0
46.7500,31.554,34.3809,34.3809,0.000000,0
46.8000,45.428,56.0140,56.0140,0.000000,0
46.8500,43.665,56.0140,56.0140,0.000000,0
46.9000,52.677,44.3762,44.3762,0.000000,0
46.9500,28.718,44.3762,44.3762,0.000000,0
47.0000,31.312,50.9168,50.9168,0.000000,0
47.0500,35.655,50.9168,50.9168,0.000000,0
47.1000,43.778,31.8752,31.8752,0.000000,0
47.1500,31.089,31.8752,31.8752,0.000000,0
47.2000,44.683,47.7698,47.7698,0.000000,0
47.2500,42.383,47.7698,47.7698,0.000000,0
47.3000,30.622,50.4682,50.4682,0.000000,0
47.3500,45.361,50.4682,50.4682,0.000000,0
47.4000,43.667,51.5814,51.5814,0.000000,0
47.4500,40.480,51.5814,51.5814,0.000000,0
47.5000,44.757,55.9604,55.9604,0.000000,0
47.5500,42.559,55.9604,55.9604,0.000000,0
47.6000,45.787,40.6752,40.6752,0.000000,0
47.6500,31.666,40.6752,40.6752,0.000000,0
47.7000,30.395,28.2543,28.2543,0.000000,0
47.7500,43.779,28.2543,28.2543,0.000000,0
47.8000,31.132,41.0741,41.0741,0.000000,0
47.8500,29.688,41.0741,41.0741,0.000000,0
47.9000,33.785,30.1936,30.1936,0.000000,0
47.9500,30.541,30.1936,30.1936,0.000000,0
48.0000,29.903,37.2102,37.2102,0.000000,0
48.0500,38.064,37.2102,37.2102,0.000000,0
48.1000,41.633,44.6155,44.6155,0.000000,0
48.1500,38.066,44.6155,44.6155,0.000000,0
48.2000,31.027,35.0456,35.0456,0.000000,0
48.2500,35.744,35.0456,35.0456,0.000000,0
48.3000,33.793,45.5079,45.5079,0.000000,0
48.3500,31.705,45.5079,45.5079,0.000000,0
48.4000,40.410,45.0583,45.0583,0.000000,0
48.4500,38.340,45.0583,45.0583,0.000000,0
48.5000,30.882,47.1977,47.1977,0.000000,0
48.5500,34.707,47.1977,47.1977,0.000000,0
48.6000,52.863,43.3537,43.3537,0.000000,0
48.6500,35.932,43.3537,43.3537,0.000000,0
48.7000,44.916,47.5617,47.5617,0.000000,0
48.7500,31.597,47.5617,47.5617,0.000000,0
48.8000,34.657,36.8289,36.8289,0.000000,0
48.8500,43.970,36.8289,36.8289,0.000000,0
48.9000,30.163,48.4386,48.4386,0.000000,0
48.9500,28.532,48.4386,48.4386,0.000000,0
49.0000,32.822,49.8955,49.8955,0.000000,0
49.0500,29.274,49.8955,49.8955,0.000000,0
49.1000,28.333,46.1954,46.1954,0.000000,0
49.1500,41.695,46.1954,46.1954,0.000000,0
49.2000,51.439,37.6000,37.6000,0.000000,0
49.2500,32.563,37.6000,37.6000,0.000000,0
49.3000,41.642,53.0848,53.0848,0.000000,0
49.3500,28.570,53.0848,53.0848,0.000000,0
49.4000,42.914,44.1527,44.1527,0.000000,0
49.4500,40.856,44.1527,44.1527,0.000000,0
49.5000,28.346,49.5395,49.5395,0.000000,0
49.5500,30.972,49.5395,49.5395,0.000000,0
49.6000,29.342,49.7988,49.7988,0.000000,0
49.6500,31.822,49.7988,49.7988,0.000000,0
49.7000,35.890,55.9681,55.9681,0.000000,0
49.7500,28.284,55.9681,55.9681,0.000000,0
49.8000,32.140,39.1966,39.1966,0.000000,0
49.8500,35.888,39.1966,39.1966,0.000000,0
49.9000,44.041,59.1129,59.1129,0.000000,0
49.9500,52.741,59.1129,59.1129,0.000000,0
50.0000,30.213,50.7909,50.7909,0.000000,0
50.0500,54.803,50.7909,50.7909,0.000000,0
50.1000,41.685,54.0677,54.0677,0.000000,0
50.1500,29.383,54.0677,54.0677,0.000000,0
50.2000,42.525,54.8557,54.8557,0.000000,0
50.2500,35.148,54.8557,54.8557,0.000000,0
50.3000,28.598,58.6361,58.6361,0.000000,0
50.3500,31.419,58.6361,58.6361,0.000000,0
50.4000,29.765,48.6488,48.6488,0.000000,0
50.4500,43.649,48.6488,48.6488,0.000000,0
50.5000,52.390,45.2360,45.2360,0.000000,0
50.5500,34.224,45.2360,45.2360,0.000000,0
50.6000,31.626,63.9059,63.9059,0.000000,0
50.6500,29.943,63.9059,63.9059,0.000000,0
50.7000,37.704,51.4955,51.4955,0.000000,0
50.7500,31.321,51.4955,51.4955,0.000000,0
50.8000,28.842,60.6027,60.6027,0.000000,0
50.8500,27.381,60.6027,60.6027,0.000000,0
50.9000,30.519,46.8259,46.8259,0.000000,0
50.9500,34.341,46.8259,46.8259,0.000000,0
51.0000,32.610,56.4313,56.4313,0.000000,0
51.0500,40.872,56.4313,56.4313,0.000000,0
51.1000,39.023,41.2118,41.2118,0.000000,0
51.1500,30.368,41.2118,41.2118,0.000000,0
51.2000,29.130,51.0041,51.0041,0.000000,0
51.2500,42.821,51.0041,51.0041,0.000000,0
51.3000,30.762,68.6932,68.6932,0.000000,0
51.3500,28.667,68.6932,68.6932,0.000000,0
51.4000,32.026,43.3589,43.3589,0.000000,0
51.4500,35.488,43.3589,43.3589,0.000000,0
51.5000,38.893,55.3018,55.3018,0.000000,0
51.5500,41.604,55.3018,55.3018,0.000000,0
51.6000,35.055,48.1102,48.1102,0.000000,0
51.6500,32.491,48.1102,48.1102,0.000000,0
51.7000,31.074,56.6761,56.6761,0.000000,0
51.7500,39.708,56.6761,56.6761,0.000000,0
51.8000,30.737,62.7229,62.7229,0.000000,0
51.8500,29.467,62.7229,62.7229,0.000000,0
51.9000,33.913,42.4712,42.4712,0.000000,0
51.9500,30.523,42.4712,42.4712,0.000000,0
52.0000,29.493,50.4316,50.4316,0.000000,0
52.0500,33.013,50.4316,50.4316,0.000000,0
52.1000,31.171,60.1462,60.1462,0.000000,0
52.1500,31.288,60.1462,60.1462,0.000000,0
52.2000,32.279,51.0614,51.0614,0.000000,0
52.2500,39.957,51.0614,51.0614,0.000000,0
52.3000,33.806,40.8707,40.8707,0.000000,0
52.3500,42.204,40.8707,40.8707,0.000000,0
52.4000,28.572,60.7360,60.7360,0.000000,0
52.4500,33.334,60.7360,60.7360,0.000000,0
52.5000,30.646,47.7670,47.7670,0.000000,0
52.5500,33.744,47.7670,47.7670,0.000000,0
52.6000,42.586,56.6738,56.6738,0.000000,0
52.6500,40.279,56.6738,56.6738,0.000000,0
52.7000,49.635,50.2108,50.2108,0.000000,0
52.7500,31.784,50.2108,50.2108,0.000000,0
52.8000,29.041,50.4412,50.4412,0.000000,0
52.8500,33.528,50.4412,50.4412,0.000000,0
52.9000,41.671,57.0963,57.0963,0.000000,0
52.9500,45.130,57.0963,57.0963,0.000000,0
53.0000,63.481,28.5914,28.5914,0.000000,0
53.0500,29.383,28.5914,28.5914,0.000000,0
53.1000,33.832,61.4210,61.4210,0.000000,0
53.1500,31.422,61.4210,61.4210,0.000000,0
53.2000,29.091,48.3540,48.3540,0.000000,0
53.2500,32.234,48.3540,48.3540,0.000000,0
53.3000,40.363,44.1527,44.1527,0.000000,0
53.3500,34.618,44.1527,44.1527,0.000000,0
53.4000,31.606,43.4687,43.4687,0.000000,0
53.4500,35.523,43.4687,43.4687,0.000000,0
53.5000,38.403,52.5278,52.5278,0.000000,0
53.5500,31.077,52.5278,52.5278,0.000000,0
53.6000,29.631,34.0846,34.0846,0.000000,0
53.6500,43.639,34.0846,34.0846,0.000000,0
53.7000,52.151,45.1014,45.1014,0.000000,0
53.7500,28.376,45.1014,45.1014,0.000000,0
53.8000,31.880,37.9438,37.9438,0.000000,0
53.8500,41.108,37.9438,37.9438,0.000000,0
53.9000,44.859,26.4062,26.4062,0.000000,0
53.9500,41.563,26.4062,26.4062,0.000000,0
54.0000,45.949,44.7803,44.7803,0.000000,0
54.0500,32.190,44.7803,44.7803,0.000000,0
54.1000,30.550,31.1294,31.1294,0.000000,0
54.1500,33.996,31.1294,31.1294,0.000000,0
54.2000,32.591,38.4149,38.4149,0.000000,0
54.2500,40.925,38.4149,38.4149,0.000000,0
54.3000,44.740,47.1344,47.1344,0.000000,0
54.3500,31.928,47.1344,47.1344,0.000000,0
54.4000,35.149,40.4106,40.4106,0.000000,0
54.4500,37.787,40.4106,40.4106,0.000000,0
54.5000,30.818,33.4534,33.4534,0.000000,0
54.5500,34.662,33.4534,33.4534,0.000000,0
54.6000,31.786,47.8421,47.8421,0.000000,0
54.6500,35.606,47.8421,47.8421,0.000000,0
54.7000,43.669,44.1611,44.1611,0.000000,0
54.7500,42.549,44.1611,44.1611,0.000000,0
54.8000,28.586,41.8272,41.8272,0.000000,0
54.8500,43.485,41.8272,41.8272,0.000000,0
54.9000,30.558,42.8032,42.8032,0.000000,0
54.9500,33.792,42.8032,42.8032,0.000000,0
55.0000,31.246,46.8367,46.8367,0.000000,0
55.0500,29.877,46.8367,46.8367,0.000000,0
55.1000,44.508,36.0078,36.0078,0.000000,0
55.1500,53.035,36.0078,36.0078,0.000000,0
55.2000,28.505,35.8687,35.8687,0.000000,0
55.2500,48.511,35.8687,35.8687,0.000000,0
55.3000,35.820,40.1923,40.1923,0.000000,0
55.3500,28.904,40.1923,40.1923,0.000000,0
55.4000,37.458,47.3339,47.3339,0.000000,0
55.4500,40.658,47.3339,47.3339,0.000000,0
55.5000,33.442,41.5475,41.5475,0.000000,0
55.5500,42.391,41.5475,41.5475,0.000000,0
55.6000,34.218,39.7708,39.7708,0.000000,0
55.6500,32.959,39.7708,39.7708,0.000000,0
55.7000,29.849,51.6304,51.6304,0.000000,0
55.7500,27.991,51.6304,51.6304,0.000000,0
55.8000,32.537,44.6146,44.6146,0.000000,0
55.8500,45.801,44.6146,44.6146,0.000000,0
55.9000,44.577,14.8554,14.8554,0.000000,0
55.9500,63.671,14.8554,14.8554,0.000000,0
56.0000,29.590,54.7622,54.7622,0.000000,0
56.0500,43.218,54.7622,54.7622,0.000000,0
56.1000,30.644,35.4299,35.4299,0.000000,0
56.1500,33.697,35.4299,35.4299,0.000000,0
56.2000,42.283,47.8129,47.8129,0.000000,0
56.2500,34.795,47.8129,47.8129,0.000000,0
56.3000,53.200,44.4812,44.4812,0.000000,0
56.3500,31.533,44.4812,44.4812,0.000000,0
56.4000,34.662,49.3689,49.3689,0.000000,0
56.4500,32.424,49.3689,49.3689,0.000000,0
56.5000,41.803,57.7785,57.7785,0.000000,0
56.5500,96.933,57.7785,57.7785,0.000000,0
56.6000,76.635,40.3108,40.3108,0.000000,0
56.6500,33.548,40.3108,40.3108,0.000000,0
56.7000,47.112,50.0461,50.0461,0.000000,0
56.7500,46.993,50.0461,50.0461,0.000000,0
56.8000,56.804,40.8626,40.8626,0.000000,0
56.8500,36.997,40.8626,40.8626,0.000000,0
56.9000,36.602,55.7479,55.7479,0.000000,0
56.9500,29.354,55.7479,55.7479,0.000000,0
57.0000,33.586,49.9257,49.9257,0.000000,0
57.0500,39.453,49.9257,49.9257,0.000000,0
57.1000,26.521,44.5586,44.5586,0.000000,0
57.1500,30.306,44.5586,44.5586,0.000000,0
57.2000,33.879,54.7125,54.7125,0.000000,0
57.2500,50.039,54.7125,54.7125,0.000000,0
57.3000,35.584,44.3730,44.3730,0.000000,0
57.3500,37.257,44.3730,44.3730,0.000000,0
57.4000,53.369,40.3283,40.3283,0.000000,0
57.4500,52.728,40.3283,40.3283,0.000000,0
57.5000,29.227,53.6510,53.6510,0.000000,0
57.5500,27.393,53.6510,53.6510,0.000000,0
57.6000,33.356,54.4753,54.4753,0.000000,0
57.6500,36.867,54.4753,54.4753,0.000000,0
57.7000,39.567,51.1687,51.1687,0.000000,0
57.7500,35.903,51.1687,51.1687,0.000000,0
57.8000,40.554,50.5551,50.5551,0.000000,0
57.8500,36.893,50.5551,50.5551,0.000000,0
57.9000,43.477,56.5616,56.5616,0.000000,0
57.9500,39.178,56.5616,56.5616,0.000000,0
58.0000,39.639,40.0546,40.0546,0.000000,0
58.0500,53.696,40.0546,40.0546,0.000000,0
58.1000,40.059,55.6989,55.6989,0.000000,0
58.1500,30.159,55.6989,55.6989,0.000000,0
58.2000,26.081,52.7865,52.7865,0.000000,0
58.2500,36.136,52.7865,52.7865,0.000000,0
58.3000,30.074,35.9197,35.9197,0.000000,0
58.3500,35.774,35.9197,35.9197,0.000000,0
58.4000,36.158,61.0735,61.0735,0.000000,0
58.4500,43.146,61.0735,61.0735,0.000000,0
58.5000,32.514,60.7942,60.7942,0.000000,0
58.5500,32.946,60.7942,60.7942,0.000000,0
58.6000,26.116,64.4780,64.4780,0.000000,0
58.6500,29.436,64.4780,64.4780,0.000000,0
58.7000,37.078,38.9785,38.9785,0.000000,0
58.7500,33.674,38.9785,38.9785,0.000000,0
58.8000,26.896,48.8862,48.8862,0.000000,0
58.8500,50.622,48.8862,48.8862,0.000000,0
58.9000,30.118,59.3631,59.3631,0.000000,0
58.9500,40.186,59.3631,59.3631,0.000000,0
59.0000,57.085,49.6599,49.6599,0.000000,0
59.0500,36.168,49.6599,49.6599,0.000000,0
59.1000,33.691,53.5286,53.5286,0.000000,0
59.1500,39.584,53.5286,53.5286,0.000000,0
59.2000,37.259,62.5315,62.5315,0.000000,0
59.2500,30.281,62.5315,62.5315,0.000000,0
59.3000,50.307,43.3261,43.3261,0.000000,0
59.3500,29.875,43.3261,43.3261,0.000000,0
59.4000,32.637,43.8561,43.8561,0.000000,0
59.4500,41.918,43.8561,43.8561,0.000000,0
59.5000,43.610,60.6933,60.6933,0.000000,0
59.5500,35.877,60.6933,60.6933,0.000000,0
59.6000,26.977,41.9925,41.9925,0.000000,0
59.6500,27.232,41.9925,41.9925,0.000000,0
59.7000,36.996,56.8558,56.8558,0.000000,0
59.7500,40.354,56.8558,56.8558,0.000000,0
59.8000,33.101,55.7206,55.7206,0.000000,0
59.8500,37.076,55.7206,55.7206,0.000000,0
59.9000,37.210,48.3540,48.3540,0.000000,0
59.9500,50.462,48.3540,48.3540,0.000000,0
60.0000,36.185,59.0523,59.0523,0.000000,0
60.0500,34.130,59.0523,59.0523,0.000000,0
60.1000,32.697,54.6763,54.6763,0.000000,0
60.1500,30.098,54.6763,54.6763,0.000000,0
60.2000,29.394,49.4678,49.4678,0.000000,0
60.2500,26.765,49.4678,49.4678,0.000000,0
60.3000,28.836,51.1365,51.1365,0.000000,0
60.3500,35.829,51.1365,51.1365,0.000000,0
60.4000,29.080,55.3398,55.3398,0.000000,0
60.4500,37.009,55.3398,55.3398,0.000000,0
60.5000,32.539,60.0088,60.0088,0.000000,0
60.5500,36.348,60.0088,60.0088,0.000000,0
60.6000,28.658,56.1149,56.1149,0.000000,0
60.6500,30.246,56.1149,56.1149,0.000000,0
60.7000,36.745,46.6320,46.6320,0.000000,0
60.7500,37.351,46.6320,46.6320,0.000000,0
60.8000,36.710,47.5350,47.5350,0.000000,0
60.8500,29.477,47.5350,47.5350,0.000000,0
60.9000,37.018,40.2754,40.2754,0.000000,0
60.9500,49.844,40.2754,40.2754,0.000000,0
61.0000,25.964,33.8989,33.8989,0.000000,0
61.0500,36.350,33.8989,33.8989,0.000000,0
61.1000,35.733,43.6852,43.6852,0.000000,0
61.1500,32.323,43.6852,43.6852,0.000000,0
61.2000,33.781,42.4354,42.4354,0.000000,0
61.2500,36.252,42.4354,42.4354,0.000000,0
61.3000,32.717,38.1339,38.1339,0.000000,0
61.3500,29.720,38.1339,38.1339,0.000000,0
61.4000,29.405,45.9603,45.9603,0.000000,0
61.4500,35.940,45.9603,45.9603,0.000000,0
61.5000,36.540,38.1165,38.1165,0.000000,0
61.5500,33.640,38.1165,38.1165,0.000000,0
61.6000,26.074,47.0879,47.0879,0.000000,0
61.6500,30.273,47.0879,47.0879,0.000000,0
61.7000,36.392,48.5415,48.5415,0.000000,0
61.7500,30.099,48.5415,48.5415,0.000000,0
61.8000,33.049,37.6274,37.6274,0.000000,0
61.8500,36.572,37.6274,37.6274,0.000000,0
61.9000,32.600,48.0075,48.0075,0.000000,0
61.9500,46.547,48.0075,48.0075,0.000000,0
62.0000,32.297,48.9607,48.9607,0.000000,0
62.0500,33.629,48.9607,48.9607,0.000000,0
62.1000,33.528,52.9683,52.9683,0.000000,0
62.1500,33.595,52.9683,52.9683,0.000000,0
62.2000,25.960,45.9351,45.9351,0.000000,0
62.2500,47.151,45.9351,45.9351,0.000000,0
62.3000,32.779,52.4757,52.4757,0.000000,0
62.3500,36.624,52.4757,52.4757,0.000000,0
62.4000,39.969,47.1207,47.1207,0.000000,0
62.4500,32.785,47.1207,47.1207,0.000000,0
62.5000,39.233,53.6231,53.6231,0.000000,0
62.5500,42.634,53.6231,53.6231,0.000000,0
62.6000,39.391,39.6371,39.6371,0.000000,0
62.6500,30.626,39.6371,39.6371,0.000000,0
62.7000,27.230,52.1896,52.1896,0.000000,0
62.7500,26.425,52.1896,52.1896,0.000000,0
62.8000,27.572,48.1247,48.1247,0.000000,0
62.8500,29.407,48.1247,48.1247,0.000000,0
62.9000,26.962,46.6297,46.6297,0.000000,0
62.9500,37.057,46.6297,46.6297,0.000000,0
63.0000,33.713,56.6836,56.6836,0.000000,0
63.0500,37.199,56.6836,56.6836,0.000000,0
63.1000,36.295,51.5800,51.5800,0.000000,0
63.1500,32.822,51.5800,51.5800,0.000000,0
63.2000,32.746,57.5462,57.5462,0.000000,0
63.2500,36.599,57.5462,57.5462,0.000000,0
63.3000,33.705,50.0330,50.0330,0.000000,0
63.3500,37.320,50.0330,50.0330,0.000000,0
63.4000,47.412,45.1274,45.1274,0.000000,0
63.4500,30.214,45.1274,45.1274,0.000000,0
63.5000,30.523,48.4850,48.4850,0.000000,0
63.5500,26.936,48.4850,48.4850,0.000000,0
63.6000,36.854,47.6331,47.6331,0.000000,0
63.6500,27.433,47.6331,47.6331,0.000000,0
63.7000,35.967,53.5354,53.5354,0.000000,0
63.7500,37.308,53.5354,53.5354,0.000000,0
63.8000,30.493,57.8767,57.8767,0.000000,0
63.8500,36.609,57.8767,57.8767,0.000000,0
63.9000,26.891,55.4052,55.4052,0.000000,0
63.9500,37.311,55.4052,55.4052,0.000000,0
64.0000,46.849,44.4875,44.4875,0.000000,0
64.0500,42.808,44.4875,44.4875,0.000000,0
64.1000,25.816,51.2507,51.2507,0.000000,0
64.1500,33.613,51.2507,51.2507,0.000000,0
64.2000,37.307,58.7787,58.7787,0.000000,0
64.2500,26.032,58.7787,58.7787,0.000000,0
64.3000,50.106,37.1596,37.1596,0.000000,0
64.3500,37.282,37.1596,37.1596,0.000000,0
64.4000,27.452,58.3452,58.3452,0.000000,0
64.4500,30.620,58.3452,58.3452,0.000000,0
64.5000,26.492,40.7936,40.7936,0.000000,0
64.5500,26.666,40.7936,40.7936,0.000000,0
64.6000,33.000,45.2754,45.2754,0.000000,0
64.6500,29.949,45.2754,45.2754,0.000000,0
64.7000,40.313,53.9001,53.9001,0.000000,0
64.7500,26.936,53.9001,53.9001,0.000000,0
64.8000,25.851,53.5201,53.5201,0.000000,0
64.8500,30.536,53.5201,53.5201,0.000000,0
64.9000,29.986,43.1519,43.1519,0.000000,0
64.9500,43.840,43.1519,43.1519,0.000000,0
65.0000,39.393,55.1700,55.1700,0.000000,0
65.0500,40.127,55.1700,55.1700,0.000000,0
65.1000,27.144,39.1821,39.1821,0.000000,0
65.1500,77.280,39.1821,39.1821,0.000000,0
65.2000,47.174,58.6041,58.6041,0.000000,0
65.2500,29.632,58.6041,58.6041,0.000000,0
65.3000,29.537,50.8118,50.8118,0.000000,0
65.3500,30.011,50.8118,50.8118,0.000000,0
65.4000,29.688,53.4090,53.4090,0.000000,0
65.4500,33.560,53.4090,53.4090,0.000000,0
65.5000,27.416,59.6729,59.6729,0.000000,0
65.5500,40.200,59.6729,59.6729,0.000000,0
65.6000,36.456,60.7993,60.7993,0.000000,0
65.6500,39.260,60.7993,60.7993,0.000000,0
65.7000,40.329,56.0286,56.0286,0.000000,0
65.7500,43.745,56.0286,56.0286,0.000000,0
65.8000,53.183,50.6141,50.6141,0.000000,0
65.8500,30.427,50.6141,50.6141,0.000000,0
65.9000,26.043,41.0205,41.0205,0.000000,0
65.9500,29.806,41.0205,41.0205,0.000000,0
66.0000,27.006,49.6773,49.6773,0.000000,0
66.0500,36.565,49.6773,49.6773,0.000000,0
66.1000,27.359,57.1435,57.1435,0.000000,0
66.1500,48.482,57.1435,57.1435,0.000000,0
66.2000,33.436,56.7910,56.7910,0.000000,0
66.2500,33.065,56.7910,56.7910,0.000000,0
66.3000,33.412,62.2476,62.2476,0.000000,0
66.3500,30.380,62.2476,62.2476,0.000000,0
66.4000,26.107,52.8266,52.8266,0.000000,0
66.4500,32.821,52.8266,52.8266,0.000000,0
66.5000,39.467,64.1849,64.1849,0.000000,0
66.5500,36.119,64.1849,64.1849,0.000000,0
66.6000,26.621,59.1579,59.1579,0.000000,0
66.6500,36.273,59.1579,59.1579,0.000000,0
66.7000,47.282,43.0679,43.0679,0.000000,0
66.7500,36.780,43.0679,43.0679,0.000000,0
66.8000,29.359,50.0407,50.0407,0.000000,0
66.8500,43.299,50.0407,50.0407,0.000000,0
66.9000,40.325,46.2087,46.2087,0.000000,0
66.9500,29.781,46.2087,46.2087,0.000000,0
67.0000,26.821,31.0079,31.0079,0.000000,0
67.0500,29.868,31.0079,31.0079,0.000000,0
67.1000,40.306,56.3161,56.3161,0.000000,0
67.1500,27.200,56.3161,56.3161,0.000000,0
67.2000,30.170,45.5492,45.5492,0.000000,0
67.2500,30.728,45.5492,45.5492,0.000000,0
67.3000,26.513,33.6841,33.6841,0.000000,0
67.3500,43.747,33.6841,33.6841,0.000000,0
67.4000,39.458,28.8379,28.8379,0.000000,0
67.4500,26.621,28.8379,28.8379,0.000000,0
67.5000,25.960,24.9380,24.9380,0.000000,0
67.5500,32.647,24.9380,24.9380,0.000000,0
67.6000,36.454,39.8730,39.8730,0.000000,0
67.6500,33.710,39.8730,39.8730,0.000000,0
67.7000,30.658,32.2263,32.2263,0.000000,0
67.7500,26.762,32.2263,32.2263,0.000000,0
67.8000,30.457,31.0555,31.0555,0.000000,0
67.8500,30.434,31.0555,31.0555,0.000000,0
67.9000,29.575,33.3371,33.3371,0.000000,0
67.9500,29.604,33.3371,33.3371,0.000000,0
68.0000,40.153,32.4627,32.4627,0.000000,0
68.0500,26.462,32.4627,32.4627,0.000000,0
68.1000,32.890,24.6177,24.6177,0.000000,0
68.1500,36.379,24.6177,24.6177,0.000000,0
68.2000,26.850,37.7074,37.7074,0.000000,0
68.2500,36.419,37.7074,37.7074,0.000000,0
68.3000,32.897,33.2771,33.2771,0.000000,0
68.3500,29.363,33.2771,33.2771,0.000000,0
68.4000,39.604,33.5953,33.5953,0.000000,0
68.4500,36.582,33.5953,33.5953,0.000000,0
68.5000,26.657,31.9994,31.9994,0.000000,0
68.5500,39.988,31.9994,31.9994,0.000000,0
68.6000,36.288,30.5568,30.5568,0.000000,0
68.6500,32.837,30.5568,30.5568,0.000000,0
68.7000,36.447,36.5989,36.5989,0.000000,0
68.7500,50.519,36.5989,36.5989,0.000000,0
68.8000,29.730,35.4908,35.4908,0.000000,0
68.8500,36.707,35.4908,35.4908,0.000000,0
68.9000,36.647,40.3574,40.3574,0.000000,0
68.9500,30.514,40.3574,40.3574,0.000000,0
69.0000,36.791,38.3571,38.3571,0.000000,0
69.0500,26.536,38.3571,38.3571,0.000000,0
69.1000,39.891,30.1122,30.1122,0.000000,0
69.1500,29.572,30.1122,30.1122,0.000000,0
69.2000,35.987,37.1950,37.1950,0.000000,0
69.2500,29.569,37.1950,37.1950,0.000000,0
69.3000,36.377,36.2052,36.2052,0.000000,0
69.3500,37.243,36.2052,36.2052,0.000000,0
69.4000,33.913,27.0634,27.0634,0.000000,0
69.4500,29.725,27.0634,27.0634,0.000000,0
69.5000,32.611,31.1315,31.1315,0.000000,0
69.5500,35.935,31.1315,31.1315,0.000000,0
69.6000,26.262,40.2977,40.2977,0.000000,0
69.6500,29.470,40.2977,40.2977,0.000000,0
69.7000,29.297,31.1365,31.1365,0.000000,0
69.7500,36.254,31.1365,31.1365,0.000000,0
69.8000,28.846,34.2942,34.2942,0.000000,0
69.8500,37.077,34.2942,34.2942,0.000000,0
69.9000,43.906,37.0523,37.0523,0.000000,0
69.9500,34.014,37.0523,37.0523,0.000000,0
70.0000,43.355,34.4929,34.4929,0.000000,0
70.0500,42.936,34.4929,34.4929,0.000000,0
70.1000,39.628,34.2978,34.2978,0.000000,0
70.1500,32.951,34.2978,34.2978,0.000000,0
70.2000,32.880,31.2955,31.2955,0.000000,0
70.2500,33.733,31.2955,31.2955,0.000000,0
70.3000,33.342,33.6242,33.6242,0.000000,0
70.3500,36.108,33.6242,33.6242,0.000000,0
70.4000,29.937,26.8056,26.8056,0.000000,0
70.4500,46.653,26.8056,26.8056,0.000000,0
70.5000,33.058,36.8965,36.8965,0.000000,0
70.5500,33.053,36.8965,36.8965,0.000000,0
70.6000,36.551,33.5118,33.5118,0.000000,0
70.6500,36.629,33.5118,33.5118,0.000000,0
70.7000,29.844,35.2510,35.2510,0.000000,0
70.7500,32.489,35.2510,35.2510,0.000000,0
70.8000,39.824,38.6429,38.6429,0.000000,0
70.8500,29.538,38.6429,38.6429,0.000000,0
70.9000,26.976,16.8470,16.8470,0.000000,0
70.9500,43.331,16.8470,16.8470,0.000000,0
71.0000,47.075,41.2930,41.2930,0.000000,0
71.0500,36.592,41.2930,41.2930,0.000000,0
71.1000,33.238,43.0315,43.0315,0.000000,0
71.1500,37.104,43.0315,43.0315,0.000000,0
71.2000,27.393,40.7847,40.7847,0.000000,0
71.2500,27.216,40.7847,40.7847,0.000000,0
71.3000,29.719,42.9345,42.9345,0.000000,0
71.3500,29.864,42.9345,42.9345,0.000000,0
71.4000,35.763,42.7570,42.7570,0.000000,0
71.4500,26.388,42.7570,42.7570,0.000000,0
71.5000,26.480,39.8981,39.8981,0.000000,0
71.5500,91.631,39.8981,39.8981,0.000000,0
71.6000,51.828,44.1637,44.1637,0.000000,0
71.6500,30.606,44.1637,44.1637,0.000000,0
71.7000,28.391,35.9743,35.9743,0.000000,0
71.7500,28.431,35.9743,35.9743,0.000000,0
71.8000,28.118,32.5206,32.5206,0.000000,0
71.8500,36.766,32.5206,32.5206,0.000000,0
71.9000,29.533,37.0589,37.0589,0.000000,0
71.9500,31.365,37.0589,37.0589,0.000000,0
72.0000,28.756,36.8207,36.8207,0.000000,0
72.0500,29.816,36.8207,36.8207,0.000000,0
72.1000,31.718,35.3599,35.3599,0.000000,0
72.1500,29.259,35.3599,35.3599,0.000000,0
72.2000,31.212,30.6531,30.6531,0.000000,0
72.2500,30.383,30.6531,30.6531,0.000000,0
72.3000,30.600,31.3623,31.3623,0.000000,0
72.3500,34.199,31.3623,31.3623,0.000000,0
72.4000,33.804,31.8189,31.8189,0.000000,0
72.4500,32.770,31.8189,31.8189,0.000000,0
72.5000,26.819,36.1788,36.1788,0.000000,0
72.5500,29.005,36.1788,36.1788,0.000000,0
72.6000,27.349,38.1773,38.1773,0.000000,0
72.6500,30.374,38.1773,38.1773,0.000000,0
72.7000,26.887,29.9915,29.9915,0.000000,0
72.7500,29.782,29.9915,29.9915,0.000000,0
72.8000,28.955,38.3417,38.3417,0.000000,0
72.8500,40.484,38.3417,38.3417,0.000000,0
72.9000,38.573,25.2107,25.2107,0.000000,0
72.9500,27.971,25.2107,25.2107,0.000000,0
73.0000,26.921,43.7290,43.7290,0.000000,0
73.0500,35.195,43.7290,43.7290,0.000000,0
73.1000,29.370,35.7955,35.7955,0.000000,0
73.1500,29.078,35.7955,35.7955,0.000000,0
73.2000,36.699,34.1432,34.1432,0.000000,0
73.2500,31.554,34.1432,34.1432,0.000000,0
73.3000,38.948,29.3711,29.3711,0.000000,0
73.3500,36.948,29.3711,29.3711,0.000000,0
73.4000,33.251,28.0605,28.0605,0.000000,0
73.4500,30.892,28.0605,28.0605,0.000000,0
73.5000,31.185,27.7469,27.7469,0.000000,0
73.5500,37.816,27.7469,27.7469,0.000000,0
73.6000,35.117,27.2553,27.2553,0.000000,0
73.6500,34.885,27.2553,27.2553,0.000000,0
73.7000,27.528,26.9679,26.9679,0.000000,0
73.7500,33.112,26.9679,26.9679,0.000000,0
73.8000,27.135,30.9128,30.9128,0.000000,0
73.8500,29.001,30.9128,30.9128,0.000000,0
73.9000,32.385,30.3161,30.3161,0.000000,0
73.9500,30.439,30.3161,30.3161,0.000000,0
74.0000,30.406,30.5967,30.5967,0.000000,0
74.0500,35.165,30.5967,30.5967,0.000000,0
74.1000,39.139,32.6887,32.6887,0.000000,0
74.1500,31.106,32.6887,32.6887,0.000000,0
74.2000,42.981,30.6240,30.6240,0.000000,0
74.2500,35.591,30.6240,30.6240,0.000000,0
74.3000,31.121,29.1593,29.1593,0.000000,0
74.3500,37.869,29.1593,29.1593,0.000000,0
74.4000,31.469,30.0922,30.0922,0.000000,0
74.4500,28.024,30.0922,30.0922,0.000000,0
74.5000,33.626,22.3581,22.3581,0.000000,0
74.5500,27.559,22.3581,22.3581,0.000000,0
74.6000,27.165,21.5069,21.5069,0.000000,0
74.6500,31.354,21.5069,21.5069,0.000000,0
74.7000,28.816,20.1149,20.1149,0.000000,0
74.7500,33.392,20.1149,20.1149,0.000000,0
74.8000,30.998,23.5945,23.5945,0.000000,0
74.8500,33.127,23.5945,23.5945,0.000000,0
74.9000,28.842,21.7569,21.7569,0.000000,0
74.9500,27.071,21.7569,21.7569,0.000000,0
75.0000,29.286,22.9021,22.9021,0.000000,0
75.0500,36.728,22.9021,22.9021,0.000000,0
75.1000,29.966,22.5122,22.5122,0.000000,0
75.1500,30.982,22.5122,22.5122,0.000000,0
75.2000,31.367,27.9498,27.9498,0.000000,0
75.2500,29.390,27.9498,27.9498,0.000000,0
75.3000,31.051,24.1004,24.1004,0.000000,0
75.3500,33.130,24.1004,24.1004,0.000000,0
75.4000,39.898,28.9534,28.9534,0.000000,0
75.4500,35.381,28.9534,28.9534,0.000000,0
75.5000,30.725,30.8618,30.8618,0.000000,0
75.5500,34.818,30.8618,30.8618,0.000000,0
75.6000,45.937,24.8269,24.8269,0.000000,0
75.6500,37.170,24.8269,24.8269,0.000000,0
75.7000,37.380,27.5707,27.5707,0.000000,0
75.7500,30.993,27.5707,27.5707,0.000000,0
75.8000,27.101,33.6370,33.6370,0.000000,0
75.8500,37.346,33.6370,33.6370,0.000000,0
75.9000,30.554,25.0711,25.0711,0.000000,0
75.9500,28.827,25.0711,25.0711,0.000000,0
76.0000,31.151,24.0221,24.0221,0.000000,0
76.0500,29.476,24.0221,24.0221,0.000000,0
76.1000,27.463,25.1062,25.1062,0.000000,0
76.1500,29.187,25.1062,25.1062,0.000000,0
76.2000,30.574,23.0097,23.0097,0.000000,0
76.2500,28.979,23.0097,23.0097,0.000000,0
76.3000,37.440,27.4459,27.4459,0.000000,0
76.3500,29.611,27.4459,27.4459,0.000000,0
76.4000,26.901,26.6577,26.6577,0.000000,0
76.4500,27.070,26.6577,26.6577,0.000000,0
76.5000,30.207,24.8738,24.8738,0.000000,0
76.5500,39.452,24.8738,24.8738,0.000000,0
76.6000,39.440,31.9173,31.9173,0.000000,0
76.6500,30.545,31.9173,31.9173,0.000000,0
76.7000,30.506,30.7526,30.7526,0.000000,0
76.7500,27.219,30.7526,30.7526,0.000000,0
76.8000,29.292,30.2294,30.2294,0.000000,0
76.8500,37.167,30.2294,30.2294,0.000000,0
76.9000,59.654,26.8984,26.8984,0.000000,0
76.9500,31.504,26.8984,26.8984,0.000000,0
77.0000,36.988,27.9333,27.9333,0.000000,0
77.0500,29.597,27.9333,27.9333,0.000000,0
77.1000,36.422,25.8953,25.8953,0.000000,0
77.1500,28.561,25.8953,25.8953,0.000000,0
77.2000,40.188,32.5497,32.5497,0.000000,0
77.2500,29.189,32.5497,32.5497,0.000000,0
77.3000,30.964,26.1617,26.1617,0.000000,0
77.3500,33.243,26.1617,26.1617,0.000000,0
77.4000,37.331,31.7731,31.7731,0.000000,0
77.4500,33.036,31.7731,31.7731,0.000000,0
77.5000,31.023,38.1758,38.1758,0.000000,0
77.5500,33.130,38.1758,38.1758,0.000000,0
77.6000,27.371,25.3387,25.3387,0.000000,0
77.6500,37.314,25.3387,25.3387,0.000000,0
77.7000,44.024,32.6441,32.6441,0.000000,0
77.7500,30.949,32.6441,32.6441,0.000000,0
77.8000,38.622,38.0039,38.0039,0.000000,0
77.8500,34.774,38.0039,38.0039,0.000000,0
77.9000,27.842,34.7192,34.7192,0.000000,0
77.9500,31.666,34.7192,34.7192,0.000000,0
78.0000,31.676,39.8057,39.8057,0.000000,0
78.0500,33.460,39.8057,39.8057,0.000000,0
78.1000,30.627,29.5214,29.5214,0.000000,0
78.1500,31.134,29.5214,29.5214,0.000000,0
78.2000,29.200,32.7079,32.7079,0.000000,0
78.2500,35.771,32.7079,32.7079,0.000000,0
78.3000,47.382,27.3149,27.3149,0.000000,0
78.3500,29.790,27.3149,27.3149,0.000000,0
78.4000,30.802,28.6616,28.6616,0.000000,0
78.4500,31.455,28.6616,28.6616,0.000000,0
78.5000,43.413,29.0286,29.0286,0.000000,0
78.5500,33.796,29.0286,29.0286,0.000000,0
78.6000,29.643,30.2150,30.2150,0.000000,0
78.6500,30.591,30.2150,30.2150,0.000000,0
78.7000,27.241,36.7254,36.7254,0.000000,0
78.7500,28.782,36.7254,36.7254,0.000000,0
78.8000,28.658,39.5303,39.5303,0.000000,0
78.8500,28.366,39.5303,39.5303,0.000000,0
78.9000,42.383,33.3647,33.3647,0.000000,0
78.9500,39.568,33.3647,33.3647,0.000000,0
79.0000,39.403,35.0644,35.0644,0.000000,0
79.0500,41.671,35.0644,35.0644,0.000000,0
79.1000,30.895,40.1693,40.1693,0.000000,0
79.1500,27.669,40.1693,40.1693,0.000000,0
79.2000,31.489,25.6110,25.6110,0.000000,0
79.2500,26.966,25.6110,25.6110,0.000000,0
79.3000,38.913,22.2423,22.2423,0.000000,0
79.3500,41.524,22.2423,22.2423,0.000000,0
79.4000,28.882,21.7619,21.7619,0.000000,0
79.4500,27.034,21.7619,21.7619,0.000000,0
79.5000,29.217,15.8267,15.8267,0.000000,0
79.5500,36.662,15.8267,15.8267,0.000000,0
79.6000,27.742,20.6282,20.6282,0.000000,0
79.6500,31.639,20.6282,20.6282,0.000000,0
79.7000,27.156,23.0041,23.0041,0.000000,0
79.7500,32.786,23.0041,23.0041,0.000000,0
79.8000,30.479,30.6939,30.6939,0.000000,0
79.8500,28.741,30.6939,30.6939,0.000000,0
79.9000,31.583,30.6620,30.6620,0.000000,0
79.9500,27.648,30.6620,30.6620,0.000000,0
80.0000,35.101,30.1149,30.1149,0.000000,0
80.0500,36.995,30.1149,30.1149,0.000000,0
80.1000,43.729,30.0208,30.0208,0.000000,0
80.1500,47.646,30.0208,30.0208,0.000000,0
80.2000,99.763,34.0889,34.0889,0.000000,0
80.2500,73.588,34.0889,34.0889,0.000000,0
80.3000,35.779,37.3995,37.3995,0.000000,0
80.3500,44.011,37.3995,37.3995,0.000000,0
80.4000,35.399,33.8323,33.8323,0.000000,0
80.4500,47.716,33.8323,33.8323,0.000000,0
80.5000,27.199,40.6326,40.6326,0.000000,0
80.5500,27.631,40.6326,40.6326,0.000000,0
80.6000,27.501,41.2452,41.2452,0.000000,0
80.6500,27.525,41.2452,41.2452,0.000000,0
80.7000,29.111,40.7504,40.7504,0.000000,0
80.7500,27.590,40.7504,40.7504,0.000000,0
80.8000,39.120,30.7842,30.7842,0.000000,0
80.8500,32.890,30.7842,30.7842,0.000000,0
80.9000,30.639,35.6928,35.6928,0.000000,0
80.9500,30.749,35.6928,35.6928,0.000000,0
81.0000,28.691,33.3598,33.3598,0.000000,0
81.0500,30.088,33.3598,33.3598,0.000000,0
81.1000,35.422,40.1014,40.1014,0.000000,0
81.1500,27.123,40.1014,40.1014,0.000000,0
81.2000,26.653,36.0275,36.0275,0.000000,0
81.2500,28.508,36.0275,36.0275,0.000000,0
81.3000,26.803,33.6946,33.6946,0.000000,0
81.3500,25.750,33.6946,33.6946,0.000000,0
81.4000,26.772,32.9116,32.9116,0.000000,0
81.4500,26.945,32.9116,32.9116,0.000000,0
81.5000,26.702,33.5865,33.5865,0.000000,0
81.5500,30.993,33.5865,33.5865,0.000000,0
81.6000,28.952,33.3331,33.3331,0.000000,0
81.6500,45.091,33.3331,33.3331,0.000000,0
81.7000,30.595,33.9833,33.9833,0.000000,0
81.7500,26.653,33.9833,33.9833,0.000000,0
81.8000,31.046,37.2737,37.2737,0.000000,0
81.8500,37.127,37.2737,37.2737,0.000000,0
81.9000,30.544,32.9649,32.9649,0.000000,0
81.9500,29.309,32.9649,32.9649,0.000000,0
82.0000,26.873,33.4036,33.4036,0.000000,0
82.0500,39.373,33.4036,33.4036,0.000000,0
82.1000,27.402,35.6910,35.6910,0.000000,0
82.1500,29.598,35.6910,35.6910,0.000000,0
82.2000,37.265,35.9488,35.9488,0.000000,0
82.2500,30.257,35.9488,35.9488,0.000000,0
82.3000,28.567,35.6974,35.6974,0.000000,0
82.3500,33.297,35.6974,35.6974,0.000000,0
82.4000,31.752,43.4560,43.4560,0.000000,0
82.4500,31.121,43.4560,43.4560,0.000000,0
82.5000,26.867,35.4969,35.4969,0.000000,0
82.5500,27.211,35.4969,35.4969,0.000000,0
82.6000,33.446,44.0462,44.0462,0.000000,0
82.6500,31.499,44.0462,44.0462,0.000000,0
82.7000,30.558,42.3205,42.3205,0.000000,0
82.7500,30.346,42.3205,42.3205,0.000000,0
82.8000,28.694,45.5348,45.5348,0.000000,0
82.8500,32.649,45.5348,45.5348,0.000000,0
82.9000,26.870,38.7590,38.7590,0.000000,0
82.9500,27.138,38.7590,38.7590,0.000000,0
83.0000,29.299,41.9142,41.9142,0.000000,0
83.0500,26.507,41.9142,41.9142,0.000000,0
83.1000,30.859,46.8657,46.8657,0.000000,0
83.1500,30.396,46.8657,46.8657,0.000000,0
83.2000,28.302,36.6997,36.6997,0.000000,0
83.2500,26.636,36.6997,36.6997,0.000000,0
83.3000,34.441,49.5899,49.5899,0.000000,0
83.3500,28.829,49.5899,49.5899,0.000000,0
83.4000,26.589,37.1508,37.1508,0.000000,0
83.4500,28.791,37.1508,37.1508,0.000000,0
83.5000,30.378,45.9571,45.9571,0.000000,0
83.5500,32.855,45.9571,45.9571,0.000000,0
83.6000,27.690,37.5913,37.5913,0.000000,0
83.6500,27.018,37.5913,37.5913,0.000000,0
83.7000,30.323,45.4462,45.4462,0.000000,0
83.7500,28.856,45.4462,45.4462,0.000000,0
83.8000,36.508,41.7663,41.7663,0.000000,0
83.8500,32.316,41.7663,41.7663,0.000000,0
83.9000,28.223,43.7104,43.7104,0.000000,0
83.9500,26.782,43.7104,43.7104,0.000000,0
84.0000,26.727,41.1811,41.1811,0.000000,0
84.0500,28.764,41.1811,41.1811,0.000000,0
84.1000,27.678,37.8907,37.8907,0.000000,0
84.1500,26.959,37.8907,37.8907,0.000000,0
84.2000,35.180,41.2286,41.2286,0.000000,0
84.2500,29.067,41.2286,41.2286,0.000000,0
84.3000,27.319,39.9899,39.9899,0.000000,0
84.3500,29.431,39.9899,39.9899,0.000000,0
84.4000,40.021,34.3593,34.3593,0.000000,0
84.4500,29.420,34.3593,34.3593,0.000000,0
84.5000,32.862,35.3482,35.3482,0.000000,0
84.5500,26.825,35.3482,35.3482,0.000000,0
84.6000,26.779,48.8862,48.8862,0.000000,0
84.6500,32.914,48.8862,48.8862,0.000000,0
84.7000,26.602,32.9645,32.9645,0.000000,0
84.7500,35.573,32.9645,32.9645,0.000000,0
84.8000,29.408,54.4843,54.4843,0.000000,0
84.8500,36.974,54.4843,54.4843,0.000000,0
84.9000,35.448,41.4623,41.4623,0.000000,0
84.9500,31.227,41.4623,41.4623,0.000000,0
85.0000,28.653,42.7271,42.7271,0.000000,0
85.0500,49.818,42.7271,42.7271,0.000000,0
85.1000,55.179,40.6537,40.6537,0.000000,0
85.1500,53.390,40.6537,40.6537,0.000000,0
85.2000,31.536,35.0823,35.0823,0.000000,0
85.2500,29.760,35.0823,35.0823,0.000000,0
85.3000,30.331,51.0436,51.0436,0.000000,0
85.3500,41.673,51.0436,51.0436,0.000000,0
85.4000,27.491,43.2618,43.2618,0.000000,0
85.4500,35.696,43.2618,43.2618,0.000000,0
85.5000,28.764,41.4880,41.4880,0.000000,0
85.5500,33.197,41.4880,41.4880,0.000000,0
85.6000,31.305,50.7479,50.7479,0.000000,0
85.6500,26.952,50.7479,50.7479,0.000000,0
85.7000,36.785,47.1995,47.1995,0.000000,0
85.7500,34.828,47.1995,47.1995,0.000000,0
85.8000,39.176,49.8183,49.8183,0.000000,0
85.8500,37.526,49.8183,49.8183,0.000000,0
85.9000,36.741,3.6055,3.6055,0.000000,0
85.9500,34.327,3.6055,3.6055,0.000000,0
86.0000,27.210,18.6988,18.6988,0.000000,0
86.0500,32.857,18.6988,18.6988,0.000000,0
86.1000,27.101,38.0856,38.0856,0.000000,0
86.1500,31.671,38.0856,38.0856,0.000000,0
86.2000,29.665,27.7828,27.7828,0.000000,0
86.2500,26.767,27.7828,27.7828,0.000000,0
86.3000,33.046,24.8247,24.8247,0.000000,0
86.3500,33.754,24.8247,24.8247,0.000000,0
86.4000,28.386,27.1179,27.1179,0.000000,0
86.4500,31.134,27.1179,27.1179,0.000000,0
86.5000,38.963,33.7111,33.7111,0.000000,0
86.5500,120.855,33.7111,33.7111,0.000000,0
86.6000,80.628,29.0079,29.0079,0.000000,0
86.6500,34.269,29.0079,29.0079,0.000000,0
86.7000,30.270,29.3982,29.3982,0.000000,0
86.7500,35.292,29.3982,29.3982,0.000000,0
86.8000,26.892,26.8477,26.8477,0.000000,0
86.8500,31.384,26.8477,26.8477,0.000000,0
86.9000,31.330,27.6723,27.6723,0.000000,0
86.9500,32.636,27.6723,27.6723,0.000000,0
87.0000,36.825,35.6619,35.6619,0.000000,0
87.0500,34.541,35.6619,35.6619,0.000000,0
87.1000,28.499,21.5256,21.5256,0.000000,0
87.1500,33.086,21.5256,21.5256,0.000000,0
87.2000,33.663,33.8393,33.8393,0.000000,0
87.2500,31.391,33.8393,33.8393,0.000000,0
87.3000,32.350,32.4155,32.4155,0.000000,0
87.3500,33.054,32.4155,32.4155,0.000000,0
87.4000,44.475,32.0121,32.0121,0.000000,0
87.4500,41.571,32.0121,32.0121,0.000000,0
87.5000,32.076,28.3515,28.3515,0.000000,0
87.5500,39.805,28.3515,28.3515,0.000000,0
87.6000,41.365,35.8333,35.8333,0.000000,0
87.6500,28.324,35.8333,35.8333,0.000000,0
87.7000,39.907,35.4834,35.4834,0.000000,0
87.7500,40.999,35.4834,35.4834,0.000000,0
87.8000,52.158,33.6790,33.6790,0.000000,0
87.8500,28.851,33.6790,33.6790,0.000000,0
87.9000,30.023,39.3088,39.3088,0.000000,0
87.9500,27.062,39.3088,39.3088,0.000000,0
88.0000,41.240,27.7746,27.7746,0.000000,0
88.0500,29.757,27.7746,27.7746,0.000000,0
88.1000,39.081,34.7745,34.7745,0.000000,0
88.1500,37.080,34.7745,34.7745,0.000000,0
88.2000,49.006,29.0708,29.0708,0.000000,0
88.2500,60.033,29.0708,29.0708,0.000000,0
88.3000,37.073,39.2954,39.2954,0.000000,0
88.3500,31.330,39.2954,39.2954,0.000000,0
88.4000,30.606,35.8349,35.8349,0.000000,0
88.4500,32.469,35.8349,35.8349,0.000000,0
88.5000,37.775,38.9594,38.9594,0.000000,0
88.5500,44.220,38.9594,38.9594,0.000000,0
88.6000,39.317,32.4737,32.4737,0.000000,0
88.6500,42.674,32.4737,32.4737,0.000000,0
88.7000,27.393,31.0508,31.0508,0.000000,0
88.7500,34.299,31.0508,31.0508,0.000000,0
88.8000,36.315,39.7758,39.7758,0.000000,0
88.8500,60.969,39.7758,39.7758,0.000000,0
88.9000,33.423,33.9107,33.9107,0.000000,0
88.9500,38.751,33.9107,33.9107,0.000000,0
89.0000,40.392,38.4183,38.4183,0.000000,0
89.0500,29.663,38.4183,38.4183,0.000000,0
89.1000,35.152,36.3829,36.3829,0.000000,0
89.1500,30.734,36.3829,36.3829,0.000000,0
89.2000,36.399,39.0822,39.0822,0.000000,0
89.2500,47.425,39.0822,39.0822,0.000000,0
89.3000,30.505,33.8882,33.8882,0.000000,0
89.3500,28.916,33.8882,33.8882,0.000000,0
89.4000,33.730,38.7470,38.7470,0.000000,0
89.4500,33.833,38.7470,38.7470,0.000000,0
89.5000,34.150,43.2538,43.2538,0.000000,0
89.5500,45.684,43.2538,43.2538,0.000000,0
89.6000,37.426,43.9142,43.9142,0.000000,0
89.6500,30.394,43.9142,43.9142,0.000000,0
89.7000,32.478,46.9822,46.9822,0.000000,0
89.7500,32.255,46.9822,46.9822,0.000000,0
89.8000,33.662,44.2702,44.2702,0.000000,0
89.8500,44.660,44.2702,44.2702,0.000000,0
89.9000,36.602,41.9012,41.9012,0.000000,0
89.9500,32.272,41.9012,41.9012,0.000000,0
90.0000,30.344,38.8612,38.8612,0.000000,0
90.0500,30.775,38.8612,38.8612,0.000000,0
90.1000,31.830,38.1023,38.1023,0.000000,0
90.1500,33.482,38.1023,38.1023,0.000000,0
90.2000,36.562,45.0299,45.0299,0.000000,0
90.2500,44.843,45.0299,45.0299,0.000000,0
90.3000,29.687,42.1327,42.1327,0.000000,0
90.3500,34.854,42.1327,42.1327,0.000000,0
90.4000,30.956,40.8895,40.8895,0.000000,0
90.4500,28.672,40.8895,40.8895,0.000000,0
90.5000,33.776,28.6573,28.6573,0.000000,0
90.5500,30.656,28.6573,28.6573,0.000000,0
90.6000,38.549,43.9366,43.9366,0.000000,0
90.6500,33.360,43.9366,43.9366,0.000000,0
90.7000,36.227,33.7930,33.7930,0.000000,0
90.7500,40.370,33.7930,33.7930,0.000000,0
90.8000,32.170,38.2776,38.2776,0.000000,0
90.8500,29.673,38.2776,38.2776,0.000000,0
90.9000,30.455,33.5746,33.5746,0.000000,0
90.9500,27.654,33.5746,33.5746,0.000000,0
91.0000,38.847,14.8990,14.8990,0.000000,0
91.0500,33.040,14.8990,14.8990,0.000000,0
91.1000,30.451,45.5259,45.5259,0.000000,0
91.1500,37.464,45.5259,45.5259,0.000000,0
91.2000,39.027,27.6565,27.6565,0.000000,0
91.2500,32.674,27.6565,27.6565,0.000000,0
91.3000,26.759,28.9514,28.9514,0.000000,0
91.3500,38.930,28.9514,28.9514,0.000000,0
91.4000,28.781,26.6302,26.6302,0.000000,0
91.4500,33.000,26.6302,26.6302,0.000000,0
91.5000,50.707,26.9261,26.9261,0.000000,0
91.5500,39.327,26.9261,26.9261,0.000000,0
91.6000,60.209,33.1188,33.1188,0.000000,0
91.6500,46.706,33.1188,33.1188,0.000000,0
91.7000,58.893,31.5376,31.5376,0.000000,0
91.7500,34.919,31.5376,31.5376,0.000000,0
91.8000,39.234,33.4782,33.4782,0.000000,0
91.8500,40.150,33.4782,33.4782,0.000000,0
91.9000,33.783,38.6100,38.6100,0.000000,0
91.9500,35.805,38.6100,38.6100,0.000000,0
92.0000,33.974,29.2751,29.2751,0.000000,0
92.0500,36.943,29.2751,29.2751,0.000000,0
92.1000,34.932,38.2782,38.2782,0.000000,0
92.1500,46.212,38.2782,38.2782,0.000000,0
92.2000,36.505,32.6617,32.6617,0.000000,0
92.2500,26.882,32.6617,32.6617,0.000000,0
92.3000,25.466,28.6872,28.6872,0.000000,0
92.3500,28.690,28.6872,28.6872,0.000000,0
92.4000,29.806,34.9163,34.9163,0.000000,0
92.4500,35.210,34.9163,34.9163,0.000000,0
92.5000,27.801,34.8282,34.8282,0.000000,0
92.5500,32.961,34.8282,34.8282,0.000000,0
92.6000,30.782,27.8385,27.8385,0.000000,0
92.6500,43.802,27.8385,27.8385,0.000000,0
92.7000,31.454,42.5120,42.5120,0.000000,0
92.7500,36.333,42.5120,42.5120,0.000000,0
92.8000,26.944,34.7106,34.7106,0.000000,0
92.8500,31.132,34.7106,34.7106,0.000000,0
92.9000,36.540,36.0462,36.0462,0.000000,0
92.9500,33.294,36.0462,36.0462,0.000000,0
93.0000,30.461,41.9004,41.9004,0.000000,0
93.0500,32.361,41.9004,41.9004,0.000000,0
93.1000,32.666,28.7442,28.7442,0.000000,0
93.1500,42.920,28.7442,28.7442,0.000000,0
93.2000,51.950,32.2146,32.2146,0.000000,0
93.2500,52.945,32.2146,32.2146,0.000000,0
93.3000,28.903,36.7442,36.7442,0.000000,0
93.3500,34.737,36.7442,36.7442,0.000000,0
93.4000,27.140,31.2522,31.2522,0.000000,0
93.4500,31.697,31.2522,31.2522,0.000000,0
93.5000,40.527,31.5566,31.5566,0.000000,0
93.5500,30.375,31.5566,31.5566,0.000000,0
93.6000,38.298,28.8674,28.8674,0.000000,0
93.6500,33.151,28.8674,28.8674,0.000000,0
93.7000,29.693,28.6765,28.6765,0.000000,0
93.7500,40.819,28.6765,28.6765,0.000000,0
93.8000,38.511,32.0170,32.0170,0.000000,0
93.8500,50.286,32.0170,32.0170,0.000000,0
93.9000,39.841,28.1274,28.1274,0.000000,0
93.9500,28.638,28.1274,28.1274,0.000000,0
94.0000,28.317,31.9103,31.9103,0.000000,0
94.0500,39.505,31.9103,31.9103,0.000000,0
94.1000,37.796,32.6483,32.6483,0.000000,0
94.1500,37.735,32.6483,32.6483,0.000000,0
94.2000,31.643,26.8554,26.8554,0.000000,0
94.2500,29.822,26.8554,26.8554,0.000000,0
94.3000,29.410,23.9362,23.9362,0.000000,0
94.3500,30.513,23.9362,23.9362,0.000000,0
94.4000,29.006,32.9037,32.9037,0.000000,0
94.4500,32.833,32.9037,32.9037,0.000000,0
94.5000,27.131,26.3688,26.3688,0.000000,0
94.5500,32.551,26.3688,26.3688,0.000000,0
94.6000,39.998,28.8625,28.8625,0.000000,0
94.6500,30.381,28.8625,28.8625,0.000000,0
94.7000,27.958,29.6219,29.6219,0.000000,0
94.7500,34.567,29.6219,29.6219,0.000000,0
94.8000,32.251,30.3819,30.3819,0.000000,0
94.8500,36.731,30.3819,30.3819,0.000000,0
94.9000,30.863,31.6786,31.6786,0.000000,0
94.9500,31.841,31.6786,31.6786,0.000000,0
95.0000,46.716,33.7482,33.7482,0.000000,0
95.0500,29.940,33.7482,33.7482,0.000000,0
95.1000,31.150,30.7704,30.7704,0.000000,0
95.1500,45.550,30.7704,30.7704,0.000000,0
95.2000,37.424,29.4637,29.4637,0.000000,0
95.2500,34.525,29.4637,29.4637,0.000000,0
95.3000,38.334,37.1179,37.1179,0.000000,0
95.3500,31.809,37.1179,37.1179,0.000000,0
95.4000,33.297,28.5324,28.5324,0.000000,0
95.4500,34.238,28.5324,28.5324,0.000000,0
95.5000,35.486,31.8310,31.8310,0.000000,0
95.5500,39.160,31.8310,31.8310,0.000000,0
95.6000,36.865,29.1152,29.1152,0.000000,0
95.6500,30.752,29.1152,29.1152,0.000000,0
95.7000,32.758,26.8072,26.8072,0.000000,0
95.7500,30.362,26.8072,26.8072,0.000000,0
95.8000,41.725,31.2873,31.2873,0.000000,0
95.8500,45.113,31.2873,31.2873,0.000000,0
95.9000,32.669,26.8554,26.8554,0.000000,0
95.9500,40.486,26.8554,26.8554,0.000000,0
96.0000,27.301,37.6001,37.6001,0.000000,0
96.0500,39.774,37.6001,37.6001,0.000000,0
96.1000,33.620,26.6219,26.6219,0.000000,0
96.1500,30.986,26.6219,26.6219,0.000000,0
96.2000,38.835,37.5069,37.5069,0.000000,0
96.2500,39.767,37.5069,37.5069,0.000000,0
96.3000,32.950,26.8841,26.8841,0.000000,0
96.3500,41.185,26.8841,26.8841,0.000000,0
96.4000,52.857,29.2876,29.2876,0.000000,0
96.4500,35.642,29.2876,29.2876,0.000000,0
96.5000,39.636,25.8235,25.8235,0.000000,0
96.5500,38.627,25.8235,25.8235,0.000000,0
96.6000,41.004,37.1868,37.1868,0.000000,0
96.6500,32.723,37.1868,37.1868,0.000000,0
96.7000,33.291,36.1600,36.1600,0.000000,0
96.7500,27.489,36.1600,36.1600,0.000000,0
96.8000,38.704,38.1800,38.1800,0.000000,0
96.8500,30.188,38.1800,38.1800,0.000000,0
96.9000,27.461,31.5641,31.5641,0.000000,0
96.9500,47.949,31.5641,31.5641,0.000000,0
97.0000,29.114,28.1364,28.1364,0.000000,0
97.0500,46.621,28.1364,28.1364,0.000000,0
97.1000,37.863,40.5350,40.5350,0.000000,0
97.1500,48.891,40.5350,40.5350,0.000000,0
97.2000,39.001,42.0559,42.0559,0.000000,0
97.2500,32.754,42.0559,42.0559,0.000000,0
97.3000,28.474,35.0013,35.0013,0.000000,0
97.3500,31.618,35.0013,35.0013,0.000000,0
97.4000,32.921,33.9165,33.9165,0.000000,0
97.4500,40.781,33.9165,33.9165,0.000000,0
97.5000,27.389,37.0685,37.0685,0.000000,0
97.5500,35.047,37.0685,37.0685,0.000000,0
97.6000,43.317,43.1480,43.1480,0.000000,0
97.6500,36.555,43.1480,43.1480,0.000000,0
97.7000,31.844,24.7141,24.7141,0.000000,0
97.7500,35.756,24.7141,24.7141,0.000000,0
97.8000,35.623,40.9260,40.9260,0.000000,0
97.8500,27.092,40.9260,40.9260,0.000000,0
97.9000,31.410,39.7254,39.7254,0.000000,0
97.9500,35.069,39.7254,39.7254,0.000000,0
98.0000,33.409,38.9731,38.9731,0.000000,0
98.0500,34.239,38.9731,38.9731,0.000000,0
98.1000,28.385,41.6788,41.6788,0.000000,0
98.1500,32.832,41.6788,41.6788,0.000000,0
98.2000,34.458,38.4091,38.4091,0.000000,0
98.2500,30.887,38.4091,38.4091,0.000000,0
98.3000,29.054,29.9802,29.9802,0.000000,0
98.3500,44.007,29.9802,29.9802,0.000000,0
98.4000,33.682,40.0618,40.0618,0.000000,0
98.4500,38.529,40.0618,40.0618,0.000000,0
98.5000,33.123,36.8389,36.8389,0.000000,0
98.5500,29.645,36.8389,36.8389,0.000000,0
98.6000,34.354,34.2825,34.2825,0.000000,0
98.6500,29.290,34.2825,34.2825,0.000000,0
98.7000,28.860,30.9376,30.9376,0.000000,0
98.7500,30.584,30.9376,30.9376,0.000000,0
98.8000,28.279,47.9703,47.9703,0.000000,0
98.8500,30.971,47.9703,47.9703,0.000000,0
98.9000,29.632,44.9506,44.9506,0.000000,0
98.9500,40.552,44.9506,44.9506,0.000000,0
99.0000,27.237,41.1781,41.1781,0.000000,0
99.0500,32.268,41.1781,41.1781,0.000000,0
99.1000,34.116,42.4218,42.4218,0.000000,0
99.1500,31.243,42.4218,42.4218,0.000000,0
99.2000,28.758,43.6977,43.6977,0.000000,0
99.2500,39.419,43.6977,43.6977,0.000000,0
99.3000,39.834,42.9988,42.9988,0.000000,0
99.3500,27.090,42.9988,42.9988,0.000000,0
99.4000,32.214,44.1655,44.1655,0.000000,0
99.4500,38.396,44.1655,44.1655,0.000000,0
99.5000,27.051,28.1957,28.1957,0.000000,0
99.5500,27.758,28.1957,28.1957,0.000000,0
99.6000,28.016,42.5764,42.5764,0.000000,0
99.6500,29.556,42.5764,42.5764,0.000000,0
99.7000,30.450,30.7034,30.7034,0.000000,0
99.7500,31.305,30.7034,30.7034,0.000000,0
99.8000,28.704,43.3296,43.3296,0.000000,0
99.8500,30.368,43.3296,43.3296,0.000000,0
99.9000,30.349,36.5663,36.5663,0.000000,0
99.9500,31.274,36.5663,36.5663,0.000000,0
100.0000,36.916,38.7948,38.7948,0.000000,0
100.0500,35.980,38.7948,38.7948,0.000000,0
100.1000,37.873,43.2328,43.2328,0.000000,0
100.1500,58.763,43.2328,43.2328,0.000000,0
100.2000,40.189,45.2347,45.2347,0.000000,0
100.2500,33.701,45.2347,45.2347,0.000000,0
100.3000,35.278,41.0447,41.0447,0.000000,0
100.3500,60.056,41.0447,41.0447,0.000000,0
100.4000,49.761,39.7723,39.7723,0.000000,0
100.4500,34.973,39.7723,39.7723,0.000000,0
100.5000,39.569,37.2868,37.2868,0.000000,0
100.5500,35.738,37.2868,37.2868,0.000000,0
100.6000,33.306,41.5899,41.5899,0.000000,0
100.6500,30.216,41.5899,41.5899,0.000000,0
100.7000,35.555,31.3679,31.3679,0.000000,0
100.7500,42.934,31.3679,31.3679,0.000000,0
100.8000,38.369,37.7472,37.7472,0.000000,0
100.8500,30.816,37.7472,37.7472,0.000000,0
100.9000,32.826,14.6032,14.6032,0.000000,0
100.9500,28.436,14.6032,14.6032,0.000000,0
101.0000,26.515,38.1651,38.1651,0.000000,0
101.0500,31.805,38.1651,38.1651,0.000000,0
101.1000,55.766,45.4139,45.4139,0.000000,0
101.1500,33.502,45.4139,45.4139,0.000000,0
101.2000,31.044,46.4114,46.4114,0.000000,0
101.2500,37.743,46.4114,46.4114,0.000000,0
101.3000,29.021,36.1433,36.1433,0.000000,0
101.3500,43.779,36.1433,36.1433,0.000000,0
101.4000,36.221,35.3709,35.3709,0.000000,0
101.4500,28.878,35.3709,35.3709,0.000000,0
101.5000,29.808,45.0600,45.0600,0.000000,0
101.5500,95.709,45.0600,45.0600,0.000000,0
101.6000,55.490,50.7723,50.7723,0.000000,0
101.6500,48.164,50.7723,50.7723,0.000000,0
101.7000,41.449,51.4729,51.4729,0.000000,0
101.7500,33.674,51.4729,51.4729,0.000000,0
101.8000,31.755,48.7712,48.7712,0.000000,0
101.8500,30.716,48.7712,48.7712,0.000000,0
101.9000,33.179,30.1914,30.1914,0.000000,0
101.9500,46.719,30.1914,30.1914,0.000000,0
102.0000,30.157,40.6565,40.6565,0.000000,0
102.0500,38.453,40.6565,40.6565,0.000000,0
102.1000,30.491,46.9751,46.9751,0.000000,0
102.1500,28.859,46.9751,46.9751,0.000000,0
102.2000,32.142,49.7889,49.7889,0.000000,0
102.2500,30.182,49.7889,49.7889,0.000000,0
102.3000,28.798,46.1144,46.1144,0.000000,0
102.3500,31.346,46.1144,46.1144,0.000000,0
102.4000,30.381,53.1055,53.1055,0.000000,0
102.4500,32.244,53.1055,53.1055,0.000000,0
102.5000,35.794,38.8651,38.8651,0.000000,0
102.5500,35.193,38.8651,38.8651,0.000000,0
102.6000,32.388,48.4507,48.4507,0.000000,0
102.6500,35.030,48.4507,48.4507,0.000000,0
102.7000,27.864,38.3862,38.3862,0.000000,0
102.7500,36.487,38.3862,38.3862,0.000000,0
102.8000,29.337,43.8498,43.8498,0.000000,0
102.8500,27.896,43.8498,43.8498,0.000000,0
102.9000,31.601,50.6693,50.6693,0.000000,0
102.9500,33.361,50.6693,50.6693,0.000000,0
103.0000,27.087,38.3110,38.3110,0.000000,0
103.0500,30.377,38.3110,38.3110,0.000000,0
103.1000,28.369,31.4034,31.4034,0.000000,0
103.1500,30.548,31.4034,31.4034,0.000000,0
103.2000,35.096,36.9459,36.9459,0.000000,0
103.2500,31.731,36.9459,36.9459,0.000000,0
103.3000,31.092,33.0025,33.0025,0.000000,0
103.3500,40.496,33.0025,33.0025,0.000000,0
103.4000,36.392,37.8713,37.8713,0.000000,0
103.4500,35.649,37.8713,37.8713,0.000000,0
103.5000,27.623,29.4866,29.4866,0.000000,0
103.5500,36.119,29.4866,29.4866,0.000000,0
103.6000,35.837,37.5192,37.5192,0.000000,0
103.6500,28.426,37.5192,37.5192,0.000000,0
103.7000,36.194,28.3052,28.3052,0.000000,0
103.7500,34.291,28.3052,28.3052,0.000000,0
103.8000,32.355,28.3537,28.3537,0.000000,0
103.8500,29.777,28.3537,28.3537,0.000000,0
103.9000,34.454,28.0261,28.0261,0.000000,0
103.9500,31.359,28.0261,28.0261,0.000000,0
104.0000,29.743,23.8275,23.8275,0.000000,0
104.0500,32.517,23.8275,23.8275,0.000000,0
104.1000,30.668,30.7486,30.7486,0.000000,0
104.1500,33.467,30.7486,30.7486,0.000000,0
104.2000,41.879,28.7255,28.7255,0.000000,0
104.2500,30.364,28.7255,28.7255,0.000000,0
104.3000,34.492,15.5831,15.5831,0.000000,0
104.3500,31.764,15.5831,15.5831,0.000000,0
104.4000,36.071,28.2165,28.2165,0.000000,0
104.4500,28.391,28.2165,28.2165,0.000000,0
104.5000,30.408,34.6505,34.6505,0.000000,0
104.5500,50.573,34.6505,34.6505,0.000000,0
104.6000,38.279,26.5931,26.5931,0.000000,0
104.6500,46.984,26.5931,26.5931,0.000000,0
104.7000,49.589,30.2059,30.2059,0.000000,0
104.7500,31.030,30.2059,30.2059,0.000000,0
104.8000,51.283,36.1454,36.1454,0.000000,0
104.8500,27.419,36.1454,36.1454,0.000000,0
104.9000,30.739,24.8367,24.8367,0.000000,0
104.9500,44.534,24.8367,24.8367,0.000000,0
105.0000,42.053,35.2924,35.2924,0.000000,0
105.0500,46.230,35.2924,35.2924,0.000000,0
105.1000,38.847,37.2958,37.2958,0.000000,0
105.1500,32.044,37.2958,37.2958,0.000000,0
105.2000,29.521,20.5494,20.5494,0.000000,0
105.2500,31.988,20.5494,20.5494,0.000000,0
105.3000,31.573,27.2532,27.2532,0.000000,0
105.3500,34.605,27.2532,27.2532,0.000000,0
105.4000,31.774,34.4361,34.4361,0.000000,0
105.4500,30.530,34.4361,34.4361,0.000000,0
105.5000,28.074,33.8945,33.8945,0.000000,0
105.5500,30.972,33.8945,33.8945,0.000000,0
105.6000,35.673,36.6884,36.6884,0.000000,0
105.6500,32.210,36.6884,36.6884,0.000000,0
105.7000,30.106,30.2605,30.2605,0.000000,0
105.7500,29.446,30.2605,30.2605,0.000000,0
105.8000,31.695,31.0524,31.0524,0.000000,0
105.8500,35.876,31.0524,31.0524,0.000000,0
105.9000,55.009,32.4708,32.4708,0.000000,0
105.9500,30.789,32.4708,32.4708,0.000000,0
106.0000,34.981,35.8068,35.8068,0.000000,0
106.0500,33.096,35.8068,35.8068,0.000000,0
106.1000,31.038,32.6659,32.6659,0.000000,0
106.1500,28.877,32.6659,32.6659,0.000000,0
106.2000,36.827,21.6312,21.6312,0.000000,0
106.2500,30.178,21.6312,21.6312,0.000000,0
106.3000,28.073,35.0414,35.0414,0.000000,0
106.3500,36.860,35.0414,35.0414,0.000000,0
106.4000,39.877,25.1976,25.1976,0.000000,0
106.4500,37.340,25.1976,25.1976,0.000000,0
106.5000,40.884,34.8609,34.8609,0.000000,0
106.5500,28.861,34.8609,34.8609,0.000000,0
106.6000,42.334,28.3691,28.3691,0.000000,0
106.6500,29.538,28.3691,28.3691,0.000000,0
106.7000,26.692,33.0716,33.0716,0.000000,0
106.7500,36.527,33.0716,33.0716,0.000000,0
106.8000,34.939,38.4464,38.4464,0.000000,0
106.8500,48.671,38.4464,38.4464,0.000000,0
106.9000,35.433,36.8255,36.8255,0.000000,0
106.9500,33.785,36.8255,36.8255,0.000000,0
107.0000,31.824,36.7247,36.7247,0.000000,0
107.0500,34.703,36.7247,36.7247,0.000000,0
107.1000,60.280,36.7449,36.7449,0.000000,0
107.1500,47.660,36.7449,36.7449,0.000000,0
107.2000,35.340,27.0152,27.0152,0.000000,0
107.2500,33.817,27.0152,27.0152,0.000000,0
107.3000,40.370,30.0184,30.0184,0.000000,0
107.3500,55.295,30.0184,30.0184,0.000000,0
107.4000,26.850,34.7446,34.7446,0.000000,0
107.4500,34.891,34.7446,34.7446,0.000000,0
107.5000,27.128,43.0312,43.0312,0.000000,0
107.5500,31.984,43.0312,43.0312,0.000000,0
107.6000,29.428,37.5834,37.5834,0.000000,0
107.6500,27.309,37.5834,37.5834,0.000000,0
107.7000,30.492,24.2911,24.2911,0.000000,0
107.7500,29.342,24.2911,24.2911,0.000000,0
107.8000,27.115,25.9760,25.9760,0.000000,0
107.8500,35.991,25.9760,25.9760,0.000000,0
107.9000,43.730,37.6323,37.6323,0.000000,0
107.9500,31.161,37.6323,37.6323,0.000000,0
108.0000,50.866,36.3602,36.3602,0.000000,0
108.0500,32.061,36.3602,36.3602,0.000000,0
108.1000,30.498,36.8443,36.8443,0.000000,0
108.1500,29.290,36.8443,36.8443,0.000000,0
108.2000,33.103,39.3338,39.3338,0.000000,0
108.2500,35.780,39.3338,39.3338,0.000000,0
108.3000,28.753,30.8760,30.8760,0.000000,0
108.3500,42.473,30.8760,30.8760,0.000000,0
108.4000,45.675,38.5040,38.5040,0.000000,0
108.4500,65.072,38.5040,38.5040,0.000000,0
108.5000,30.656,31.7003,31.7003,0.000000,0
108.5500,29.192,31.7003,31.7003,0.000000,0
108.6000,32.563,39.9736,39.9736,0.000000,0
108.6500,30.102,39.9736,39.9736,0.000000,0
108.7000,33.166,43.6812,43.6812,0.000000,0
108.7500,30.547,43.6812,43.6812,0.000000,0
108.8000,35.424,30.3861,30.3861,0.000000,0
108.8500,38.955,30.3861,30.3861,0.000000,0
108.9000,46.815,29.0425,29.0425,0.000000,0
108.9500,28.488,29.0425,29.0425,0.000000,0
109.0000,32.240,29.5873,29.5873,0.000000,0
109.0500,30.397,29.5873,29.5873,0.000000,0
109.1000,27.735,26.0321,26.0321,0.000000,0
109.1500,30.659,26.0321,26.0321,0.000000,0
109.2000,28.847,20.8386,20.8386,0.000000,0
109.2500,38.274,20.8386,20.8386,0.000000,0
109.3000,30.427,35.6616,35.6616,0.000000,0
109.3500,28.850,35.6616,35.6616,0.000000,0
109.4000,36.809,28.8364,28.8364,0.000000,0
109.4500,35.059,28.8364,28.8364,0.000000,0
109.5000,32.365,32.1133,32.1133,0.000000,0
109.5500,46.309,32.1133,32.1133,0.000000,0
109.6000,35.764,32.1200,32.1200,0.000000,0
109.6500,27.170,32.1200,32.1200,0.000000,0
109.7000,30.104,34.5888,34.5888,0.000000,0
109.7500,39.403,34.5888,34.5888,0.000000,0
109.8000,37.188,27.3346,27.3346,0.000000,0
109.8500,30.170,27.3346,27.3346,0.000000,0
109.9000,28.326,31.4461,31.4461,0.000000,0
109.9500,42.648,31.4461,31.4461,0.000000,0
110.0000,40.421,32.7073,32.7073,0.000000,0
110.0500,43.535,32.7073,32.7073,0.000000,0
110.1000,31.002,23.2029,23.2029,0.000000,0
110.1500,27.560,23.2029,23.2029,0.000000,0
110.2000,31.617,25.6540,25.6540,0.000000,0
110.2500,29.937,25.6540,25.6540,0.000000,0
110.3000,34.373,41.7880,41.7880,0.000000,0
110.3500,37.679,41.7880,41.7880,0.000000,0
110.4000,35.179,35.0714,35.0714,0.000000,0
110.4500,33.063,35.0714,35.0714,0.000000,0
110.5000,30.687,37.4440,37.4440,0.000000,0
110.5500,33.780,37.4440,37.4440,0.000000,0
110.6000,41.845,33.5906,33.5906,0.000000,0
110.6500,29.511,33.5906,33.5906,0.000000,0
110.7000,28.303,35.5711,35.5711,0.000000,0
110.7500,30.931,35.5711,35.5711,0.000000,0
110.8000,45.643,41.3824,41.3824,0.000000,0
110.8500,54.426,41.3824,41.3824,0.000000,0
110.9000,35.600,29.4993,29.4993,0.000000,0
110.9500,33.228,29.4993,29.4993,0.000000,0
111.0000,27.019,42.2434,42.2434,0.000000,0
111.0500,29.945,42.2434,42.2434,0.000000,0
111.1000,28.004,31.2873,31.2873,0.000000,0
111.1500,32.300,31.2873,31.2873,0.000000,0
111.2000,29.679,31.4477,31.4477,0.000000,0
111.2500,32.059,31.4477,31.4477,0.000000,0
111.3000,30.568,35.8321,35.8321,0.000000,0
111.3500,34.483,35.8321,35.8321,0.000000,0
111.4000,26.910,36.3643,36.3643,0.000000,0
111.4500,35.786,36.3643,36.3643,0.000000,0
111.5000,27.747,37.8312,37.8312,0.000000,0
111.5500,41.817,37.8312,37.8312,0.000000,0
111.6000,34.646,42.6833,42.6833,0.000000,0
111.6500,27.869,42.6833,42.6833,0.000000,0
111.7000,30.348,38.8600,38.8600,0.000000,0
111.7500,34.148,38.8600,38.8600,0.000000,0
111.8000,43.233,19.4955,19.4955,0.000000,0
111.8500,40.522,19.4955,19.4955,0.000000,0
111.9000,28.219,30.1581,30.1581,0.000000,0
111.9500,41.097,30.1581,30.1581,0.000000,0
112.0000,39.377,38.5569,38.5569,0.000000,0
112.0500,38.106,38.5569,38.5569,0.000000,0
112.1000,41.618,31.2901,31.2901,0.000000,0
112.1500,28.505,31.2901,31.2901,0.000000,0
112.2000,32.512,31.7664,31.7664,0.000000,0
112.2500,35.288,31.7664,31.7664,0.000000,0
112.3000,32.466,29.3713,29.3713,0.000000,0
112.3500,32.026,29.3713,29.3713,0.000000,0
112.4000,35.768,25.0021,25.0021,0.000000,0
112.4500,54.744,25.0021,25.0021,0.000000,0
112.5000,36.275,35.3690,35.3690,0.000000,0
112.5500,34.621,35.3690,35.3690,0.000000,0
112.6000,37.432,43.8178,43.8178,0.000000,0
112.6500,40.613,43.8178,43.8178,0.000000,0
112.7000,28.416,38.5580,38.5580,0.000000,0
112.7500,36.419,38.5580,38.5580,0.000000,0
112.8000,39.763,36.7928,36.7928,0.000000,0
112.8500,32.978,36.7928,36.7928,0.000000,0
112.9000,35.881,33.1387,33.1387,0.000000,0
112.9500,44.405,33.1387,33.1387,0.000000,0
113.0000,43.026,41.9042,41.9042,0.000000,0
113.0500,45.968,41.9042,41.9042,0.000000,0
113.1000,45.470,39.2007,39.2007,0.000000,0
113.1500,31.695,39.2007,39.2007,0.000000,0
113.2000,34.762,40.6610,40.6610,0.000000,0
113.2500,27.677,40.6610,40.6610,0.000000,0
113.3000,36.078,34.9146,34.9146,0.000000,0
113.3500,34.295,34.9146,34.9146,0.000000,0
113.4000,32.212,34.6793,34.6793,0.000000,0
113.4500,46.355,34.6793,34.6793,0.000000,0
113.5000,33.286,36.6170,36.6170,0.000000,0
113.5500,30.574,36.6170,36.6170,0.000000,0
113.6000,34.737,34.2439,34.2439,0.000000,0
113.6500,37.871,34.2439,34.2439,0.000000,0
113.7000,30.813,31.8774,31.8774,0.000000,0
113.7500,29.103,31.8774,31.8774,0.000000,0
113.8000,31.690,40.6533,40.6533,0.000000,0
113.8500,36.110,40.6533,40.6533,0.000000,0
113.9000,33.738,30.5132,30.5132,0.000000,0
113.9500,46.814,30.5132,30.5132,0.000000,0
114.0000,40.049,34.0574,34.0574,0.000000,0
114.0500,27.900,34.0574,34.0574,0.000000,0
114.1000,42.125,43.1498,43.1498,0.000000,0
114.1500,43.863,43.1498,43.1498,0.000000,0
114.2000,42.785,38.1766,38.1766,0.000000,0
114.2500,35.200,38.1766,38.1766,0.000000,0
114.3000,33.549,41.5892,41.5892,0.000000,0
114.3500,52.687,41.5892,41.5892,0.000000,0
114.4000,35.150,39.0963,39.0963,0.000000,0
114.4500,27.066,39.0963,39.0963,0.000000,0
114.5000,35.388,43.5435,43.5435,0.000000,0
114.5500,29.699,43.5435,43.5435,0.000000,0
114.6000,47.653,38.9984,38.9984,0.000000,0
114.6500,40.821,38.9984,38.9984,0.000000,0
114.7000,27.774,41.8778,41.8778,0.000000,0
114.7500,31.768,41.8778,41.8778,0.000000,0
114.8000,35.784,47.9066,47.9066,0.000000,0
114.8500,27.628,47.9066,47.9066,0.000000,0
114.9000,36.309,40.3009,40.3009,0.000000,0
114.9500,28.816,40.3009,40.3009,0.000000,0
115.0000,37.661,26.9202,26.9202,0.000000,0
115.0500,30.128,26.9202,26.9202,0.000000,0
115.1000,33.663,37.9309,37.9309,0.000000,0
115.1500,42.254,37.9309,37.9309,0.000000,0
115.2000,29.921,37.0896,37.0896,0.000000,0
115.2500,33.505,37.0896,37.0896,0.000000,0
115.3000,30.605,37.8180,37.8180,0.000000,0
115.3500,34.042,37.8180,37.8180,0.000000,0
115.4000,32.621,43.9485,43.9485,0.000000,0
115.4500,29.374,43.9485,43.9485,0.000000,0
115.5000,28.044,34.6208,34.6208,0.000000,0
115.5500,32.199,34.6208,34.6208,0.000000,0
115.6000,45.563,37.8417,37.8417,0.000000,0
115.6500,44.338,37.8417,37.8417,0.000000,0
115.7000,41.419,42.6073,42.6073,0.000000,0
115.7500,34.415,42.6073,42.6073,0.000000,0
115.8000,26.960,27.5679,27.5679,0.000000,0
115.8500,40.523,27.5679,27.5679,0.000000,0
115.9000,28.397,4.0474,4.0474,0.000000,0
115.9500,37.093,4.0474,4.0474,0.000000,0
116.0000,40.371,26.6903,26.6903,0.000000,0
116.0500,27.872,26.6903,26.6903,0.000000,0
116.1000,31.201,32.7589,32.7589,0.000000,0
116.1500,30.030,32.7589,32.7589,0.000000,0
116.2000,37.899,42.6568,42.6568,0.000000,0
116.2500,35.679,42.6568,42.6568,0.000000,0
116.3000,38.876,41.8837,41.8837,0.000000,0
116.3500,32.103,41.8837,41.8837,0.000000,0
116.4000,35.821,37.6790,37.6790,0.000000,0
116.4500,33.561,37.6790,37.6790,0.000000,0
116.5000,46.886,38.4988,38.4988,0.000000,0
116.5500,127.331,38.4988,38.4988,0.000000,0
116.6000,99.877,32.6404,32.6404,0.000000,0
116.6500,79.728,32.6404,32.6404,0.000000,0
116.7000,39.776,40.8641,40.8641,0.000000,0
116.7500,39.744,40.8641,40.8641,0.000000,0
116.8000,33.591,28.4239,28.4239,0.000000,0
116.8500,33.394,28.4239,28.4239,0.000000,0
116.9000,34.700,38.4907,38.4907,0.000000,0
116.9500,35.103,38.4907,38.4907,0.000000,0
117.0000,31.352,36.3704,36.3704,0.000000,0
117.0500,37.308,36.3704,36.3704,0.000000,0
117.1000,31.489,33.8424,33.8424,0.000000,0
117.1500,31.358,33.8424,33.8424,0.000000,0
117.2000,35.921,22.5553,22.5553,0.000000,0
117.2500,31.398,22.5553,22.5553,0.000000,0
117.3000,38.955,26.9207,26.9207,0.000000,0
117.3500,37.087,26.9207,26.9207,0.000000,0
117.4000,35.058,24.1199,24.1199,0.000000,0
117.4500,38.891,24.1199,24.1199,0.000000,0
117.5000,42.778,29.2858,29.2858,0.000000,0
117.5500,47.219,29.2858,29.2858,0.000000,0
117.6000,34.930,27.2412,27.2412,0.000000,0
117.6500,49.522,27.2412,27.2412,0.000000,0
117.7000,30.852,29.1071,29.1071,0.000000,0
117.7500,43.579,29.1071,29.1071,0.000000,0
117.8000,37.019,28.7235,28.7235,0.000000,0
117.8500,33.507,28.7235,28.7235,0.000000,0
117.9000,41.561,33.8913,33.8913,0.000000,0
117.9500,31.522,33.8913,33.8913,0.000000,0
118.0000,37.545,28.0272,28.0272,0.000000,0
118.0500,40.779,28.0272,28.0272,0.000000,0
118.1000,36.064,29.8505,29.8505,0.000000,0
118.1500,40.700,29.8505,29.8505,0.000000,0
118.2000,36.182,34.6917,34.6917,0.000000,0
118.2500,30.357,34.6917,34.6917,0.000000,0
118.3000,39.288,28.2719,28.2719,0.000000,0
118.3500,33.626,28.2719,28.2719,0.000000,0
118.4000,31.393,30.4585,30.4585,0.000000,0
118.4500,34.889,30.4585,30.4585,0.000000,0
118.5000,39.426,21.4055,21.4055,0.000000,0
118.5500,35.333,21.4055,21.4055,0.000000,0
118.6000,37.469,27.9414,27.9414,0.000000,0
118.6500,34.964,27.9414,27.9414,0.000000,0
118.7000,31.451,29.6492,29.6492,0.000000,0
118.7500,33.291,29.6492,29.6492,0.000000,0
118.8000,33.203,33.9101,33.9101,0.000000,0
118.8500,33.338,33.9101,33.9101,0.000000,0
118.9000,34.607,31.5765,31.5765,0.000000,0
118.9500,34.434,31.5765,31.5765,0.000000,0
119.0000,35.063,34.6228,34.6228,0.000000,0
119.0500,30.781,34.6228,34.6228,0.000000,0
119.1000,35.577,35.1405,35.1405,0.000000,0
119.1500,30.523,35.1405,35.1405,0.000000,0
119.2000,32.602,34.9084,34.9084,0.000000,0
119.2500,41.469,34.9084,34.9084,0.000000,0
119.3000,39.089,26.0723,26.0723,0.000000,0
119.3500,33.513,26.0723,26.0723,0.000000,0
119.4000,33.440,37.3616,37.3616,0.000000,0
119.4500,35.107,37.3616,37.3616,0.000000,0
119.5000,31.088,37.6037,37.6037,0.000000,0
