t_s,rtt_ms,capacity_mbps,cubic_goodput_mbps,loss_p,reconfig
0.0000,61.870,7.6597,7.6597,0.000000,0
0.0500,80.768,7.6597,7.6597,0.000000,0
0.1000,68.893,7.6601,7.6601,0.000000,0
0.1500,87.715,7.6601,7.6601,0.000000,0
0.2000,69.166,6.3075,6.3075,0.000000,0
0.2500,78.040,6.3075,6.3075,0.000000,0
0.3000,81.076,12.1656,12.1656,0.000000,0
0.3500,79.891,12.1656,12.1656,0.000000,0
0.4000,61.028,8.5601,8.5601,0.000000,0
0.4500,81.397,8.5601,8.5601,0.000000,0
0.5000,68.647,11.0386,11.0386,0.000000,0
0.5500,71.192,11.0386,11.0386,0.000000,0
0.6000,58.453,10.5890,10.5890,0.000000,0
0.6500,79.175,10.5890,10.5890,0.000000,0
0.7000,59.977,11.4893,11.4893,0.000000,0
0.7500,69.452,11.4893,11.4893,0.000000,0
0.8000,88.728,14.8680,14.8680,0.000000,0
0.8500,70.445,14.8680,14.8680,0.000000,0
0.9000,68.041,14.6936,14.6936,0.000000,0
0.9500,70.727,14.6936,14.6936,0.000000,0
1.0000,58.960,14.3675,14.3675,0.000000,0
1.0500,61.532,14.3675,14.3675,0.000000,0
1.1000,60.576,15.0951,15.0951,0.000000,0
1.1500,59.430,15.0951,15.0951,0.000000,0
1.2000,72.591,13.0660,13.0660,0.000000,0
1.2500,60.067,13.0660,13.0660,0.000000,0
1.3000,58.882,13.4869,13.4869,0.000000,0
1.3500,72.415,13.4869,13.4869,0.000000,0
1.4000,59.468,20.8297,20.8297,0.000000,0
1.4500,68.629,20.8297,20.8297,0.000000,0
1.5000,71.560,20.4426,20.4426,0.000000,0
1.5500,69.786,20.4426,20.4426,0.000000,0
1.6000,78.843,16.1082,16.1082,0.000000,0
1.6500,60.323,16.1082,16.1082,0.000000,0
1.7000,73.416,18.5850,18.5850,0.000000,0
1.7500,61.385,18.5850,18.5850,0.000000,0
1.8000,59.193,24.8506,24.8506,0.000000,0
1.8500,68.838,24.8506,24.8506,0.000000,0
1.9000,71.266,19.4329,19.4329,0.000000,0
1.9500,59.543,19.4329,19.4329,0.000000,0
2.0000,62.117,29.1433,29.1433,0.000000,0
2.0500,59.011,29.1433,29.1433,0.000000,0
2.1000,59.090,24.4860,24.4860,0.000000,0
2.1500,60.477,24.4860,24.4860,0.000000,0
2.2000,69.787,24.7823,24.7823,0.000000,0
2.2500,68.444,24.7823,24.7823,0.000000,0
2.3000,60.097,28.3836,28.3836,0.000000,0
2.3500,59.058,28.3836,28.3836,0.000000,0
2.4000,62.529,29.2566,29.2566,0.000000,0
2.4500,70.339,29.2566,29.2566,0.000000,0
2.5000,58.630,33.5540,33.5540,0.000000,0
2.5500,71.879,33.5540,33.5540,0.000000,0
2.6000,59.271,37.8607,37.8607,0.000000,0
2.6500,57.762,37.8607,37.8607,0.000000,0
2.7000,60.438,33.6983,33.6983,0.000000,0
2.7500,59.208,33.6983,33.6983,0.000000,0
2.8000,72.268,44.4852,44.4852,0.000000,0
2.8500,60.433,44.4852,44.4852,0.000000,0
2.9000,57.998,42.9156,42.9156,0.000000,0
2.9500,72.171,42.9156,42.9156,0.000000,0
3.0000,59.723,43.0353,43.0353,0.000000,0
3.0500,67.563,43.0353,43.0353,0.000000,0
3.1000,60.557,50.9796,50.9796,0.000000,0
3.1500,69.385,50.9796,50.9796,0.000000,0
3.2000,61.949,65.5074,65.5074,0.000000,0
3.2500,59.774,65.5074,65.5074,0.000000,0
3.3000,69.084,51.1096,51.1096,0.000000,0
3.3500,61.854,51.1096,51.1096,0.000000,0
3.4000,70.122,50.9137,50.9137,0.000000,0
3.4500,68.370,50.9137,50.9137,0.000000,0
3.5000,61.120,55.1815,55.1815,0.000000,0
3.5500,79.718,55.1815,55.1815,0.000000,0
3.6000,61.717,62.3544,62.3544,0.000000,0
3.6500,64.695,62.3544,62.3544,0.000000,0
3.7000,57.965,62.2320,62.2320,0.000000,0
3.7500,56.847,62.2320,62.2320,0.000000,0
3.8000,59.663,96.5495,96.5495,0.000000,0
3.8500,57.205,96.5495,96.5495,0.000000,0
3.9000,55.738,44.4924,44.4924,0.000000,0
3.9500,59.551,44.4924,44.4924,0.000000,0
4.0000,57.132,88.6458,88.6458,0.000000,0
4.0500,65.178,88.6458,88.6458,0.000000,0
4.1000,56.946,56.6228,56.6228,0.000000,0
4.1500,67.366,56.6228,56.6228,0.000000,0
4.2000,60.160,51.3669,51.3669,0.000000,0
4.2500,57.543,51.3669,51.3669,0.000000,0
4.3000,55.650,59.5489,59.5489,0.000000,0
4.3500,64.849,59.5489,59.5489,0.000000,0
4.4000,57.056,23.9650,23.9650,0.000000,0
4.4500,70.691,23.9650,23.9650,0.000000,0
4.5000,74.782,72.1221,72.1221,0.000000,0
4.5500,56.032,72.1221,72.1221,0.000000,0
4.6000,69.751,36.1793,36.1793,0.000000,0
4.6500,57.039,36.1793,36.1793,0.000000,0
4.7000,65.758,45.0592,45.0592,0.000000,0
4.7500,58.970,45.0592,45.0592,0.000000,0
4.8000,56.308,38.0738,38.0738,0.000000,0
4.8500,65.682,38.0738,38.0738,0.000000,0
4.9000,58.483,42.6799,42.6799,0.000000,0
4.9500,55.525,42.6799,42.6799,0.000000,0
5.0000,59.682,44.9595,44.9595,0.000000,0
5.0500,63.592,44.9595,44.9595,0.000000,0
5.1000,54.391,47.4028,47.4028,0.000000,0
5.1500,64.693,47.4028,47.4028,0.000000,0
5.2000,72.825,33.4544,33.4544,0.000000,0
5.2500,60.268,33.4544,33.4544,0.000000,0
5.3000,73.947,28.6338,28.6338,0.000000,0
5.3500,56.177,28.6338,28.6338,0.000000,0
5.4000,59.990,39.7258,39.7258,0.000000,0
5.4500,62.381,39.7258,39.7258,0.000000,0
5.5000,65.954,22.6425,22.6425,0.000000,0
5.5500,58.092,22.6425,22.6425,0.000000,0
5.6000,57.459,22.9790,22.9790,0.000000,0
5.6500,60.519,22.9790,22.9790,0.000000,0
5.7000,58.099,23.8797,23.8797,0.000000,0
5.7500,56.616,23.8797,23.8797,0.000000,0
5.8000,55.036,23.0903,23.0903,0.000000,0
5.8500,57.998,23.0903,23.0903,0.000000,0
5.9000,61.560,24.7803,24.7803,0.000000,0
5.9500,58.870,24.7803,24.7803,0.000000,0
6.0000,57.166,27.4387,27.4387,0.000000,0
6.0500,60.539,27.4387,27.4387,0.000000,0
6.1000,58.783,28.7031,28.7031,0.000000,0
6.1500,55.456,28.7031,28.7031,0.000000,0
6.2000,64.757,21.8675,21.8675,0.000000,0
6.2500,57.829,21.8675,21.8675,0.000000,0
6.3000,66.561,23.7754,23.7754,0.000000,0
6.3500,58.825,23.7754,23.7754,0.000000,0
6.4000,57.179,27.2512,27.2512,0.000000,0
6.4500,60.800,27.2512,27.2512,0.000000,0
6.5000,79.744,24.6753,24.6753,0.000000,0
6.5500,61.542,24.6753,24.6753,0.000000,0
6.6000,59.270,23.5928,23.5928,0.000000,0
6.6500,69.155,23.5928,23.5928,0.000000,0
6.7000,61.609,30.0394,30.0394,0.000000,0
6.7500,58.820,30.0394,30.0394,0.000000,0
6.8000,73.798,24.3766,24.3766,0.000000,0
6.8500,60.158,24.3766,24.3766,0.000000,0
6.9000,57.677,35.4722,35.4722,0.000000,0
6.9500,61.734,35.4722,35.4722,0.000000,0
7.0000,70.175,23.5851,23.5851,0.000000,0
7.0500,58.043,23.5851,23.5851,0.000000,0
7.1000,55.841,28.4991,28.4991,0.000000,0
7.1500,68.452,28.4991,28.4991,0.000000,0
7.2000,77.248,30.0728,30.0728,0.000000,0
7.2500,70.402,30.0728,30.0728,0.000000,0
7.3000,69.478,24.6247,24.6247,0.000000,0
7.3500,61.235,24.6247,24.6247,0.000000,0
7.4000,65.756,31.0021,31.0021,0.000000,0
7.4500,83.490,31.0021,31.0021,0.000000,0
7.5000,55.180,33.6620,33.6620,0.000000,0
7.5500,57.562,33.6620,33.6620,0.000000,0
7.6000,56.605,31.2252,31.2252,0.000000,0
7.6500,59.985,31.2252,31.2252,0.000000,0
7.7000,63.687,30.7315,30.7315,0.000000,0
7.7500,60.503,30.7315,30.7315,0.000000,0
7.8000,69.845,27.6255,27.6255,0.000000,0
7.8500,57.474,27.6255,27.6255,0.000000,0
7.9000,54.589,28.9183,28.9183,0.000000,0
7.9500,57.985,28.9183,28.9183,0.000000,0
8.0000,56.990,32.4267,32.4267,0.000000,0
8.0500,55.089,32.4267,32.4267,0.000000,0
8.1000,63.875,31.1256,31.1256,0.000000,0
8.1500,66.550,31.1256,31.1256,0.000000,0
8.2000,63.816,25.3978,25.3978,0.000000,0
8.2500,57.381,25.3978,25.3978,0.000000,0
8.3000,59.839,33.8136,33.8136,0.000000,0
8.3500,69.891,33.8136,33.8136,0.000000,0
8.4000,62.401,28.3864,28.3864,0.000000,0
8.4500,59.510,28.3864,28.3864,0.000000,0
8.5000,63.277,22.1290,22.1290,0.000000,0
8.5500,62.084,22.1290,22.1290,0.000000,0
8.6000,54.658,20.4441,20.4441,0.000000,0
8.6500,57.498,20.4441,20.4441,0.000000,0
8.7000,66.251,31.2277,31.2277,0.000000,0
8.7500,69.018,31.2277,31.2277,0.000000,0
8.8000,61.038,25.9062,25.9062,0.000000,0
8.8500,60.371,25.9062,25.9062,0.000000,0
8.9000,69.295,29.8202,29.8202,0.000000,0
8.9500,66.476,29.8202,29.8202,0.000000,0
9.0000,54.668,32.7994,32.7994,0.000000,0
9.0500,57.007,32.7994,32.7994,0.000000,0
9.1000,54.788,31.3848,31.3848,0.000000,0
9.1500,64.471,31.3848,31.3848,0.000000,0
9.2000,57.396,27.3827,27.3827,0.000000,0
9.2500,55.465,27.3827,27.3827,0.000000,0
9.3000,63.737,30.3803,30.3803,0.000000,0
9.3500,56.084,30.3803,30.3803,0.000000,0
9.4000,76.085,34.4135,34.4135,0.000000,0
9.4500,68.379,34.4135,34.4135,0.000000,0
9.5000,61.586,24.5560,24.5560,0.000000,0
9.5500,69.493,24.5560,24.5560,0.000000,0
9.6000,68.204,35.9356,35.9356,0.000000,0
9.6500,70.410,35.9356,35.9356,0.000000,0
9.7000,63.265,28.4062,28.4062,0.000000,0
9.7500,71.819,28.4062,28.4062,0.000000,0
9.8000,54.987,21.7378,21.7378,0.000000,0
9.8500,63.390,21.7378,21.7378,0.000000,0
9.9000,55.359,30.0761,30.0761,0.000000,0
9.9500,58.290,30.0761,30.0761,0.000000,0
10.0000,57.312,26.3064,26.3064,0.000000,0
10.0500,54.403,26.3064,26.3064,0.000000,0
10.1000,74.704,31.7966,31.7966,0.000000,0
10.1500,67.339,31.7966,31.7966,0.000000,0
10.2000,59.312,26.8303,26.8303,0.000000,0
10.2500,57.975,26.8303,26.8303,0.000000,0
10.3000,59.622,27.9361,27.9361,0.000000,0
10.3500,59.060,27.9361,27.9361,0.000000,0
10.4000,57.232,0.0000,0.0000,0.000000,0
10.4500,60.437,0.0000,0.0000,0.000000,0
10.5000,57.999,37.6715,37.6715,0.000000,0
10.5500,61.502,37.6715,37.6715,0.000000,0
10.6000,70.456,19.0358,19.0358,0.000000,0
10.6500,61.477,19.0358,19.0358,0.000000,0
10.7000,61.085,23.1533,23.1533,0.000000,0
10.7500,70.142,23.1533,23.1533,0.000000,0
10.8000,71.701,27.1221,27.1221,0.000000,0
10.8500,59.821,27.1221,27.1221,0.000000,0
10.9000,57.822,21.1370,21.1370,0.000000,0
10.9500,61.183,21.1370,21.1370,0.000000,0
11.0000,70.451,16.8974,16.8974,0.000000,0
11.0500,62.378,16.8974,16.8974,0.000000,0
11.1000,61.128,23.4730,23.4730,0.000000,0
11.1500,63.762,23.4730,23.4730,0.000000,0
11.2000,55.790,23.4964,23.4964,0.000000,0
11.2500,54.491,23.4964,23.4964,0.000000,0
11.3000,57.865,25.4584,25.4584,0.000000,0
11.3500,149.085,25.4584,25.4584,0.000000,0
11.4000,109.057,19.3714,19.3714,0.000000,0
11.4500,109.057,19.3714,19.3714,0.000000,0
11.5000,52.386,21.5686,21.5686,0.000000,0
11.5500,39.764,21.5686,21.5686,0.000000,0
11.6000,53.035,25.6204,25.6204,0.000000,0
11.6500,78.429,25.6204,25.6204,0.000000,0
11.7000,54.648,17.3459,17.3459,0.000000,0
11.7500,47.063,17.3459,17.3459,0.000000,0
11.8000,50.551,18.5856,18.5856,0.000000,0
11.8500,47.380,18.5856,18.5856,0.000000,0
11.9000,56.830,17.2941,17.2941,0.000000,0
11.9500,87.271,17.2941,17.2941,0.000000,0
12.0000,111.856,20.5422,20.5422,0.000000,0
12.0500,93.500,20.5422,20.5422,0.000000,0
12.1000,70.569,21.5136,21.5136,0.000000,0
12.1500,62.918,21.5136,21.5136,0.000000,0
12.2000,72.829,13.0658,13.0658,0.000000,0
12.2500,59.398,13.0658,13.0658,0.000000,0
12.3000,48.500,15.9345,15.9345,0.000000,0
12.3500,54.009,15.9345,15.9345,0.000000,0
12.4000,52.188,13.6151,13.6151,0.000000,0
12.4500,58.616,13.6151,13.6151,0.000000,0
12.5000,50.614,11.6888,11.6888,0.000000,0
12.5500,42.805,11.6888,11.6888,0.000000,0
12.6000,51.319,13.2913,13.2913,0.000000,0
12.6500,70.414,13.2913,13.2913,0.000000,0
12.7000,41.005,15.0939,15.0939,0.000000,0
12.7500,39.137,15.0939,15.0939,0.000000,0
12.8000,53.149,12.8416,12.8416,0.000000,0
12.8500,78.665,12.8416,12.8416,0.000000,0
12.9000,53.880,13.7415,13.7415,0.000000,0
12.9500,74.309,13.7415,13.7415,0.000000,0
13.0000,55.879,14.6837,14.6837,0.000000,0
13.0500,50.891,14.6837,14.6837,0.000000,0
13.1000,57.820,8.3349,8.3349,0.000000,0
13.1500,50.026,8.3349,8.3349,0.000000,0
13.2000,48.768,12.6944,12.6944,0.000000,0
13.2500,68.682,12.6944,12.6944,0.000000,0
13.3000,59.728,14.7557,14.7557,0.000000,0
13.3500,60.138,14.7557,14.7557,0.000000,0
13.4000,56.580,6.0824,6.0824,0.000000,0
13.4500,58.949,6.0824,6.0824,0.000000,0
13.5000,50.100,15.0944,15.0944,0.000000,0
13.5500,51.615,15.0944,15.0944,0.000000,0
13.6000,57.870,9.4832,9.4832,0.000000,0
13.6500,45.260,9.4832,9.4832,0.000000,0
13.7000,43.609,11.3708,11.3708,0.000000,0
13.7500,53.212,11.3708,11.3708,0.000000,0
13.8000,46.532,9.3332,9.3332,0.000000,0
13.8500,48.639,9.3332,9.3332,0.000000,0
13.9000,51.484,9.6865,9.6865,0.000000,0
13.9500,50.411,9.6865,9.6865,0.000000,0
14.0000,75.162,11.9396,11.9396,0.000000,0
14.0500,45.591,11.9396,11.9396,0.000000,0
14.1000,86.766,8.5559,8.5559,0.000000,0
14.1500,58.716,8.5559,8.5559,0.000000,0
14.2000,67.589,11.7466,11.7466,0.000000,0
14.2500,53.736,11.7466,11.7466,0.000000,0
14.3000,52.887,12.2827,12.2827,0.000000,0
14.3500,56.339,12.2827,12.2827,0.000000,0
14.4000,59.435,12.2457,12.2457,0.000000,0
14.4500,40.721,12.2457,12.2457,0.000000,0
14.5000,38.320,7.4349,7.4349,0.000000,0
14.5500,46.379,7.4349,7.4349,0.000000,0
14.6000,45.803,12.8411,12.8411,0.000000,0
14.6500,64.341,12.8411,12.8411,0.000000,0
14.7000,41.656,14.1194,14.1194,0.000000,0
14.7500,65.290,14.1194,14.1194,0.000000,0
14.8000,42.615,8.6480,8.6480,0.000000,0
14.8500,44.314,8.6480,8.6480,0.000000,0
14.9000,64.950,11.7157,11.7157,0.000000,0
14.9500,51.379,11.7157,11.7157,0.000000,0
15.0000,44.262,11.0386,11.0386,0.000000,0
15.0500,41.455,11.0386,11.0386,0.000000,0
15.1000,51.424,11.1817,11.1817,0.000000,0
15.1500,44.833,11.1817,11.1817,0.000000,0
15.2000,59.794,12.4700,12.4700,0.000000,0
15.2500,46.710,12.4700,12.4700,0.000000,0
15.3000,49.717,13.3280,13.3280,0.000000,0
15.3500,47.035,13.3280,13.3280,0.000000,0
15.4000,45.625,6.7391,6.7391,0.000000,0
15.4500,42.907,6.7391,6.7391,0.000000,0
15.5000,41.226,9.6867,9.6867,0.000000,0
15.5500,52.116,9.6867,9.6867,0.000000,0
15.6000,64.727,11.4899,11.4899,0.000000,0
15.6500,51.042,11.4899,11.4899,0.000000,0
15.7000,44.026,12.3900,12.3900,0.000000,0
15.7500,41.485,12.3900,12.3900,0.000000,0
15.8000,51.309,9.1249,9.1249,0.000000,0
15.8500,43.864,9.1249,9.1249,0.000000,0
15.9000,52.599,12.0521,12.0521,0.000000,0
15.9500,56.138,12.0521,12.0521,0.000000,0
16.0000,64.685,11.9421,11.9421,0.000000,0
16.0500,71.194,11.9421,11.9421,0.000000,0
16.1000,50.516,10.8108,10.8108,0.000000,0
16.1500,49.127,10.8108,10.8108,0.000000,0
16.2000,63.761,7.5469,7.5469,0.000000,0
16.2500,53.782,7.5469,7.5469,0.000000,0
16.3000,57.333,8.2225,8.2225,0.000000,0
16.3500,44.878,8.2225,8.2225,0.000000,0
16.4000,46.853,8.3354,8.3354,0.000000,0
16.4500,61.541,8.3354,8.3354,0.000000,0
16.5000,70.748,8.5615,8.5615,0.000000,0
16.5500,42.372,8.5615,8.5615,0.000000,0
16.6000,45.966,7.8838,7.8838,0.000000,0
16.6500,53.546,7.8838,7.8838,0.000000,0
16.7000,46.516,7.9099,7.9099,0.000000,0
16.7500,39.403,7.9099,7.9099,0.000000,0
16.8000,42.170,7.8811,7.8811,0.000000,0
16.8500,46.179,7.8811,7.8811,0.000000,0
16.9000,48.408,7.9773,7.9773,0.000000,0
16.9500,41.928,7.9773,7.9773,0.000000,0
17.0000,49.726,8.2223,8.2223,0.000000,0
17.0500,48.002,8.2223,8.2223,0.000000,0
17.1000,41.763,6.8708,6.8708,0.000000,0
17.1500,40.674,6.8708,6.8708,0.000000,0
17.2000,43.378,9.0114,9.0114,0.000000,0
17.2500,50.593,9.0114,9.0114,0.000000,0
17.3000,53.754,7.0960,7.0960,0.000000,0
17.3500,52.779,7.0960,7.0960,0.000000,0
17.4000,45.414,7.2100,7.2100,0.000000,0
17.4500,53.784,7.2100,7.2100,0.000000,0
17.5000,46.288,11.0564,11.0564,0.000000,0
17.5500,55.358,11.0564,11.0564,0.000000,0
17.6000,52.423,10.8190,10.8190,0.000000,0
17.6500,46.862,10.8190,10.8190,0.000000,0
17.7000,54.310,6.3112,6.3112,0.000000,0
17.7500,41.089,6.3112,6.3112,0.000000,0
17.8000,61.818,5.6312,5.6312,0.000000,0
17.8500,48.165,5.6312,5.6312,0.000000,0
17.9000,60.468,0.0000,0.0000,0.000000,0
17.9500,82.629,0.0000,0.0000,0.000000,0
18.0000,58.645,10.1530,10.1530,0.000000,0
18.0500,58.963,10.1530,10.1530,0.000000,0
18.1000,53.930,0.4492,0.4492,0.000000,0
18.1500,63.107,0.4492,0.4492,0.000000,0
18.2000,45.992,1.0165,1.0165,0.000000,0
18.2500,71.549,1.0165,1.0165,0.000000,0
18.3000,52.437,0.0000,0.0000,0.000000,0
18.3500,52.008,0.0000,0.0000,0.000000,0
18.4000,91.123,0.2247,0.2247,0.000000,0
18.4500,68.654,0.2247,0.2247,0.000000,0
18.5000,55.655,9.4614,9.4614,0.000000,0
18.5500,48.290,9.4614,9.4614,0.000000,0
18.6000,42.665,0.4516,0.4516,0.000000,0
18.6500,59.954,0.4516,0.4516,0.000000,0
18.7000,46.808,3.4921,3.4921,0.000000,0
18.7500,123.190,3.4921,3.4921,0.000000,0
18.8000,164.577,0.2248,0.2248,0.000000,0
18.8500,172.418,0.2248,0.2248,0.000000,0
18.9000,132.333,1.3523,1.3523,0.000000,0
18.9500,83.168,1.3523,1.3523,0.000000,0
19.0000,45.740,0.0000,0.0000,0.000000,0
19.0500,163.324,0.0000,0.0000,0.000000,0
19.1000,260.786,0.0000,0.0000,0.000000,0
19.1500,227.548,0.0000,0.0000,0.000000,0
19.2000,197.821,0.6752,0.6752,0.000000,0
19.2500,170.974,0.6752,0.6752,0.000000,0
19.3000,160.952,0.9009,0.9009,0.000000,0
19.3500,143.117,0.9009,0.9009,0.000000,0
19.4000,103.723,3.3883,3.3883,0.000000,0
19.4500,74.919,3.3883,3.3883,0.000000,0
19.5000,196.153,3.1550,3.1550,0.000000,0
19.5500,235.552,3.1550,3.1550,0.000000,0
19.6000,240.153,3.2661,3.2661,0.000000,0
19.6500,249.926,3.2661,3.2661,0.000000,0
19.7000,246.731,3.1540,3.1540,0.000000,0
19.7500,239.515,3.1540,3.1540,0.000000,0
19.8000,232.919,2.1401,2.1401,0.000000,0
19.8500,221.937,2.1401,2.1401,0.000000,0
19.9000,222.477,2.3671,2.3671,0.000000,0
19.9500,205.296,2.3671,2.3671,0.000000,0
20.0000,210.422,3.2653,3.2653,0.000000,0
20.0500,222.551,3.2653,3.2653,0.000000,0
20.1000,219.748,2.3656,2.3656,0.000000,0
20.1500,201.231,2.3656,2.3656,0.000000,0
20.2000,200.685,1.9147,1.9147,0.000000,0
20.2500,199.953,1.9147,1.9147,0.000000,0
20.3000,180.710,2.9251,2.9251,0.000000,0
20.3500,158.719,2.9251,2.9251,0.000000,0
20.4000,141.393,2.2555,2.2555,0.000000,0
20.4500,114.955,2.2555,2.2555,0.000000,0
20.5000,122.140,1.3474,1.3474,0.000000,0
20.5500,115.121,1.3474,1.3474,0.000000,0
20.6000,111.669,1.5816,1.5816,0.000000,0
20.6500,119.840,1.5816,1.5816,0.000000,0
20.7000,94.668,1.8026,1.8026,0.000000,0
20.7500,100.968,1.8026,1.8026,0.000000,0
20.8000,108.578,0.4504,0.4504,0.000000,0
20.8500,91.999,0.4504,0.4504,0.000000,0
20.9000,119.757,0.0000,0.0000,0.000000,0
20.9500,118.544,0.0000,0.0000,0.000000,0
21.0000,135.207,0.0000,0.0000,0.000000,0
21.0500,163.081,0.0000,0.0000,0.000000,0
21.1000,152.487,4.0565,4.0565,0.000000,0
21.1500,159.218,4.0565,4.0565,0.000000,0
21.2000,152.642,1.5769,1.5769,0.000000,0
21.2500,159.990,1.5769,1.5769,0.000000,0
21.3000,162.114,3.3800,3.3800,0.000000,0
21.3500,173.360,3.3800,3.3800,0.000000,0
21.4000,179.302,3.4917,3.4917,0.000000,0
21.4500,198.147,3.4917,3.4917,0.000000,0
21.5000,195.625,2.8147,2.8147,0.000000,0
21.5500,210.438,2.8147,2.8147,0.000000,0
21.6000,241.697,3.5953,3.5953,0.000000,0
21.6500,233.550,3.5953,3.5953,0.000000,0
21.7000,231.400,4.5056,4.5056,0.000000,0
21.7500,239.753,4.5056,4.5056,0.000000,0
21.8000,242.170,4.0677,4.0677,0.000000,0
21.8500,230.566,4.0677,4.0677,0.000000,0
21.9000,217.890,3.6043,3.6043,0.000000,0
21.9500,192.145,3.6043,3.6043,0.000000,0
22.0000,165.881,3.1543,3.1543,0.000000,0
22.0500,174.040,3.1543,3.1543,0.000000,0
22.1000,162.437,4.2805,4.2805,0.000000,0
22.1500,140.283,4.2805,4.2805,0.000000,0
22.2000,111.284,3.1536,3.1536,0.000000,0
22.2500,82.137,3.1536,3.1536,0.000000,0
22.3000,73.930,3.3786,3.3786,0.000000,0
22.3500,72.130,3.3786,3.3786,0.000000,0
22.4000,73.714,3.5939,3.5939,0.000000,0
22.4500,89.472,3.5939,3.5939,0.000000,0
22.5000,86.390,2.9379,2.9379,0.000000,0
22.5500,80.734,2.9379,2.9379,0.000000,0
22.6000,72.662,1.8015,1.8015,0.000000,0
22.6500,81.947,1.8015,1.8015,0.000000,0
22.7000,79.331,2.2515,2.2515,0.000000,0
22.7500,78.619,2.2515,2.2515,0.000000,0
22.8000,73.055,2.0234,2.0234,0.000000,0
22.8500,79.374,2.0234,2.0234,0.000000,0
22.9000,81.869,1.5768,1.5768,0.000000,0
22.9500,81.671,1.5768,1.5768,0.000000,0
23.0000,89.796,2.2599,2.2599,0.000000,0
23.0500,92.732,2.2599,2.2599,0.000000,0
23.1000,94.087,2.2517,2.2517,0.000000,0
23.1500,93.236,2.2517,2.2517,0.000000,0
23.2000,102.845,3.1542,3.1542,0.000000,0
23.2500,80.015,3.1542,3.1542,0.000000,0
23.3000,107.720,1.1233,1.1233,0.000000,0
23.3500,105.330,1.1233,1.1233,0.000000,0
23.4000,113.845,2.2597,2.2597,0.000000,0
23.4500,108.750,2.2597,2.2597,0.000000,0
23.5000,122.563,0.8995,0.8995,0.000000,0
23.5500,146.721,0.8995,0.8995,0.000000,0
23.6000,161.456,2.9249,2.9249,0.000000,0
23.6500,172.102,2.9249,2.9249,0.000000,0
23.7000,180.575,1.1297,1.1297,0.000000,0
23.7500,199.780,1.1297,1.1297,0.000000,0
23.8000,212.734,2.9288,2.9288,0.000000,0
23.8500,211.624,2.9288,2.9288,0.000000,0
23.9000,193.020,2.2512,2.2512,0.000000,0
23.9500,169.331,2.2512,2.2512,0.000000,0
24.0000,153.031,2.2539,2.2539,0.000000,0
24.0500,153.460,2.2539,2.2539,0.000000,0
24.1000,140.563,2.4709,2.4709,0.000000,0
24.1500,161.518,2.4709,2.4709,0.000000,0
24.2000,170.435,1.8080,1.8080,0.000000,0
24.2500,212.143,1.8080,1.8080,0.000000,0
24.3000,204.032,3.1528,3.1528,0.000000,0
24.3500,213.499,3.1528,3.1528,0.000000,0
24.4000,221.026,3.1452,3.1452,0.000000,0
24.4500,219.889,3.1452,3.1452,0.000000,0
24.5000,214.909,2.4863,2.4863,0.000000,0
24.5500,220.202,2.4863,2.4863,0.000000,0
24.6000,191.801,3.1540,3.1540,0.000000,0
24.6500,189.352,3.1540,3.1540,0.000000,0
24.7000,180.780,2.2468,2.2468,0.000000,0
24.7500,173.136,2.2468,2.2468,0.000000,0
24.8000,155.322,1.8011,1.8011,0.000000,0
24.8500,161.372,1.8011,1.8011,0.000000,0
24.9000,143.543,1.8023,1.8023,0.000000,0
24.9500,151.697,1.8023,1.8023,0.000000,0
25.0000,163.100,2.2590,2.2590,0.000000,0
25.0500,178.908,2.2590,2.2590,0.000000,0
25.1000,164.815,1.3488,1.3488,0.000000,0
25.1500,169.305,1.3488,1.3488,0.000000,0
25.2000,165.314,3.9514,3.9514,0.000000,0
25.2500,142.019,3.9514,3.9514,0.000000,0
25.3000,131.336,3.9330,3.9330,0.000000,0
25.3500,121.235,3.9330,3.9330,0.000000,0
25.4000,115.022,0.0000,0.0000,0.000000,0
25.4500,133.394,0.0000,0.0000,0.000000,0
25.5000,153.088,0.2260,0.2260,0.000000,0
25.5500,135.319,0.2260,0.2260,0.000000,0
25.6000,144.957,1.9151,1.9151,0.000000,0
25.6500,181.705,1.9151,1.9151,0.000000,0
25.7000,200.668,4.5043,4.5043,0.000000,0
25.7500,200.180,4.5043,4.5043,0.000000,0
25.8000,200.861,3.1549,3.1549,0.000000,0
25.8500,210.150,3.1549,3.1549,0.000000,0
25.9000,208.862,4.2790,4.2790,0.000000,0
25.9500,212.129,4.2790,4.2790,0.000000,0
26.0000,192.550,4.3946,4.3946,0.000000,0
26.0500,170.306,4.3946,4.3946,0.000000,0
26.1000,135.247,4.1541,4.1541,0.000000,0
26.1500,119.129,4.1541,4.1541,0.000000,0
26.2000,113.949,5.3120,5.3120,0.000000,0
26.2500,110.978,5.3120,5.3120,0.000000,0
26.3000,92.711,3.1539,3.1539,0.000000,0
26.3500,130.967,3.1539,3.1539,0.000000,0
26.4000,163.368,4.5050,4.5050,0.000000,0
26.4500,140.469,4.5050,4.5050,0.000000,0
26.5000,101.684,3.8176,3.8176,0.000000,0
26.5500,86.357,3.8176,3.8176,0.000000,0
26.6000,66.114,4.6328,4.6328,0.000000,0
26.6500,60.013,4.6328,4.6328,0.000000,0
26.7000,66.395,5.5190,5.5190,0.000000,0
26.7500,71.911,5.5190,5.5190,0.000000,0
26.8000,90.694,5.6326,5.6326,0.000000,0
26.8500,65.397,5.6326,5.6326,0.000000,0
26.9000,69.860,4.7181,4.7181,0.000000,0
26.9500,89.676,4.7181,4.7181,0.000000,0
27.0000,59.949,3.8393,3.8393,0.000000,0
27.0500,62.537,3.8393,3.8393,0.000000,0
27.1000,55.892,5.8583,5.8583,0.000000,0
27.1500,63.729,5.8583,5.8583,0.000000,0
27.2000,56.204,6.4204,6.4204,0.000000,0
27.2500,71.867,6.4204,6.4204,0.000000,0
27.3000,62.396,4.6036,4.6036,0.000000,0
27.3500,100.116,4.6036,4.6036,0.000000,0
27.4000,61.560,4.6331,4.6331,0.000000,0
27.4500,74.306,4.6331,4.6331,0.000000,0
27.5000,67.567,5.0684,5.0684,0.000000,0
27.5500,60.027,5.0684,5.0684,0.000000,0
27.6000,79.818,6.5340,6.5340,0.000000,0
27.6500,61.024,6.5340,6.5340,0.000000,0
27.7000,59.784,4.8432,4.8432,0.000000,0
27.7500,63.143,4.8432,4.8432,0.000000,0
27.8000,60.834,5.4070,5.4070,0.000000,0
27.8500,58.932,5.4070,5.4070,0.000000,0
27.9000,72.960,4.6180,4.6180,0.000000,0
27.9500,59.682,4.6180,4.6180,0.000000,0
28.0000,94.383,4.5031,4.5031,0.000000,0
28.0500,60.632,4.5031,4.5031,0.000000,0
28.1000,59.308,5.2804,5.2804,0.000000,0
28.1500,65.897,5.2804,5.2804,0.000000,0
28.2000,71.752,4.8430,4.8430,0.000000,0
28.2500,74.003,4.8430,4.8430,0.000000,0
28.3000,65.508,6.6676,6.6676,0.000000,0
28.3500,60.311,6.6676,6.6676,0.000000,0
28.4000,89.753,3.6045,3.6045,0.000000,0
28.4500,61.481,3.6045,3.6045,0.000000,0
28.5000,71.187,3.7019,3.7019,0.000000,0
28.5500,66.190,3.7019,3.7019,0.000000,0
28.6000,60.208,3.8349,3.8349,0.000000,0
28.6500,56.396,3.8349,3.8349,0.000000,0
28.7000,57.331,4.4036,4.4036,0.000000,0
28.7500,108.517,4.4036,4.4036,0.000000,0
28.8000,79.941,6.6478,6.6478,0.000000,0
28.8500,60.435,6.6478,6.6478,0.000000,0
28.9000,64.734,4.0531,4.0531,0.000000,0
28.9500,65.334,4.0531,4.0531,0.000000,0
29.0000,87.540,7.5482,7.5482,0.000000,0
29.0500,59.627,7.5482,7.5482,0.000000,0
29.1000,72.885,4.0452,4.0452,0.000000,0
29.1500,59.848,4.0452,4.0452,0.000000,0
29.2000,57.549,5.9701,5.9701,0.000000,0
29.2500,75.991,5.9701,5.9701,0.000000,0
29.3000,61.128,4.2802,4.2802,0.000000,0
29.3500,68.005,4.2802,4.2802,0.000000,0
29.4000,60.785,5.6317,5.6317,0.000000,0
29.4500,63.972,5.6317,5.6317,0.000000,0
29.5000,77.934,5.6461,5.6461,0.000000,0
29.5500,59.688,5.6461,5.6461,0.000000,0
29.6000,85.167,5.7285,5.7285,0.000000,0
29.6500,61.238,5.7285,5.7285,0.000000,0
29.7000,80.689,5.5191,5.5191,0.000000,0
29.7500,57.765,5.5191,5.5191,0.000000,0
29.8000,60.075,5.3093,5.3093,0.000000,0
29.8500,58.936,5.3093,5.3093,0.000000,0
29.9000,67.277,7.7531,7.7531,0.000000,0
29.9500,59.963,7.7531,7.7531,0.000000,0
30.0000,56.593,4.5132,4.5132,0.000000,0
30.0500,67.008,4.5132,4.5132,0.000000,0
30.1000,91.448,5.0603,5.0603,0.000000,0
30.1500,57.461,5.0603,5.0603,0.000000,0
30.2000,76.622,7.3396,7.3396,0.000000,0
30.2500,69.324,7.3396,7.3396,0.000000,0
30.3000,110.441,6.3077,6.3077,0.000000,0
30.3500,70.235,6.3077,6.3077,0.000000,0
30.4000,85.154,6.0679,6.0679,0.000000,0
30.4500,77.482,6.0679,6.0679,0.000000,0
30.5000,69.991,4.7414,4.7414,0.000000,0
30.5500,67.580,4.7414,4.7414,0.000000,0
30.6000,59.864,7.1927,7.1927,0.000000,0
30.6500,75.043,7.1927,7.1927,0.000000,0
30.7000,65.554,7.2270,7.2270,0.000000,0
30.7500,74.950,7.2270,7.2270,0.000000,0
30.8000,63.891,6.5171,6.5171,0.000000,0
30.8500,60.564,6.5171,6.5171,0.000000,0
30.9000,64.925,7.0965,7.0965,0.000000,0
30.9500,67.665,7.0965,7.0965,0.000000,0
31.0000,87.575,8.9173,8.9173,0.000000,0
31.0500,74.348,8.9173,8.9173,0.000000,0
31.1000,77.401,5.5202,5.5202,0.000000,0
31.1500,63.333,5.5202,5.5202,0.000000,0
31.2000,89.520,5.2827,5.2827,0.000000,0
31.2500,60.698,5.2827,5.2827,0.000000,0
31.3000,74.653,5.4049,5.4049,0.000000,0
31.3500,57.177,5.4049,5.4049,0.000000,0
31.4000,76.949,5.4072,5.4072,0.000000,0
31.4500,57.728,5.4072,5.4072,0.000000,0
31.5000,77.982,5.7593,5.7593,0.000000,0
31.5500,58.644,5.7593,5.7593,0.000000,0
31.6000,62.802,8.6525,8.6525,0.000000,0
31.6500,55.631,8.6525,8.6525,0.000000,0
31.7000,63.648,4.7308,4.7308,0.000000,0
31.7500,67.663,4.7308,4.7308,0.000000,0
31.8000,70.604,8.4676,8.4676,0.000000,0
31.8500,63.341,8.4676,8.4676,0.000000,0
31.9000,66.661,7.0781,7.0781,0.000000,0
31.9500,65.651,7.0781,7.0781,0.000000,0
32.0000,58.441,7.4453,7.4453,0.000000,0
32.0500,87.622,7.4453,7.4453,0.000000,0
32.1000,75.141,7.2006,7.2006,0.000000,0
32.1500,84.165,7.2006,7.2006,0.000000,0
32.2000,76.151,6.7580,6.7580,0.000000,0
32.2500,57.915,6.7580,6.7580,0.000000,0
32.3000,114.313,7.7934,7.7934,0.000000,0
32.3500,75.882,7.7934,7.7934,0.000000,0
32.4000,74.268,6.8655,6.8655,0.000000,0
32.4500,56.331,6.8655,6.8655,0.000000,0
32.5000,63.939,7.3047,7.3047,0.000000,0
32.5500,61.764,7.3047,7.3047,0.000000,0
32.6000,71.506,9.8034,9.8034,0.000000,0
32.6500,69.631,9.8034,9.8034,0.000000,0
32.7000,73.114,9.9084,9.9084,0.000000,0
32.7500,55.223,9.9084,9.9084,0.000000,0
32.8000,73.792,6.4457,6.4457,0.000000,0
32.8500,67.443,6.4457,6.4457,0.000000,0
32.9000,65.032,8.8608,8.8608,0.000000,0
32.9500,63.124,8.8608,8.8608,0.000000,0
33.0000,65.718,7.7781,7.7781,0.000000,0
33.0500,63.718,7.7781,7.7781,0.000000,0
33.1000,56.517,9.4889,9.4889,0.000000,0
33.1500,60.029,9.4889,9.4889,0.000000,0
33.2000,73.829,8.4237,8.4237,0.000000,0
33.2500,76.609,8.4237,8.4237,0.000000,0
33.3000,64.803,7.8850,7.8850,0.000000,0
33.3500,68.132,7.8850,7.8850,0.000000,0
33.4000,66.028,7.8845,7.8845,0.000000,0
33.4500,72.848,7.8845,7.8845,0.000000,0
33.5000,67.369,8.4484,8.4484,0.000000,0
33.5500,59.124,8.4484,8.4484,0.000000,0
33.6000,58.624,8.4479,8.4479,0.000000,0
33.6500,56.437,8.4479,8.4479,0.000000,0
33.7000,58.388,8.7859,8.7859,0.000000,0
33.7500,56.418,8.7859,8.7859,0.000000,0
33.8000,66.288,9.8000,9.8000,0.000000,0
33.8500,57.775,9.8000,9.8000,0.000000,0
33.9000,78.142,7.9974,7.9974,0.000000,0
33.9500,64.790,7.9974,7.9974,0.000000,0
34.0000,62.628,7.6779,7.6779,0.000000,0
34.0500,77.293,7.6779,7.6779,0.000000,0
34.1000,64.540,8.8776,8.8776,0.000000,0
34.1500,67.277,8.8776,8.8776,0.000000,0
34.2000,65.240,6.6454,6.6454,0.000000,0
34.2500,79.479,6.6454,6.6454,0.000000,0
34.3000,82.976,7.3343,7.3343,0.000000,0
34.3500,65.730,7.3343,7.3343,0.000000,0
34.4000,68.944,9.8048,9.8048,0.000000,0
34.4500,65.544,9.8048,9.8048,0.000000,0
34.5000,64.671,7.4176,7.4176,0.000000,0
34.5500,56.852,7.4176,7.4176,0.000000,0
34.6000,65.212,10.8139,10.8139,0.000000,0
34.6500,58.933,10.8139,10.8139,0.000000,0
34.7000,66.438,6.5319,6.5319,0.000000,0
34.7500,65.740,6.5319,6.5319,0.000000,0
34.8000,67.835,9.2595,9.2595,0.000000,0
34.8500,66.161,9.2595,9.2595,0.000000,0
34.9000,58.796,10.4510,10.4510,0.000000,0
34.9500,73.528,10.4510,10.4510,0.000000,0
35.0000,65.704,5.5193,5.5193,0.000000,0
35.0500,63.662,5.5193,5.5193,0.000000,0
35.1000,66.396,5.4070,5.4070,0.000000,0
35.1500,59.896,5.4070,5.4070,0.000000,0
35.2000,95.061,8.7955,8.7955,0.000000,0
35.2500,87.061,8.7955,8.7955,0.000000,0
35.3000,57.925,8.1204,8.1204,0.000000,0
35.3500,67.787,8.1204,8.1204,0.000000,0
35.4000,65.296,6.2926,6.2926,0.000000,0
35.4500,63.943,6.2926,6.2926,0.000000,0
35.5000,93.565,7.2296,7.2296,0.000000,0
35.5500,65.729,7.2296,7.2296,0.000000,0
35.6000,67.601,9.1233,9.1233,0.000000,0
35.6500,87.601,9.1233,9.1233,0.000000,0
35.7000,64.768,13.1429,13.1429,0.000000,0
35.7500,77.964,13.1429,13.1429,0.000000,0
35.8000,63.862,8.4472,8.4472,0.000000,0
35.8500,57.718,8.4472,8.4472,0.000000,0
35.9000,57.111,5.4072,5.4072,0.000000,0
35.9500,85.956,5.4072,5.4072,0.000000,0
36.0000,73.384,9.8213,9.8213,0.000000,0
36.0500,61.713,9.8213,9.8213,0.000000,0
36.1000,85.224,9.2165,9.2165,0.000000,0
36.1500,73.573,9.2165,9.2165,0.000000,0
36.2000,87.730,12.6098,12.6098,0.000000,0
36.2500,74.876,12.6098,12.6098,0.000000,0
36.3000,87.676,10.4801,10.4801,0.000000,0
36.3500,70.580,10.4801,10.4801,0.000000,0
36.4000,63.350,5.0814,5.0814,0.000000,0
36.4500,103.570,5.0814,5.0814,0.000000,0
36.5000,85.773,10.5619,10.5619,0.000000,0
36.5500,67.687,10.5619,10.5619,0.000000,0
36.6000,66.420,11.4896,11.4896,0.000000,0
36.6500,59.265,11.4896,11.4896,0.000000,0
36.7000,62.474,11.8270,11.8270,0.000000,0
36.7500,97.600,11.8270,11.8270,0.000000,0
36.8000,62.055,5.5272,5.5272,0.000000,0
36.8500,88.067,5.5272,5.5272,0.000000,0
36.9000,65.337,8.9981,8.9981,0.000000,0
36.9500,67.903,8.9981,8.9981,0.000000,0
37.0000,65.383,10.3633,10.3633,0.000000,0
37.0500,68.758,10.3633,10.3633,0.000000,0
37.1000,77.366,1.8043,1.8043,0.000000,0
37.1500,59.557,1.8043,1.8043,0.000000,0
37.2000,74.418,20.7397,20.7397,0.000000,0
37.2500,66.054,20.7397,20.7397,0.000000,0
37.3000,75.511,4.3852,4.3852,0.000000,0
37.3500,67.465,4.3852,4.3852,0.000000,0
37.4000,86.978,13.4293,13.4293,0.000000,0
37.4500,58.601,13.4293,13.4293,0.000000,0
37.5000,66.118,9.0060,9.0060,0.000000,0
37.5500,64.519,9.0060,9.0060,0.000000,0
37.6000,63.456,9.3369,9.3369,0.000000,0
37.6500,60.347,9.3369,9.3369,0.000000,0
37.7000,85.917,9.5740,9.5740,0.000000,0
37.7500,62.178,9.5740,9.5740,0.000000,0
37.8000,87.718,5.4068,5.4068,0.000000,0
37.8500,84.929,5.4068,5.4068,0.000000,0
37.9000,66.803,4.2804,4.2804,0.000000,0
37.9500,60.107,4.2804,4.2804,0.000000,0
38.0000,95.682,6.7815,6.7815,0.000000,0
38.0500,77.541,6.7815,6.7815,0.000000,0
38.1000,86.025,10.5513,10.5513,0.000000,0
38.1500,77.078,10.5513,10.5513,0.000000,0
38.2000,65.389,12.6517,12.6517,0.000000,0
38.2500,80.279,12.6517,12.6517,0.000000,0
38.3000,72.767,7.3214,7.3214,0.000000,0
38.3500,75.907,7.3214,7.3214,0.000000,0
38.4000,67.873,11.5966,11.5966,0.000000,0
38.4500,82.863,11.5966,11.5966,0.000000,0
38.5000,64.665,11.5983,11.5983,0.000000,0
38.5500,124.329,11.5983,11.5983,0.000000,0
38.6000,65.336,12.8316,12.8316,0.000000,0
38.6500,105.667,12.8316,12.8316,0.000000,0
38.7000,67.329,12.1496,12.1496,0.000000,0
38.7500,64.961,12.1496,12.1496,0.000000,0
38.8000,56.487,11.2646,11.2646,0.000000,0
38.8500,71.313,11.2646,11.2646,0.000000,0
38.9000,79.918,9.7992,9.7992,0.000000,0
38.9500,67.974,9.7992,9.7992,0.000000,0
39.0000,97.484,12.1949,12.1949,0.000000,0
39.0500,64.018,12.1949,12.1949,0.000000,0
39.1000,82.657,11.9109,11.9109,0.000000,0
39.1500,64.702,11.9109,11.9109,0.000000,0
39.2000,57.527,12.7592,12.7592,0.000000,0
39.2500,60.258,12.7592,12.7592,0.000000,0
39.3000,96.137,9.6636,9.6636,0.000000,0
39.3500,77.770,9.6636,9.6636,0.000000,0
39.4000,76.240,15.8751,15.8751,0.000000,0
39.4500,57.760,15.8751,15.8751,0.000000,0
39.5000,72.552,13.2169,13.2169,0.000000,0
39.5500,64.426,13.2169,13.2169,0.000000,0
39.6000,83.839,12.1691,12.1691,0.000000,0
39.6500,65.768,12.1691,12.1691,0.000000,0
39.7000,85.329,16.5128,16.5128,0.000000,0
39.7500,67.005,16.5128,16.5128,0.000000,0
39.8000,76.155,9.7999,9.7999,0.000000,0
39.8500,57.951,9.7999,9.7999,0.000000,0
39.9000,71.136,13.7415,13.7415,0.000000,0
39.9500,64.369,13.7415,13.7415,0.000000,0
40.0000,67.291,10.3760,10.3760,0.000000,0
40.0500,60.256,10.3760,10.3760,0.000000,0
40.1000,64.742,10.0119,10.0119,0.000000,0
40.1500,77.593,10.0119,10.0119,0.000000,0
40.2000,86.389,10.8135,10.8135,0.000000,0
40.2500,58.227,10.8135,10.8135,0.000000,0
40.3000,64.145,9.0109,9.0109,0.000000,0
40.3500,65.155,9.0109,9.0109,0.000000,0
40.4000,68.074,0.4506,0.4506,0.000000,0
40.4500,55.791,0.4506,0.4506,0.000000,0
40.5000,74.630,2.4783,2.4783,0.000000,0
40.5500,67.160,2.4783,2.4783,0.000000,0
40.6000,65.625,2.9284,2.9284,0.000000,0
40.6500,74.970,2.9284,2.9284,0.000000,0
40.7000,77.010,3.0415,3.0415,0.000000,0
40.7500,86.682,3.0415,3.0415,0.000000,0
40.8000,57.899,7.5469,7.5469,0.000000,0
40.8500,65.915,7.5469,7.5469,0.000000,0
40.9000,62.796,6.5327,6.5327,0.000000,0
40.9500,73.426,6.5327,6.5327,0.000000,0
41.0000,66.069,12.2790,12.2790,0.000000,0
41.0500,63.482,12.2790,12.2790,0.000000,0
41.1000,55.534,4.2801,4.2801,0.000000,0
41.1500,65.478,4.2801,4.2801,0.000000,0
41.2000,63.811,8.6735,8.6735,0.000000,0
41.2500,71.792,8.6735,8.6735,0.000000,0
41.3000,59.238,7.6699,7.6699,0.000000,0
41.3500,235.196,7.6699,7.6699,0.000000,0
41.4000,272.289,0.0000,0.0000,0.000000,0
41.4500,288.123,0.0000,0.0000,0.000000,0
41.5000,300.547,10.2560,10.2560,0.000000,0
41.5500,284.880,10.2560,10.2560,0.000000,0
41.6000,271.684,9.6867,9.6867,0.000000,0
41.6500,232.883,9.6867,9.6867,0.000000,0
41.7000,212.009,8.8989,8.8989,0.000000,0
41.7500,202.186,8.8989,8.8989,0.000000,0
41.8000,184.487,9.0112,9.0112,0.000000,0
41.8500,166.406,9.0112,9.0112,0.000000,0
41.9000,137.296,9.0109,9.0109,0.000000,0
41.9500,126.036,9.0109,9.0109,0.000000,0
42.0000,106.511,10.4754,10.4754,0.000000,0
42.0500,116.017,10.4754,10.4754,0.000000,0
42.1000,84.348,7.5472,7.5472,0.000000,0
42.1500,70.935,7.5472,7.5472,0.000000,0
42.2000,72.417,11.7430,11.7430,0.000000,0
42.2500,70.059,11.7430,11.7430,0.000000,0
42.3000,60.548,9.6638,9.6638,0.000000,0
42.3500,66.634,9.6638,9.6638,0.000000,0
42.4000,74.911,7.6592,7.6592,0.000000,0
42.4500,70.613,7.6592,7.6592,0.000000,0
42.5000,60.818,10.1377,10.1377,0.000000,0
42.5500,63.464,10.1377,10.1377,0.000000,0
42.6000,53.426,5.4066,5.4066,0.000000,0
42.6500,55.063,5.4066,5.4066,0.000000,0
42.7000,57.567,10.7269,10.7269,0.000000,0
42.7500,73.834,10.7269,10.7269,0.000000,0
42.8000,58.263,8.5395,8.5395,0.000000,0
42.8500,59.660,8.5395,8.5395,0.000000,0
42.9000,68.787,13.5175,13.5175,0.000000,0
42.9500,52.513,13.5175,13.5175,0.000000,0
43.0000,75.583,6.6458,6.6458,0.000000,0
43.0500,57.999,6.6458,6.6458,0.000000,0
43.1000,68.808,11.0755,11.0755,0.000000,0
43.1500,53.593,11.0755,11.0755,0.000000,0
43.2000,55.793,8.4195,8.4195,0.000000,0
43.2500,61.707,8.4195,8.4195,0.000000,0
43.3000,52.847,5.7590,5.7590,0.000000,0
43.3500,64.291,5.7590,5.7590,0.000000,0
43.4000,56.994,9.4384,9.4384,0.000000,0
43.4500,67.560,9.4384,9.4384,0.000000,0
43.5000,58.318,13.7675,13.7675,0.000000,0
43.5500,80.441,13.7675,13.7675,0.000000,0
43.6000,83.417,7.1962,7.1962,0.000000,0
43.6500,66.382,7.1962,7.1962,0.000000,0
43.7000,64.557,11.3985,11.3985,0.000000,0
43.7500,61.424,11.3985,11.3985,0.000000,0
43.8000,67.894,10.4546,10.4546,0.000000,0
43.8500,55.180,10.4546,10.4546,0.000000,0
43.9000,60.226,9.0120,9.0120,0.000000,0
43.9500,56.018,9.0120,9.0120,0.000000,0
44.0000,56.840,6.7577,6.7577,0.000000,0
44.0500,54.973,6.7577,6.7577,0.000000,0
44.1000,53.926,8.4486,8.4486,0.000000,0
44.1500,65.923,8.4486,8.4486,0.000000,0
44.2000,59.310,13.0604,13.0604,0.000000,0
44.2500,81.446,13.0604,13.0604,0.000000,0
44.3000,71.376,3.0466,3.0466,0.000000,0
44.3500,58.398,3.0466,3.0466,0.000000,0
44.4000,47.966,7.4247,7.4247,0.000000,0
44.4500,54.877,7.4247,7.4247,0.000000,0
44.5000,65.775,11.3766,11.3766,0.000000,0
44.5500,47.647,11.3766,11.3766,0.000000,0
44.6000,79.760,10.2501,10.2501,0.000000,0
44.6500,54.974,10.2501,10.2501,0.000000,0
44.7000,52.727,9.0108,9.0108,0.000000,0
44.7500,63.001,9.0108,9.0108,0.000000,0
44.8000,54.127,10.9262,10.9262,0.000000,0
44.8500,57.274,10.9262,10.9262,0.000000,0
44.9000,58.062,10.9267,10.9267,0.000000,0
44.9500,68.910,10.9267,10.9267,0.000000,0
45.0000,61.429,8.3349,8.3349,0.000000,0
45.0500,51.648,8.3349,8.3349,0.000000,0
45.1000,62.783,6.5329,6.5329,0.000000,0
45.1500,50.005,6.5329,6.5329,0.000000,0
45.2000,67.712,6.9997,6.9997,0.000000,0
45.2500,67.360,6.9997,6.9997,0.000000,0
45.3000,68.912,9.9918,9.9918,0.000000,0
45.3500,60.959,9.9918,9.9918,0.000000,0
45.4000,61.275,6.2016,6.2016,0.000000,0
45.4500,61.294,6.2016,6.2016,0.000000,0
45.5000,55.515,10.1384,10.1384,0.000000,0
45.5500,77.442,10.1384,10.1384,0.000000,0
45.6000,53.262,13.9660,13.9660,0.000000,0
45.6500,63.836,13.9660,13.9660,0.000000,0
45.7000,71.651,7.0010,7.0010,0.000000,0
45.7500,50.438,7.0010,7.0010,0.000000,0
45.8000,73.009,6.9818,6.9818,0.000000,0
45.8500,55.080,6.9818,6.9818,0.000000,0
45.9000,66.068,7.1934,7.1934,0.000000,0
45.9500,52.862,7.1934,7.1934,0.000000,0
46.0000,98.663,9.0335,9.0335,0.000000,0
46.0500,81.718,9.0335,9.0335,0.000000,0
46.1000,81.198,9.6635,9.6635,0.000000,0
46.1500,58.801,9.6635,9.6635,0.000000,0
46.2000,52.836,5.6318,5.6318,0.000000,0
46.2500,53.700,5.6318,5.6318,0.000000,0
46.3000,87.732,8.1098,8.1098,0.000000,0
46.3500,74.829,8.1098,8.1098,0.000000,0
46.4000,69.483,6.3082,6.3082,0.000000,0
46.4500,51.247,6.3082,6.3082,0.000000,0
46.5000,63.423,12.4205,12.4205,0.000000,0
46.5500,53.043,12.4205,12.4205,0.000000,0
46.6000,58.670,11.2368,11.2368,0.000000,0
46.6500,76.051,11.2368,11.2368,0.000000,0
46.7000,69.095,11.4772,11.4772,0.000000,0
46.7500,69.466,11.4772,11.4772,0.000000,0
46.8000,61.572,7.8931,7.8931,0.000000,0
46.8500,51.938,7.8931,7.8931,0.000000,0
46.9000,62.575,8.5606,8.5606,0.000000,0
46.9500,64.161,8.5606,8.5606,0.000000,0
47.0000,56.116,8.3357,8.3357,0.000000,0
47.0500,53.517,8.3357,8.3357,0.000000,0
47.1000,78.534,10.6213,10.6213,0.000000,0
47.1500,55.056,10.6213,10.6213,0.000000,0
47.2000,60.324,9.6565,9.6565,0.000000,0
47.2500,62.812,9.6565,9.6565,0.000000,0
47.3000,59.625,4.9559,4.9559,0.000000,0
47.3500,56.738,4.9559,4.9559,0.000000,0
47.4000,77.506,5.4180,5.4180,0.000000,0
47.4500,67.904,5.4180,5.4180,0.000000,0
47.5000,50.060,4.4963,4.4963,0.000000,0
47.5500,61.388,4.4963,4.4963,0.000000,0
47.6000,58.331,5.1819,5.1819,0.000000,0
47.6500,64.842,5.1819,5.1819,0.000000,0
47.7000,55.606,13.6296,13.6296,0.000000,0
47.7500,52.479,13.6296,13.6296,0.000000,0
47.8000,47.645,11.8273,11.8273,0.000000,0
47.8500,70.208,11.8273,11.8273,0.000000,0
47.9000,49.854,7.2089,7.2089,0.000000,0
47.9500,72.315,7.2089,7.2089,0.000000,0
48.0000,75.534,10.8133,10.8133,0.000000,0
48.0500,60.039,10.8133,10.8133,0.000000,0
48.1000,65.743,10.4756,10.4756,0.000000,0
48.1500,57.975,10.4756,10.4756,0.000000,0
48.2000,71.239,10.6948,10.6948,0.000000,0
48.2500,92.369,10.6948,10.6948,0.000000,0
48.3000,81.955,16.5024,16.5024,0.000000,0
48.3500,105.276,16.5024,16.5024,0.000000,0
48.4000,87.181,6.8523,6.8523,0.000000,0
48.4500,129.464,6.8523,6.8523,0.000000,0
48.5000,157.058,6.6563,6.6563,0.000000,0
48.5500,151.763,6.6563,6.6563,0.000000,0
48.6000,133.059,14.3914,14.3914,0.000000,0
48.6500,128.500,14.3914,14.3914,0.000000,0
48.7000,52.024,11.2649,11.2649,0.000000,0
48.7500,58.837,11.2649,11.2649,0.000000,0
48.8000,67.812,14.9808,14.9808,0.000000,0
48.8500,65.674,14.9808,14.9808,0.000000,0
48.9000,78.267,14.2911,14.2911,0.000000,0
48.9500,56.134,14.2911,14.2911,0.000000,0
49.0000,57.105,13.5303,13.5303,0.000000,0
49.0500,56.506,13.5303,13.5303,0.000000,0
49.1000,60.472,7.7722,7.7722,0.000000,0
49.1500,55.999,7.7722,7.7722,0.000000,0
49.2000,55.366,9.7998,9.7998,0.000000,0
49.2500,68.409,9.7998,9.7998,0.000000,0
49.3000,60.433,11.0362,11.0362,0.000000,0
49.3500,72.247,11.0362,11.0362,0.000000,0
49.4000,48.869,13.9702,13.9702,0.000000,0
49.4500,53.828,13.9702,13.9702,0.000000,0
49.5000,54.804,17.7977,17.7977,0.000000,0
49.5500,52.705,17.7977,17.7977,0.000000,0
49.6000,48.172,10.6175,10.6175,0.000000,0
49.6500,60.216,10.6175,10.6175,0.000000,0
49.7000,60.815,16.7362,16.7362,0.000000,0
49.7500,59.065,16.7362,16.7362,0.000000,0
49.8000,54.321,19.0354,19.0354,0.000000,0
49.8500,54.003,19.0354,19.0354,0.000000,0
49.9000,57.745,15.0948,15.0948,0.000000,0
49.9500,48.879,15.0948,15.0948,0.000000,0
50.0000,58.971,18.8114,18.8114,0.000000,0
50.0500,69.731,18.8114,18.8114,0.000000,0
50.1000,73.742,20.1624,20.1624,0.000000,0
50.1500,90.862,20.1624,20.1624,0.000000,0
50.2000,59.221,17.4594,17.4594,0.000000,0
50.2500,76.477,17.4594,17.4594,0.000000,0
50.3000,57.529,24.5105,24.5105,0.000000,0
50.3500,58.964,24.5105,24.5105,0.000000,0
50.4000,51.430,19.5999,19.5999,0.000000,0
50.4500,67.851,19.5999,19.5999,0.000000,0
50.5000,53.311,22.2407,22.2407,0.000000,0
50.5500,60.629,22.2407,22.2407,0.000000,0
50.6000,50.243,23.0403,23.0403,0.000000,0
50.6500,57.491,23.0403,23.0403,0.000000,0
50.7000,68.956,22.2707,22.2707,0.000000,0
50.7500,49.993,22.2707,22.2707,0.000000,0
50.8000,60.861,22.5761,22.5761,0.000000,0
50.8500,83.448,22.5761,22.5761,0.000000,0
50.9000,55.281,19.1364,19.1364,0.000000,0
50.9500,72.419,19.1364,19.1364,0.000000,0
51.0000,55.704,20.6702,20.6702,0.000000,0
51.0500,53.848,20.6702,20.6702,0.000000,0
51.1000,54.549,21.8504,21.8504,0.000000,0
51.1500,56.314,21.8504,21.8504,0.000000,0
51.2000,72.894,17.1218,17.1218,0.000000,0
51.2500,59.868,17.1218,17.1218,0.000000,0
51.3000,55.001,17.0083,17.0083,0.000000,0
51.3500,51.926,17.0083,17.0083,0.000000,0
51.4000,69.832,21.7999,21.7999,0.000000,0
51.4500,59.498,21.7999,21.7999,0.000000,0
51.5000,60.758,22.9158,22.9158,0.000000,0
51.5500,58.960,22.9158,22.9158,0.000000,0
51.6000,47.932,19.5996,19.5996,0.000000,0
51.6500,53.065,19.5996,19.5996,0.000000,0
51.7000,53.122,26.5809,26.5809,0.000000,0
51.7500,58.312,26.5809,26.5809,0.000000,0
51.8000,59.599,18.9250,18.9250,0.000000,0
51.8500,54.516,18.9250,18.9250,0.000000,0
51.9000,51.864,24.7793,24.7793,0.000000,0
51.9500,68.905,24.7793,24.7793,0.000000,0
52.0000,51.071,18.2475,18.2475,0.000000,0
52.0500,62.972,18.2475,18.2475,0.000000,0
52.1000,57.984,21.6683,21.6683,0.000000,0
52.1500,58.569,21.6683,21.6683,0.000000,0
52.2000,111.478,30.3524,30.3524,0.000000,0
52.2500,81.927,30.3524,30.3524,0.000000,0
52.3000,52.340,17.6871,17.6871,0.000000,0
52.3500,58.735,17.6871,17.6871,0.000000,0
52.4000,71.004,23.2031,23.2031,0.000000,0
52.4500,51.658,23.2031,23.2031,0.000000,0
52.5000,68.334,25.3948,25.3948,0.000000,0
52.5500,70.961,25.3948,25.3948,0.000000,0
52.6000,72.489,22.2595,22.2595,0.000000,0
52.6500,57.026,22.2595,22.2595,0.000000,0
52.7000,65.552,20.1620,20.1620,0.000000,0
52.7500,56.432,20.1620,20.1620,0.000000,0
52.8000,51.727,24.3298,24.3298,0.000000,0
52.8500,64.387,24.3298,24.3298,0.000000,0
52.9000,60.803,22.8650,22.8650,0.000000,0
52.9500,56.591,22.8650,22.8650,0.000000,0
53.0000,58.910,18.4737,18.4737,0.000000,0
53.0500,81.169,18.4737,18.4737,0.000000,0
53.1000,56.037,22.7540,22.7540,0.000000,0
53.1500,56.271,22.7540,22.7540,0.000000,0
53.2000,59.699,13.5533,13.5533,0.000000,0
53.2500,49.874,13.5533,13.5533,0.000000,0
53.3000,66.533,19.8836,19.8836,0.000000,0
53.3500,59.164,19.8836,19.8836,0.000000,0
53.4000,49.276,27.8226,27.8226,0.000000,0
53.4500,64.582,27.8226,27.8226,0.000000,0
53.5000,76.016,21.1746,21.1746,0.000000,0
53.5500,63.870,21.1746,21.1746,0.000000,0
53.6000,59.449,23.0914,23.0914,0.000000,0
53.6500,70.518,23.0914,23.0914,0.000000,0
53.7000,67.723,23.8809,23.8809,0.000000,0
53.7500,53.112,23.8809,23.8809,0.000000,0
53.8000,64.435,20.2744,20.2744,0.000000,0
53.8500,76.367,20.2744,20.2744,0.000000,0
53.9000,79.335,21.0983,21.0983,0.000000,0
53.9500,58.451,21.0983,21.0983,0.000000,0
54.0000,70.216,13.3827,13.3827,0.000000,0
54.0500,73.782,13.3827,13.3827,0.000000,0
54.1000,52.891,25.6218,25.6218,0.000000,0
54.1500,74.931,25.6218,25.6218,0.000000,0
54.2000,77.722,18.9332,18.9332,0.000000,0
54.2500,68.018,18.9332,18.9332,0.000000,0
54.3000,52.655,20.4475,20.4475,0.000000,0
54.3500,56.228,20.4475,20.4475,0.000000,0
54.4000,51.861,18.1860,18.1860,0.000000,0
54.4500,61.487,18.1860,18.1860,0.000000,0
54.5000,60.719,14.4031,14.4031,0.000000,0
54.5500,56.372,14.4031,14.4031,0.000000,0
54.6000,56.905,18.7784,18.7784,0.000000,0
54.6500,59.012,18.7784,18.7784,0.000000,0
54.7000,71.034,18.6982,18.6982,0.000000,0
54.7500,66.455,18.6982,18.6982,0.000000,0
54.8000,67.133,22.7515,22.7515,0.000000,0
54.8500,54.878,22.7515,22.7515,0.000000,0
54.9000,49.726,17.3892,17.3892,0.000000,0
54.9500,56.513,17.3892,17.3892,0.000000,0
55.0000,75.018,24.1141,24.1141,0.000000,0
55.0500,64.982,24.1141,24.1141,0.000000,0
55.1000,54.805,20.6681,20.6681,0.000000,0
55.1500,57.992,20.6681,20.6681,0.000000,0
55.2000,64.657,21.2896,21.2896,0.000000,0
55.2500,54.564,21.2896,21.2896,0.000000,0
55.3000,66.052,16.6706,16.6706,0.000000,0
55.3500,48.122,16.6706,16.6706,0.000000,0
55.4000,48.870,16.2740,16.2740,0.000000,0
55.4500,56.756,16.2740,16.2740,0.000000,0
55.5000,73.497,20.6022,20.6022,0.000000,0
55.5500,73.920,20.6022,20.6022,0.000000,0
55.6000,54.040,26.0887,26.0887,0.000000,0
55.6500,52.068,26.0887,26.0887,0.000000,0
55.7000,62.658,25.4977,25.4977,0.000000,0
55.7500,47.931,25.4977,25.4977,0.000000,0
55.8000,55.614,11.1202,11.1202,0.000000,0
55.8500,72.859,11.1202,11.1202,0.000000,0
55.9000,52.553,33.6165,33.6165,0.000000,0
55.9500,50.275,33.6165,33.6165,0.000000,0
56.0000,67.445,20.8787,20.8787,0.000000,0
56.0500,56.612,20.8787,20.8787,0.000000,0
56.1000,52.314,6.2952,6.2952,0.000000,0
56.1500,60.092,6.2952,6.2952,0.000000,0
56.2000,61.626,18.3353,18.3353,0.000000,0
56.2500,72.546,18.3353,18.3353,0.000000,0
56.3000,60.271,15.6145,15.6145,0.000000,0
56.3500,121.675,15.6145,15.6145,0.000000,0
56.4000,91.413,15.1217,15.1217,0.000000,0
56.4500,91.413,15.1217,15.1217,0.000000,0
56.5000,37.914,16.8483,16.8483,0.000000,0
56.5500,35.650,16.8483,16.8483,0.000000,0
56.6000,30.074,19.7789,19.7789,0.000000,0
56.6500,46.483,19.7789,19.7789,0.000000,0
56.7000,44.201,13.8210,13.8210,0.000000,0
56.7500,40.232,13.8210,13.8210,0.000000,0
56.8000,37.939,14.0803,14.0803,0.000000,0
56.8500,54.064,14.0803,14.0803,0.000000,0
56.9000,34.183,15.6570,15.6570,0.000000,0
56.9500,30.050,15.6570,15.6570,0.000000,0
57.0000,39.749,17.3490,17.3490,0.000000,0
57.0500,36.188,17.3490,17.3490,0.000000,0
57.1000,68.051,16.8935,16.8935,0.000000,0
57.1500,29.343,16.8935,16.8935,0.000000,0
57.2000,47.781,20.0831,20.0831,0.000000,0
57.2500,39.962,20.0831,20.0831,0.000000,0
57.3000,53.806,16.8680,16.8680,0.000000,0
57.3500,32.826,16.8680,16.8680,0.000000,0
57.4000,39.503,13.2910,13.2910,0.000000,0
57.4500,31.674,13.2910,13.2910,0.000000,0
57.5000,31.325,21.9844,21.9844,0.000000,0
57.5500,35.103,21.9844,21.9844,0.000000,0
57.6000,37.546,16.5743,16.5743,0.000000,0
57.6500,32.457,16.5743,16.5743,0.000000,0
57.7000,39.120,22.7751,22.7751,0.000000,0
57.7500,31.268,22.7751,22.7751,0.000000,0
57.8000,49.756,18.4217,18.4217,0.000000,0
57.8500,52.923,18.4217,18.4217,0.000000,0
57.9000,31.576,18.0563,18.0563,0.000000,0
57.9500,33.237,18.0563,18.0563,0.000000,0
58.0000,49.134,21.1948,21.1948,0.000000,0
58.0500,35.472,21.1948,21.1948,0.000000,0
58.1000,31.413,19.3739,19.3739,0.000000,0
58.1500,31.628,19.3739,19.3739,0.000000,0
58.2000,49.740,18.8620,18.8620,0.000000,0
58.2500,37.186,18.8620,18.8620,0.000000,0
58.3000,44.196,17.1709,17.1709,0.000000,0
58.3500,34.182,17.1709,17.1709,0.000000,0
58.4000,35.658,22.0814,22.0814,0.000000,0
58.4500,39.704,22.0814,22.0814,0.000000,0
58.5000,31.726,23.8194,23.8194,0.000000,0
58.5500,36.273,23.8194,23.8194,0.000000,0
58.6000,36.254,21.6245,21.6245,0.000000,0
58.6500,37.694,21.6245,21.6245,0.000000,0
58.7000,31.836,26.0222,26.0222,0.000000,0
58.7500,39.570,26.0222,26.0222,0.000000,0
58.8000,49.386,15.4603,15.4603,0.000000,0
58.8500,53.840,15.4603,15.4603,0.000000,0
58.9000,39.664,18.6637,18.6637,0.000000,0
58.9500,47.747,18.6637,18.6637,0.000000,0
59.0000,33.944,18.0229,18.0229,0.000000,0
59.0500,29.693,18.0229,18.0229,0.000000,0
59.1000,40.114,15.3181,15.3181,0.000000,0
59.1500,30.090,15.3181,15.3181,0.000000,0
59.2000,56.146,22.0783,22.0783,0.000000,0
59.2500,35.926,22.0783,22.0783,0.000000,0
59.3000,44.092,14.8679,14.8679,0.000000,0
59.3500,37.835,14.8679,14.8679,0.000000,0
59.4000,31.586,20.1098,20.1098,0.000000,0
59.4500,29.707,20.1098,20.1098,0.000000,0
59.5000,31.567,22.8813,22.8813,0.000000,0
59.5500,31.623,22.8813,22.8813,0.000000,0
59.6000,32.267,21.2030,21.2030,0.000000,0
59.6500,41.681,21.2030,21.2030,0.000000,0
59.7000,35.744,21.8528,21.8528,0.000000,0
59.7500,32.508,21.8528,21.8528,0.000000,0
59.8000,49.595,9.2364,9.2364,0.000000,0
59.8500,63.411,9.2364,9.2364,0.000000,0
59.9000,32.382,9.9336,9.9336,0.000000,0
59.9500,36.365,9.9336,9.9336,0.000000,0
60.0000,33.826,13.2638,13.2638,0.000000,0
60.0500,32.437,13.2638,13.2638,0.000000,0
60.1000,29.839,16.2184,16.2184,0.000000,0
60.1500,46.172,16.2184,16.2184,0.000000,0
60.2000,31.485,17.8424,17.8424,0.000000,0
60.2500,35.861,17.8424,17.8424,0.000000,0
60.3000,52.083,6.3042,6.3042,0.000000,0
60.3500,34.071,6.3042,6.3042,0.000000,0
60.4000,35.997,14.8407,14.8407,0.000000,0
60.4500,35.938,14.8407,14.8407,0.000000,0
60.5000,32.072,9.1240,9.1240,0.000000,0
60.5500,35.515,9.1240,9.1240,0.000000,0
60.6000,43.536,12.7273,12.7273,0.000000,0
60.6500,35.236,12.7273,12.7273,0.000000,0
60.7000,39.056,13.0669,13.0669,0.000000,0
60.7500,32.072,13.0669,13.0669,0.000000,0
60.8000,67.139,9.6888,9.6888,0.000000,0
60.8500,62.068,9.6888,9.6888,0.000000,0
60.9000,39.338,11.9489,11.9489,0.000000,0
60.9500,31.195,11.9489,11.9489,0.000000,0
61.0000,33.869,15.7213,15.7213,0.000000,0
61.0500,36.033,15.7213,15.7213,0.000000,0
61.1000,33.653,13.7717,13.7717,0.000000,0
61.1500,32.291,13.7717,13.7717,0.000000,0
61.2000,38.028,12.5413,12.5413,0.000000,0
61.2500,54.127,12.5413,12.5413,0.000000,0
61.3000,55.911,12.6900,12.6900,0.000000,0
61.3500,37.703,12.6900,12.6900,0.000000,0
61.4000,40.220,17.1206,17.1206,0.000000,0
61.4500,39.937,17.1206,17.1206,0.000000,0
61.5000,56.018,14.6422,14.6422,0.000000,0
61.5500,31.893,14.6422,14.6422,0.000000,0
61.6000,36.216,15.9955,15.9955,0.000000,0
61.6500,36.308,15.9955,15.9955,0.000000,0
61.7000,42.059,12.8702,12.8702,0.000000,0
61.7500,38.080,12.8702,12.8702,0.000000,0
61.8000,35.968,7.4173,7.4173,0.000000,0
61.8500,64.134,7.4173,7.4173,0.000000,0
61.9000,34.539,13.8554,13.8554,0.000000,0
61.9500,39.458,13.8554,13.8554,0.000000,0
62.0000,36.036,11.3762,11.3762,0.000000,0
62.0500,33.568,11.3762,11.3762,0.000000,0
62.1000,30.208,10.1377,10.1377,0.000000,0
62.1500,35.975,10.1377,10.1377,0.000000,0
62.2000,55.607,10.3633,10.3633,0.000000,0
62.2500,29.668,10.3633,10.3633,0.000000,0
62.3000,48.064,11.4885,11.4885,0.000000,0
62.3500,34.105,11.4885,11.4885,0.000000,0
62.4000,29.207,14.4406,14.4406,0.000000,0
62.4500,31.927,14.4406,14.4406,0.000000,0
62.5000,35.978,12.5965,12.5965,0.000000,0
62.5500,29.642,12.5965,12.5965,0.000000,0
62.6000,32.318,13.3138,13.3138,0.000000,0
62.6500,35.720,13.3138,13.3138,0.000000,0
62.7000,48.110,14.2813,14.2813,0.000000,0
62.7500,39.596,14.2813,14.2813,0.000000,0
62.8000,93.254,11.1510,11.1510,0.000000,0
62.8500,82.300,11.1510,11.1510,0.000000,0
62.9000,40.094,11.3776,11.3776,0.000000,0
62.9500,40.024,11.3776,11.3776,0.000000,0
63.0000,39.328,11.9437,11.9437,0.000000,0
63.0500,35.579,11.9437,11.9437,0.000000,0
63.1000,39.920,10.2468,10.2468,0.000000,0
63.1500,49.994,10.2468,10.2468,0.000000,0
63.2000,32.246,9.7095,9.7095,0.000000,0
63.2500,43.474,9.7095,9.7095,0.000000,0
63.3000,39.817,10.7882,10.7882,0.000000,0
63.3500,41.503,10.7882,10.7882,0.000000,0
63.4000,29.985,11.2641,11.2641,0.000000,0
63.4500,34.099,11.2641,11.2641,0.000000,0
63.5000,37.469,14.4173,14.4173,0.000000,0
63.5500,29.725,14.4173,14.4173,0.000000,0
63.6000,44.150,9.7995,9.7995,0.000000,0
63.6500,29.688,9.7995,9.7995,0.000000,0
63.7000,33.302,14.9822,14.9822,0.000000,0
63.7500,31.973,14.9822,14.9822,0.000000,0
63.8000,59.515,10.1376,10.1376,0.000000,0
63.8500,64.969,10.1376,10.1376,0.000000,0
63.9000,31.976,10.4751,10.4751,0.000000,0
63.9500,35.775,10.4751,10.4751,0.000000,0
64.0000,35.637,16.3061,16.3061,0.000000,0
64.0500,35.556,16.3061,16.3061,0.000000,0
64.1000,36.171,11.9599,11.9599,0.000000,0
64.1500,31.734,11.9599,11.9599,0.000000,0
64.2000,33.586,17.1204,17.1204,0.000000,0
64.2500,36.005,17.1204,17.1204,0.000000,0
64.3000,40.064,13.3010,13.3010,0.000000,0
64.3500,33.674,13.3010,13.3010,0.000000,0
64.4000,36.115,16.6586,16.6586,0.000000,0
64.4500,31.759,16.6586,16.6586,0.000000,0
64.5000,41.788,15.1366,15.1366,0.000000,0
64.5500,35.346,15.1366,15.1366,0.000000,0
64.6000,33.595,15.9507,15.9507,0.000000,0
64.6500,35.769,15.9507,15.9507,0.000000,0
64.7000,35.931,14.8550,14.8550,0.000000,0
64.7500,31.060,14.8550,14.8550,0.000000,0
64.8000,33.447,7.5537,7.5537,0.000000,0
64.8500,43.399,7.5537,7.5537,0.000000,0
64.9000,31.317,3.9423,3.9423,0.000000,0
64.9500,29.787,3.9423,3.9423,0.000000,0
65.0000,33.776,10.2500,10.2500,0.000000,0
65.0500,40.126,10.2500,10.2500,0.000000,0
65.1000,31.019,10.1376,10.1376,0.000000,0
65.1500,35.487,10.1376,10.1376,0.000000,0
65.2000,29.486,13.6684,13.6684,0.000000,0
65.2500,31.834,13.6684,13.6684,0.000000,0
65.3000,39.987,8.3114,8.3114,0.000000,0
65.3500,33.747,8.3114,8.3114,0.000000,0
65.4000,31.838,10.5873,10.5873,0.000000,0
65.4500,31.749,10.5873,10.5873,0.000000,0
65.5000,43.589,16.2228,16.2228,0.000000,0
65.5500,31.954,16.2228,16.2228,0.000000,0
65.6000,37.907,11.4895,11.4895,0.000000,0
65.6500,31.210,11.4895,11.4895,0.000000,0
65.7000,29.993,15.0271,15.0271,0.000000,0
65.7500,37.970,15.0271,15.0271,0.000000,0
65.8000,76.859,12.0155,12.0155,0.000000,0
65.8500,79.226,12.0155,12.0155,0.000000,0
65.9000,37.983,13.4043,13.4043,0.000000,0
65.9500,35.740,13.4043,13.4043,0.000000,0
66.0000,32.022,12.0530,12.0530,0.000000,0
66.0500,29.609,12.0530,12.0530,0.000000,0
66.1000,35.883,18.3598,18.3598,0.000000,0
66.1500,34.032,18.3598,18.3598,0.000000,0
66.2000,46.041,16.1035,16.1035,0.000000,0
66.2500,38.033,16.1035,16.1035,0.000000,0
66.3000,44.495,9.1258,9.1258,0.000000,0
66.3500,34.226,9.1258,9.1258,0.000000,0
66.4000,37.823,13.9568,13.9568,0.000000,0
66.4500,36.165,13.9568,13.9568,0.000000,0
66.5000,40.130,12.0608,12.0608,0.000000,0
66.5500,30.306,12.0608,12.0608,0.000000,0
66.6000,42.093,0.0000,0.0000,0.000000,0
66.6500,31.129,0.0000,0.0000,0.000000,0
66.7000,39.729,2.3616,2.3616,0.000000,0
66.7500,33.371,2.3616,2.3616,0.000000,0
66.8000,59.828,4.4034,4.4034,0.000000,0
66.8500,63.376,4.4034,4.4034,0.000000,0
66.9000,35.631,9.2144,9.2144,0.000000,0
66.9500,35.700,9.2144,9.2144,0.000000,0
67.0000,33.869,12.8650,12.8650,0.000000,0
67.0500,39.901,12.8650,12.8650,0.000000,0
67.1000,41.949,11.0177,11.0177,0.000000,0
67.1500,33.143,11.0177,11.0177,0.000000,0
67.2000,31.662,10.7014,10.7014,0.000000,0
67.2500,39.820,10.7014,10.7014,0.000000,0
67.3000,52.229,14.5700,14.5700,0.000000,0
67.3500,49.678,14.5700,14.5700,0.000000,0
67.4000,35.226,13.4801,13.4801,0.000000,0
67.4500,55.089,13.4801,13.4801,0.000000,0
67.5000,35.296,14.4182,14.4182,0.000000,0
67.5500,33.076,14.4182,14.4182,0.000000,0
67.6000,79.561,13.7742,13.7742,0.000000,0
67.6500,45.432,13.7742,13.7742,0.000000,0
67.7000,48.063,12.1382,12.1382,0.000000,0
67.7500,38.910,12.1382,12.1382,0.000000,0
67.8000,57.813,5.9684,5.9684,0.000000,0
67.8500,69.769,5.9684,5.9684,0.000000,0
67.9000,45.379,16.1090,16.1090,0.000000,0
67.9500,34.005,16.1090,16.1090,0.000000,0
68.0000,35.642,12.8768,12.8768,0.000000,0
68.0500,35.832,12.8768,12.8768,0.000000,0
68.1000,35.417,9.4522,9.4522,0.000000,0
68.1500,36.057,9.4522,9.4522,0.000000,0
68.2000,39.970,10.1201,10.1201,0.000000,0
68.2500,37.590,10.1201,10.1201,0.000000,0
68.3000,39.801,9.2598,9.2598,0.000000,0
68.3500,29.255,9.2598,9.2598,0.000000,0
68.4000,29.160,11.2659,11.2659,0.000000,0
68.4500,33.810,11.2659,11.2659,0.000000,0
68.5000,29.719,14.4194,14.4194,0.000000,0
68.5500,35.488,14.4194,14.4194,0.000000,0
68.6000,37.100,11.4571,11.4571,0.000000,0
68.6500,35.948,11.4571,11.4571,0.000000,0
68.7000,42.087,12.1655,12.1655,0.000000,0
68.7500,59.857,12.1655,12.1655,0.000000,0
68.8000,35.893,6.9835,6.9835,0.000000,0
68.8500,43.975,6.9835,6.9835,0.000000,0
68.9000,35.582,4.2802,4.2802,0.000000,0
68.9500,33.747,4.2802,4.2802,0.000000,0
69.0000,39.112,10.1378,10.1378,0.000000,0
69.0500,33.401,10.1378,10.1378,0.000000,0
69.1000,36.016,11.0386,11.0386,0.000000,0
69.1500,31.061,11.0386,11.0386,0.000000,0
69.2000,31.232,8.7864,8.7864,0.000000,0
69.2500,62.091,8.7864,8.7864,0.000000,0
69.3000,43.829,5.2932,5.2932,0.000000,0
69.3500,37.954,5.2932,5.2932,0.000000,0
69.4000,43.476,4.8511,4.8511,0.000000,0
69.4500,29.880,4.8511,4.8511,0.000000,0
69.5000,37.515,6.9931,6.9931,0.000000,0
69.5500,39.922,6.9931,6.9931,0.000000,0
69.6000,41.558,6.2902,6.2902,0.000000,0
69.6500,55.974,6.2902,6.2902,0.000000,0
69.7000,29.700,7.2294,7.2294,0.000000,0
69.7500,29.852,7.2294,7.2294,0.000000,0
69.8000,40.096,4.4928,4.4928,0.000000,0
69.8500,48.961,4.4928,4.4928,0.000000,0
69.9000,37.507,4.5173,4.5173,0.000000,0
69.9500,29.649,4.5173,4.5173,0.000000,0
70.0000,31.287,6.6443,6.6443,0.000000,0
70.0500,32.187,6.6443,6.6443,0.000000,0
70.1000,32.058,5.0570,5.0570,0.000000,0
70.1500,33.268,5.0570,5.0570,0.000000,0
70.2000,40.251,7.2085,7.2085,0.000000,0
70.2500,43.774,7.2085,7.2085,0.000000,0
70.3000,46.037,6.0825,6.0825,0.000000,0
70.3500,33.284,6.0825,6.0825,0.000000,0
70.4000,39.403,0.0000,0.0000,0.000000,0
70.4500,33.535,0.0000,0.0000,0.000000,0
70.5000,53.734,2.9306,2.9306,0.000000,0
70.5500,39.351,2.9306,2.9306,0.000000,0
70.6000,41.653,2.9287,2.9287,0.000000,0
70.6500,49.866,2.9287,2.9287,0.000000,0
70.7000,43.384,0.9011,0.9011,0.000000,0
70.7500,30.355,0.9011,0.9011,0.000000,0
70.8000,59.204,3.5002,3.5002,0.000000,0
70.8500,48.982,3.5002,3.5002,0.000000,0
70.9000,33.290,3.0341,3.0341,0.000000,0
70.9500,37.400,3.0341,3.0341,0.000000,0
71.0000,35.912,3.1540,3.1540,0.000000,0
71.0500,50.082,3.1540,3.1540,0.000000,0
71.1000,44.276,3.1539,3.1539,0.000000,0
71.1500,42.005,3.1539,3.1539,0.000000,0
71.2000,36.343,3.1540,3.1540,0.000000,0
71.2500,36.357,3.1540,3.1540,0.000000,0
71.3000,47.894,3.3791,3.3791,0.000000,0
71.3500,80.202,3.3791,3.3791,0.000000,0
71.4000,175.710,3.3793,3.3793,0.000000,0
71.4500,159.168,3.3793,3.3793,0.000000,0
71.5000,159.168,3.3788,3.3788,0.000000,0
71.5500,131.420,3.3788,3.3788,0.000000,0
71.6000,109.231,3.3794,3.3794,0.000000,0
71.6500,120.612,3.3794,3.3794,0.000000,0
71.7000,114.019,3.6045,3.6045,0.000000,0
71.7500,95.696,3.6045,3.6045,0.000000,0
71.8000,105.186,3.6046,3.6046,0.000000,0
71.8500,105.601,3.6046,3.6046,0.000000,0
71.9000,104.434,3.6046,3.6046,0.000000,0
71.9500,104.325,3.6046,3.6046,0.000000,0
72.0000,102.715,3.8299,3.8299,0.000000,0
72.0500,93.267,3.8299,3.8299,0.000000,0
72.1000,135.168,3.8298,3.8298,0.000000,0
72.1500,101.588,3.8298,3.8298,0.000000,0
72.2000,93.514,3.8296,3.8296,0.000000,0
72.2500,112.250,3.8296,3.8296,0.000000,0
72.3000,107.974,1.8022,1.8022,0.000000,0
72.3500,112.493,1.8022,1.8022,0.000000,0
72.4000,120.411,3.9519,3.9519,0.000000,0
72.4500,96.727,3.9519,3.9519,0.000000,0
72.5000,111.440,3.9330,3.9330,0.000000,0
72.5500,95.236,3.9330,3.9330,0.000000,0
72.6000,109.331,4.0546,4.0546,0.000000,0
72.6500,91.233,4.0546,4.0546,0.000000,0
72.7000,116.432,4.0554,4.0554,0.000000,0
72.7500,99.400,4.0554,4.0554,0.000000,0
72.8000,137.123,4.0552,4.0552,0.000000,0
72.8500,100.587,4.0552,4.0552,0.000000,0
72.9000,95.873,3.3791,3.3791,0.000000,0
72.9500,119.976,3.3791,3.3791,0.000000,0
73.0000,137.934,4.2903,4.2903,0.000000,0
73.0500,110.727,4.2903,4.2903,0.000000,0
73.1000,102.745,3.1466,3.1466,0.000000,0
73.1500,106.873,3.1466,3.1466,0.000000,0
73.2000,96.931,3.9423,3.9423,0.000000,0
73.2500,105.736,3.9423,3.9423,0.000000,0
73.3000,101.616,3.1541,3.1541,0.000000,0
73.3500,109.714,3.1541,3.1541,0.000000,0
73.4000,120.429,3.2664,3.2664,0.000000,0
73.4500,105.267,3.2664,3.2664,0.000000,0
73.5000,105.479,5.4066,5.4066,0.000000,0
73.5500,90.780,5.4066,5.4066,0.000000,0
73.6000,96.557,5.6322,5.6322,0.000000,0
73.6500,108.003,5.6322,5.6322,0.000000,0
73.7000,119.545,3.8293,3.8293,0.000000,0
73.7500,104.809,3.8293,3.8293,0.000000,0
73.8000,94.860,6.0833,6.0833,0.000000,0
73.8500,95.784,6.0833,6.0833,0.000000,0
73.9000,105.416,4.7306,4.7306,0.000000,0
73.9500,110.421,4.7306,4.7306,0.000000,0
74.0000,119.638,5.8575,5.8575,0.000000,0
74.0500,94.592,5.8575,5.8575,0.000000,0
74.1000,130.300,3.1539,3.1539,0.000000,0
74.1500,138.026,3.1539,3.1539,0.000000,0
74.2000,116.279,6.3075,6.3075,0.000000,0
74.2500,141.021,6.3075,6.3075,0.000000,0
74.3000,111.124,4.5134,4.5134,0.000000,0
74.3500,113.322,4.5134,4.5134,0.000000,0
74.4000,120.789,4.1607,4.1607,0.000000,0
74.4500,93.225,4.1607,4.1607,0.000000,0
74.5000,100.146,6.4205,6.4205,0.000000,0
74.5500,100.516,6.4205,6.4205,0.000000,0
74.6000,95.823,5.1927,5.1927,0.000000,0
74.6500,106.730,5.1927,5.1927,0.000000,0
74.7000,107.571,5.1703,5.1703,0.000000,0
74.7500,105.287,5.1703,5.1703,0.000000,0
74.8000,99.909,5.6323,5.6323,0.000000,0
74.8500,125.016,5.6323,5.6323,0.000000,0
74.9000,94.553,2.2526,2.2526,0.000000,0
74.9500,94.976,2.2526,2.2526,0.000000,0
75.0000,102.863,3.8291,3.8291,0.000000,0
75.0500,99.555,3.8291,3.8291,0.000000,0
75.1000,100.104,5.4075,5.4075,0.000000,0
75.1500,101.847,5.4075,5.4075,0.000000,0
75.2000,103.580,5.4067,5.4067,0.000000,0
75.2500,104.371,5.4067,5.4067,0.000000,0
75.3000,94.523,5.5197,5.5197,0.000000,0
75.3500,98.882,5.5197,5.5197,0.000000,0
75.4000,109.916,5.5190,5.5190,0.000000,0
75.4500,113.804,5.5190,5.5190,0.000000,0
75.5000,101.833,5.6323,5.6323,0.000000,0
75.5500,109.537,5.6323,5.6323,0.000000,0
75.6000,105.703,5.6320,5.6320,0.000000,0
75.6500,124.589,5.6320,5.6320,0.000000,0
75.7000,96.309,4.0551,4.0551,0.000000,0
75.7500,99.417,4.0551,4.0551,0.000000,0
75.8000,104.084,5.8572,5.8572,0.000000,0
75.8500,95.026,5.8572,5.8572,0.000000,0
75.9000,120.413,5.9699,5.9699,0.000000,0
75.9500,112.663,5.9699,5.9699,0.000000,0
76.0000,117.483,5.0690,5.0690,0.000000,0
76.0500,110.448,5.0690,5.0690,0.000000,0
76.1000,122.359,5.8573,5.8573,0.000000,0
76.1500,107.310,5.8573,5.8573,0.000000,0
76.2000,137.884,3.2744,3.2744,0.000000,0
76.2500,118.485,3.2744,3.2744,0.000000,0
76.3000,132.912,4.3822,4.3822,0.000000,0
76.3500,117.620,4.3822,4.3822,0.000000,0
76.4000,111.721,5.8571,5.8571,0.000000,0
76.4500,108.657,5.8571,5.8571,0.000000,0
76.5000,102.012,6.8761,6.8761,0.000000,0
76.5500,103.591,6.8761,6.8761,0.000000,0
76.6000,118.701,6.6412,6.6412,0.000000,0
76.6500,106.398,6.6412,6.6412,0.000000,0
76.7000,129.891,1.6930,1.6930,0.000000,0
76.7500,104.620,1.6930,1.6930,0.000000,0
76.8000,155.975,11.5865,11.5865,0.000000,0
76.8500,118.705,11.5865,11.5865,0.000000,0
76.9000,101.362,5.6441,5.6441,0.000000,0
76.9500,115.738,5.6441,5.6441,0.000000,0
77.0000,149.292,5.6165,5.6165,0.000000,0
77.0500,115.514,5.6165,5.6165,0.000000,0
77.1000,92.614,5.1812,5.1812,0.000000,0
77.1500,91.404,5.1812,5.1812,0.000000,0
77.2000,95.119,5.4065,5.4065,0.000000,0
77.2500,127.488,5.4065,5.4065,0.000000,0
77.3000,100.286,5.4072,5.4072,0.000000,0
77.3500,95.618,5.4072,5.4072,0.000000,0
77.4000,113.769,5.6315,5.6315,0.000000,0
77.4500,116.820,5.6315,5.6315,0.000000,0
77.5000,94.505,5.8576,5.8576,0.000000,0
77.5500,94.718,5.8576,5.8576,0.000000,0
77.6000,95.654,5.8732,5.8732,0.000000,0
77.6500,97.178,5.8732,5.8732,0.000000,0
77.7000,97.449,2.2516,2.2516,0.000000,0
77.7500,108.790,2.2516,2.2516,0.000000,0
77.8000,98.951,8.0920,8.0920,0.000000,0
77.8500,113.039,8.0920,8.0920,0.000000,0
77.9000,97.190,4.2803,4.2803,0.000000,0
77.9500,95.398,4.2803,4.2803,0.000000,0
78.0000,98.943,6.4204,6.4204,0.000000,0
78.0500,100.494,6.4204,6.4204,0.000000,0
78.1000,91.713,6.4377,6.4377,0.000000,0
78.1500,98.817,6.4377,6.4377,0.000000,0
78.2000,95.536,8.3339,8.3339,0.000000,0
78.2500,111.344,8.3339,8.3339,0.000000,0
78.3000,108.400,6.9874,6.9874,0.000000,0
78.3500,105.263,6.9874,6.9874,0.000000,0
78.4000,93.123,5.1839,5.1839,0.000000,0
78.4500,118.448,5.1839,5.1839,0.000000,0
78.5000,107.861,6.9597,6.9597,0.000000,0
78.5500,89.324,6.9597,6.9597,0.000000,0
78.6000,109.905,6.9833,6.9833,0.000000,0
78.6500,145.283,6.9833,6.9833,0.000000,0
78.7000,105.417,6.9842,6.9842,0.000000,0
78.7500,101.976,6.9842,6.9842,0.000000,0
78.8000,99.686,7.0031,7.0031,0.000000,0
78.8500,91.720,7.0031,7.0031,0.000000,0
78.9000,123.021,6.0652,6.0652,0.000000,0
78.9500,95.780,6.0652,6.0652,0.000000,0
79.0000,110.455,3.4920,3.4920,0.000000,0
79.0500,101.275,3.4920,3.4920,0.000000,0
79.1000,95.096,7.0084,7.0084,0.000000,0
79.1500,106.921,7.0084,7.0084,0.000000,0
79.2000,96.909,6.3982,6.3982,0.000000,0
79.2500,129.518,6.3982,6.3982,0.000000,0
79.3000,99.574,6.7582,6.7582,0.000000,0
79.3500,95.805,6.7582,6.7582,0.000000,0
79.4000,100.414,7.6764,7.6764,0.000000,0
79.4500,105.717,7.6764,7.6764,0.000000,0
79.5000,98.539,7.1935,7.1935,0.000000,0
79.5500,116.743,7.1935,7.1935,0.000000,0
79.6000,95.111,5.6318,5.6318,0.000000,0
79.6500,95.473,5.6318,5.6318,0.000000,0
79.7000,120.478,7.6594,7.6594,0.000000,0
79.7500,131.503,7.6594,7.6594,0.000000,0
79.8000,115.746,9.2599,9.2599,0.000000,0
79.8500,108.917,9.2599,9.2599,0.000000,0
79.9000,130.780,3.3705,3.3705,0.000000,0
79.9500,104.122,3.3705,3.3705,0.000000,0
80.0000,119.072,7.2092,7.2092,0.000000,0
80.0500,143.206,7.2092,7.2092,0.000000,0
80.1000,108.621,7.2254,7.2254,0.000000,0
80.1500,95.240,7.2254,7.2254,0.000000,0
80.2000,102.802,7.1926,7.1926,0.000000,0
80.2500,100.652,7.1926,7.1926,0.000000,0
80.3000,120.450,7.2033,7.2033,0.000000,0
80.3500,109.601,7.2033,7.2033,0.000000,0
80.4000,106.391,7.2147,7.2147,0.000000,0
80.4500,102.991,7.2147,7.2147,0.000000,0
80.5000,91.489,5.4066,5.4066,0.000000,0
80.5500,94.673,5.4066,5.4066,0.000000,0
80.6000,103.609,7.2091,7.2091,0.000000,0
80.6500,114.178,7.2091,7.2091,0.000000,0
80.7000,98.904,6.9838,6.9838,0.000000,0
80.7500,124.920,6.9838,6.9838,0.000000,0
80.8000,100.010,7.2089,7.2089,0.000000,0
80.8500,104.316,7.2089,7.2089,0.000000,0
80.9000,129.561,6.0826,6.0826,0.000000,0
80.9500,99.354,6.0826,6.0826,0.000000,0
81.0000,104.218,5.8746,5.8746,0.000000,0
81.0500,103.905,5.8746,5.8746,0.000000,0
81.1000,111.907,4.7168,4.7168,0.000000,0
81.1500,106.440,4.7168,4.7168,0.000000,0
81.2000,123.415,7.2250,7.2250,0.000000,0
81.2500,111.557,7.2250,7.2250,0.000000,0
81.3000,116.149,7.3215,7.3215,0.000000,0
81.3500,112.545,7.3215,7.3215,0.000000,0
81.4000,123.623,7.4195,7.4195,0.000000,0
81.4500,108.640,7.4195,7.4195,0.000000,0
81.5000,114.188,7.3203,7.3203,0.000000,0
81.5500,105.855,7.3203,7.3203,0.000000,0
81.6000,121.703,7.4339,7.4339,0.000000,0
81.6500,97.775,7.4339,7.4339,0.000000,0
81.7000,95.862,7.4509,7.4509,0.000000,0
81.7500,104.024,7.4509,7.4509,0.000000,0
81.8000,120.339,8.0921,8.0921,0.000000,0
81.8500,104.818,8.0921,8.0921,0.000000,0
81.9000,99.778,7.6596,7.6596,0.000000,0
81.9500,112.092,7.6596,7.6596,0.000000,0
82.0000,100.511,7.7719,7.7719,0.000000,0
82.0500,93.861,7.7719,7.7719,0.000000,0
82.1000,96.596,4.8565,4.8565,0.000000,0
82.1500,113.184,4.8565,4.8565,0.000000,0
82.2000,118.212,7.8638,7.8638,0.000000,0
82.2500,94.693,7.8638,7.8638,0.000000,0
82.3000,109.028,8.7862,8.7862,0.000000,0
82.3500,91.558,8.7862,8.7862,0.000000,0
82.4000,107.441,4.2802,4.2802,0.000000,0
82.4500,119.109,4.2802,4.2802,0.000000,0
82.5000,107.843,7.8978,7.8978,0.000000,0
82.5500,96.578,7.8978,7.8978,0.000000,0
82.6000,116.863,5.8476,5.8476,0.000000,0
82.6500,97.121,5.8476,5.8476,0.000000,0
82.7000,124.546,10.1382,10.1382,0.000000,0
82.7500,102.841,10.1382,10.1382,0.000000,0
82.8000,89.457,6.3076,6.3076,0.000000,0
82.8500,105.700,6.3076,6.3076,0.000000,0
82.9000,104.202,7.8835,7.8835,0.000000,0
82.9500,104.440,7.8835,7.8835,0.000000,0
83.0000,101.211,8.3364,8.3364,0.000000,0
83.0500,113.170,8.3364,8.3364,0.000000,0
83.1000,101.608,9.1242,9.1242,0.000000,0
83.1500,112.322,9.1242,9.1242,0.000000,0
83.2000,101.730,8.8945,8.8945,0.000000,0
83.2500,99.679,8.8945,8.8945,0.000000,0
83.3000,96.771,8.1137,8.1137,0.000000,0
83.3500,114.803,8.1137,8.1137,0.000000,0
83.4000,102.864,8.3355,8.3355,0.000000,0
83.4500,103.499,8.3355,8.3355,0.000000,0
83.5000,114.103,6.9835,6.9835,0.000000,0
83.5500,102.277,6.9835,6.9835,0.000000,0
83.6000,111.678,7.2285,7.2285,0.000000,0
83.6500,99.750,7.2285,7.2285,0.000000,0
83.7000,108.134,4.7182,4.7182,0.000000,0
83.7500,101.512,4.7182,4.7182,0.000000,0
83.8000,113.474,9.0111,9.0111,0.000000,0
83.8500,121.620,9.0111,9.0111,0.000000,0
83.9000,108.657,9.9117,9.9117,0.000000,0
83.9500,111.939,9.9117,9.9117,0.000000,0
84.0000,103.278,9.0310,9.0310,0.000000,0
84.0500,96.831,9.0310,9.0310,0.000000,0
84.1000,94.802,9.1042,9.1042,0.000000,0
84.1500,95.743,9.1042,9.1042,0.000000,0
84.2000,96.205,9.1462,9.1462,0.000000,0
84.2500,106.782,9.1462,9.1462,0.000000,0
84.3000,109.220,9.4645,9.4645,0.000000,0
84.3500,107.104,9.4645,9.4645,0.000000,0
84.4000,97.484,8.7905,8.7905,0.000000,0
84.4500,118.434,8.7905,8.7905,0.000000,0
84.5000,98.960,6.7366,6.7366,0.000000,0
84.5500,105.812,6.7366,6.7366,0.000000,0
84.6000,100.187,7.6593,7.6593,0.000000,0
84.6500,107.300,7.6593,7.6593,0.000000,0
84.7000,102.272,9.0115,9.0115,0.000000,0
84.7500,107.017,9.0115,9.0115,0.000000,0
84.8000,107.062,11.5214,11.5214,0.000000,0
84.8500,118.257,11.5214,11.5214,0.000000,0
84.9000,89.995,8.9956,8.9956,0.000000,0
84.9500,117.493,8.9956,8.9956,0.000000,0
85.0000,97.155,10.3521,10.3521,0.000000,0
85.0500,106.127,10.3521,10.3521,0.000000,0
85.1000,105.468,11.2949,11.2949,0.000000,0
85.1500,106.686,11.2949,11.2949,0.000000,0
85.2000,95.802,11.4581,11.4581,0.000000,0
85.2500,105.161,11.4581,11.4581,0.000000,0
85.3000,102.745,9.2360,9.2360,0.000000,0
85.3500,110.315,9.2360,9.2360,0.000000,0
85.4000,94.130,1.3517,1.3517,0.000000,0
85.4500,105.775,1.3517,1.3517,0.000000,0
85.5000,93.626,17.7932,17.7932,0.000000,0
85.5500,101.179,17.7932,17.7932,0.000000,0
85.6000,101.457,13.1810,13.1810,0.000000,0
85.6500,129.240,13.1810,13.1810,0.000000,0
85.7000,109.916,11.2645,11.2645,0.000000,0
85.7500,136.811,11.2645,11.2645,0.000000,0
85.8000,109.469,12.8408,12.8408,0.000000,0
85.8500,101.582,12.8408,12.8408,0.000000,0
85.9000,117.474,10.4752,10.4752,0.000000,0
85.9500,128.805,10.4752,10.4752,0.000000,0
86.0000,100.876,14.7555,14.7555,0.000000,0
86.0500,112.824,14.7555,14.7555,0.000000,0
86.1000,100.047,14.3064,14.3064,0.000000,0
86.1500,121.777,14.3064,14.3064,0.000000,0
86.2000,95.381,12.8766,12.8766,0.000000,0
86.2500,99.647,12.8766,12.8766,0.000000,0
86.3000,156.784,17.4520,17.4520,0.000000,0
86.3500,114.061,17.4520,17.4520,0.000000,0
86.4000,111.245,20.2269,20.2269,0.000000,0
86.4500,111.245,20.2269,20.2269,0.000000,0
86.5000,57.884,21.9650,21.9650,0.000000,0
86.5500,50.272,21.9650,21.9650,0.000000,0
86.6000,52.857,22.7553,22.7553,0.000000,0
86.6500,86.839,22.7553,22.7553,0.000000,0
86.7000,87.919,25.0106,25.0106,0.000000,0
86.7500,59.576,25.0106,25.0106,0.000000,0
86.8000,61.270,24.0992,24.0992,0.000000,0
86.8500,75.495,24.0992,24.0992,0.000000,0
86.9000,67.488,18.0210,18.0210,0.000000,0
86.9500,49.112,18.0210,18.0210,0.000000,0
87.0000,81.163,20.6834,20.6834,0.000000,0
87.0500,63.232,20.6834,20.6834,0.000000,0
87.1000,67.553,23.5759,23.5759,0.000000,0
87.1500,68.279,23.5759,23.5759,0.000000,0
87.2000,59.394,26.3175,26.3175,0.000000,0
87.2500,73.496,26.3175,26.3175,0.000000,0
87.3000,55.097,23.8955,23.8955,0.000000,0
87.3500,57.499,23.8955,23.8955,0.000000,0
87.4000,37.457,18.8575,18.8575,0.000000,0
87.4500,40.181,18.8575,18.8575,0.000000,0
87.5000,42.824,25.0046,25.0046,0.000000,0
87.5500,28.216,25.0046,25.0046,0.000000,0
87.6000,41.878,23.0935,23.0935,0.000000,0
87.6500,37.866,23.0935,23.0935,0.000000,0
87.7000,41.858,24.1057,24.1057,0.000000,0
87.7500,33.288,24.1057,24.1057,0.000000,0
87.8000,35.554,31.0680,31.0680,0.000000,0
87.8500,37.838,31.0680,31.0680,0.000000,0
87.9000,50.155,21.7864,21.7864,0.000000,0
87.9500,59.253,21.7864,21.7864,0.000000,0
88.0000,46.209,21.4027,21.4027,0.000000,0
88.0500,48.370,21.4027,21.4027,0.000000,0
88.1000,50.572,25.5187,25.5187,0.000000,0
88.1500,53.518,25.5187,25.5187,0.000000,0
88.2000,33.150,22.0847,22.0847,0.000000,0
88.2500,36.844,22.0847,22.0847,0.000000,0
88.3000,50.144,19.0398,19.0398,0.000000,0
88.3500,40.435,19.0398,19.0398,0.000000,0
88.4000,53.632,13.9278,13.9278,0.000000,0
88.4500,46.809,13.9278,13.9278,0.000000,0
88.5000,37.075,23.9899,23.9899,0.000000,0
88.5500,30.700,23.9899,23.9899,0.000000,0
88.6000,52.926,17.7975,17.7975,0.000000,0
88.6500,40.063,17.7975,17.7975,0.000000,0
88.7000,47.113,20.3303,20.3303,0.000000,0
88.7500,49.796,20.3303,20.3303,0.000000,0
88.8000,41.972,14.9762,14.9762,0.000000,0
88.8500,37.764,14.9762,14.9762,0.000000,0
88.9000,35.910,9.6639,9.6639,0.000000,0
88.9500,48.757,9.6639,9.6639,0.000000,0
89.0000,51.375,9.3487,9.3487,0.000000,0
89.0500,32.469,9.3487,9.3487,0.000000,0
89.1000,56.856,26.1330,26.1330,0.000000,0
89.1500,37.622,26.1330,26.1330,0.000000,0
89.2000,29.288,16.8958,16.8958,0.000000,0
89.2500,41.886,16.8958,16.8958,0.000000,0
89.3000,43.743,15.9950,15.9950,0.000000,0
89.3500,46.521,15.9950,15.9950,0.000000,0
89.4000,91.481,15.8107,15.8107,0.000000,0
89.4500,63.662,15.8107,15.8107,0.000000,0
89.5000,33.979,22.4691,22.4691,0.000000,0
89.5500,35.838,22.4691,22.4691,0.000000,0
89.6000,48.038,21.9133,21.9133,0.000000,0
89.6500,61.382,21.9133,21.9133,0.000000,0
89.7000,54.199,22.0033,22.0033,0.000000,0
89.7500,44.449,22.0033,22.0033,0.000000,0
89.8000,69.952,16.2296,16.2296,0.000000,0
89.8500,82.013,16.2296,16.2296,0.000000,0
89.9000,109.524,18.4735,18.4735,0.000000,0
89.9500,86.765,18.4735,18.4735,0.000000,0
90.0000,83.410,23.3817,23.3817,0.000000,0
90.0500,59.261,23.3817,23.3817,0.000000,0
90.1000,39.220,21.8434,21.8434,0.000000,0
90.1500,53.959,21.8434,21.8434,0.000000,0
90.2000,34.378,17.9137,17.9137,0.000000,0
90.2500,57.493,17.9137,17.9137,0.000000,0
90.3000,59.894,16.1773,16.1773,0.000000,0
90.3500,52.616,16.1773,16.1773,0.000000,0
90.4000,44.433,16.0340,16.0340,0.000000,0
90.4500,37.516,16.0340,16.0340,0.000000,0
90.5000,59.396,9.0147,9.0147,0.000000,0
90.5500,45.856,9.0147,9.0147,0.000000,0
90.6000,37.643,19.2075,19.2075,0.000000,0
90.6500,34.284,19.2075,19.2075,0.000000,0
90.7000,32.113,17.6836,17.6836,0.000000,0
90.7500,35.277,17.6836,17.6836,0.000000,0
90.8000,54.110,14.8688,14.8688,0.000000,0
90.8500,45.889,14.8688,14.8688,0.000000,0
90.9000,36.653,16.2205,16.2205,0.000000,0
90.9500,70.563,16.2205,16.2205,0.000000,0
91.0000,46.870,14.4529,14.4529,0.000000,0
91.0500,38.263,14.4529,14.4529,0.000000,0
91.1000,40.841,14.8333,14.8333,0.000000,0
91.1500,31.973,14.8333,14.8333,0.000000,0
91.2000,29.529,14.1918,14.1918,0.000000,0
91.2500,53.786,14.1918,14.1918,0.000000,0
91.3000,66.861,13.7421,13.7421,0.000000,0
91.3500,26.996,13.7421,13.7421,0.000000,0
91.4000,39.523,14.5340,14.5340,0.000000,0
91.4500,52.434,14.5340,14.5340,0.000000,0
91.5000,43.990,16.6669,16.6669,0.000000,0
91.5500,36.050,16.6669,16.6669,0.000000,0
91.6000,50.350,11.1518,11.1518,0.000000,0
91.6500,51.321,11.1518,11.1518,0.000000,0
91.7000,42.761,12.7551,12.7551,0.000000,0
91.7500,57.747,12.7551,12.7551,0.000000,0
91.8000,38.123,7.3057,7.3057,0.000000,0
91.8500,49.596,7.3057,7.3057,0.000000,0
91.9000,73.621,8.3361,8.3361,0.000000,0
91.9500,40.371,8.3361,8.3361,0.000000,0
92.0000,52.969,10.3625,10.3625,0.000000,0
92.0500,46.782,10.3625,10.3625,0.000000,0
92.1000,57.899,17.3473,17.3473,0.000000,0
92.1500,44.184,17.3473,17.3473,0.000000,0
92.2000,67.530,13.2102,13.2102,0.000000,0
92.2500,69.800,13.2102,13.2102,0.000000,0
92.3000,62.023,7.7536,7.7536,0.000000,0
92.3500,75.063,7.7536,7.7536,0.000000,0
92.4000,87.462,9.8267,9.8267,0.000000,0
92.4500,69.528,9.8267,9.8267,0.000000,0
92.5000,50.005,12.2667,12.2667,0.000000,0
92.5500,53.358,12.2667,12.2667,0.000000,0
92.6000,54.676,13.3793,13.3793,0.000000,0
92.6500,88.506,13.3793,13.3793,0.000000,0
92.7000,81.171,10.2791,10.2791,0.000000,0
92.7500,135.567,10.2791,10.2791,0.000000,0
92.8000,127.699,13.5153,13.5153,0.000000,0
92.8500,130.609,13.5153,13.5153,0.000000,0
92.9000,121.897,9.7732,9.7732,0.000000,0
92.9500,114.503,9.7732,9.7732,0.000000,0
93.0000,84.045,11.3763,11.3763,0.000000,0
93.0500,66.139,11.3763,11.3763,0.000000,0
93.1000,47.959,19.7126,19.7126,0.000000,0
93.1500,44.368,19.7126,19.7126,0.000000,0
93.2000,31.387,14.1159,14.1159,0.000000,0
93.2500,43.270,14.1159,14.1159,0.000000,0
93.3000,66.914,15.9531,15.9531,0.000000,0
93.3500,90.725,15.9531,15.9531,0.000000,0
93.4000,71.876,12.2783,12.2783,0.000000,0
93.4500,54.202,12.2783,12.2783,0.000000,0
93.5000,67.987,10.1372,10.1372,0.000000,0
93.5500,68.288,10.1372,10.1372,0.000000,0
93.6000,70.937,10.2754,10.2754,0.000000,0
93.6500,73.784,10.2754,10.2754,0.000000,0
93.7000,77.274,17.9794,17.9794,0.000000,0
93.7500,89.199,17.9794,17.9794,0.000000,0
93.8000,61.120,20.7264,20.7264,0.000000,0
93.8500,93.460,20.7264,20.7264,0.000000,0
93.9000,65.096,18.0229,18.0229,0.000000,0
93.9500,87.926,18.0229,18.0229,0.000000,0
94.0000,59.857,14.2313,14.2313,0.000000,0
94.0500,49.446,14.2313,14.2313,0.000000,0
94.1000,48.640,15.9501,15.9501,0.000000,0
94.1500,44.354,15.9501,15.9501,0.000000,0
94.2000,58.201,15.8834,15.8834,0.000000,0
94.2500,49.936,15.8834,15.8834,0.000000,0
94.3000,42.518,13.6296,13.6296,0.000000,0
94.3500,43.977,13.6296,13.6296,0.000000,0
94.4000,88.805,15.7680,15.7680,0.000000,0
94.4500,70.964,15.7680,15.7680,0.000000,0
94.5000,62.233,19.2630,19.2630,0.000000,0
94.5500,85.354,19.2630,19.2630,0.000000,0
94.6000,98.532,14.7560,14.7560,0.000000,0
94.6500,79.464,14.7560,14.7560,0.000000,0
94.7000,49.917,14.6609,14.6609,0.000000,0
94.7500,36.679,14.6609,14.6609,0.000000,0
94.8000,33.743,17.7745,17.7745,0.000000,0
94.8500,41.819,17.7745,17.7745,0.000000,0
94.9000,38.286,11.6238,11.6238,0.000000,0
94.9500,30.405,11.6238,11.6238,0.000000,0
95.0000,34.404,15.6279,15.6279,0.000000,0
95.0500,46.309,15.6279,15.6279,0.000000,0
95.1000,38.467,17.1218,17.1218,0.000000,0
95.1500,50.430,17.1218,17.1218,0.000000,0
95.2000,53.271,14.4181,14.4181,0.000000,0
95.2500,66.220,14.4181,14.4181,0.000000,0
95.3000,46.866,17.1621,17.1621,0.000000,0
95.3500,50.744,17.1621,17.1621,0.000000,0
95.4000,47.703,14.8329,14.8329,0.000000,0
95.4500,43.223,14.8329,14.8329,0.000000,0
95.5000,37.229,11.9730,11.9730,0.000000,0
95.5500,33.423,11.9730,11.9730,0.000000,0
95.6000,40.659,11.0084,11.0084,0.000000,0
95.6500,38.946,11.0084,11.0084,0.000000,0
95.7000,46.280,8.1100,8.1100,0.000000,0
95.7500,42.079,8.1100,8.1100,0.000000,0
95.8000,50.447,12.6363,12.6363,0.000000,0
95.8500,42.939,12.6363,12.6363,0.000000,0
95.9000,44.058,14.1698,14.1698,0.000000,0
95.9500,51.840,14.1698,14.1698,0.000000,0
96.0000,49.600,13.6326,13.6326,0.000000,0
96.0500,40.732,13.6326,13.6326,0.000000,0
96.1000,33.453,14.5269,14.5269,0.000000,0
96.1500,35.889,14.5269,14.5269,0.000000,0
96.2000,37.169,7.4339,7.4339,0.000000,0
96.2500,40.287,7.4339,7.4339,0.000000,0
96.3000,32.670,10.9563,10.9563,0.000000,0
96.3500,29.347,10.9563,10.9563,0.000000,0
96.4000,36.968,15.5025,15.5025,0.000000,0
96.4500,60.606,15.5025,15.5025,0.000000,0
96.5000,41.638,17.6840,17.6840,0.000000,0
96.5500,55.288,17.6840,17.6840,0.000000,0
96.6000,47.509,18.6990,18.6990,0.000000,0
96.6500,70.548,18.6990,18.6990,0.000000,0
96.7000,39.963,18.0222,18.0222,0.000000,0
96.7500,63.925,18.0222,18.0222,0.000000,0
96.8000,66.627,15.0938,15.0938,0.000000,0
96.8500,68.739,15.0938,15.0938,0.000000,0
96.9000,40.315,11.3766,11.3766,0.000000,0
96.9500,73.808,11.3766,11.3766,0.000000,0
97.0000,45.097,14.6435,14.6435,0.000000,0
97.0500,88.411,14.6435,14.6435,0.000000,0
97.1000,50.374,11.3768,11.3768,0.000000,0
97.1500,50.725,11.3768,11.3768,0.000000,0
97.2000,96.666,13.2112,13.2112,0.000000,0
97.2500,67.728,13.2112,13.2112,0.000000,0
97.3000,80.923,15.8870,15.8870,0.000000,0
97.3500,61.393,15.8870,15.8870,0.000000,0
97.4000,53.406,13.9282,13.9282,0.000000,0
97.4500,44.414,13.9282,13.9282,0.000000,0
97.5000,47.601,11.7133,11.7133,0.000000,0
97.5500,50.842,11.7133,11.7133,0.000000,0
97.6000,42.013,15.5448,15.5448,0.000000,0
97.6500,38.944,15.5448,15.5448,0.000000,0
97.7000,36.662,17.9123,17.9123,0.000000,0
97.7500,32.539,17.9123,17.9123,0.000000,0
97.8000,39.297,15.2044,15.2044,0.000000,0
97.8500,54.422,15.2044,15.2044,0.000000,0
97.9000,56.079,20.2125,20.2125,0.000000,0
97.9500,80.145,20.2125,20.2125,0.000000,0
98.0000,40.226,21.0137,21.0137,0.000000,0
98.0500,64.635,21.0137,21.0137,0.000000,0
98.1000,87.721,19.6485,19.6485,0.000000,0
98.1500,88.965,19.6485,19.6485,0.000000,0
98.2000,60.515,23.5392,23.5392,0.000000,0
98.2500,61.538,23.5392,23.5392,0.000000,0
98.3000,33.838,15.7715,15.7715,0.000000,0
98.3500,36.381,15.7715,15.7715,0.000000,0
98.4000,37.864,20.7305,20.7305,0.000000,0
98.4500,30.591,20.7305,20.7305,0.000000,0
98.5000,47.609,16.9986,16.9986,0.000000,0
98.5500,71.389,16.9986,16.9986,0.000000,0
98.6000,57.238,24.8398,24.8398,0.000000,0
98.6500,39.171,24.8398,24.8398,0.000000,0
98.7000,52.159,21.2896,21.2896,0.000000,0
98.7500,33.881,21.2896,21.2896,0.000000,0
98.8000,37.171,23.8782,23.8782,0.000000,0
98.8500,48.093,23.8782,23.8782,0.000000,0
98.9000,34.535,19.3739,19.3739,0.000000,0
98.9500,48.363,19.3739,19.3739,0.000000,0
99.0000,29.647,25.4574,25.4574,0.000000,0
99.0500,32.103,25.4574,25.4574,0.000000,0
99.1000,49.649,15.4317,15.4317,0.000000,0
99.1500,53.414,15.4317,15.4317,0.000000,0
99.2000,33.320,23.7670,23.7670,0.000000,0
99.2500,41.945,23.7670,23.7670,0.000000,0
99.3000,38.903,18.0213,18.0213,0.000000,0
99.3500,41.144,18.0213,18.0213,0.000000,0
99.4000,48.325,20.7270,20.7270,0.000000,0
99.4500,46.342,20.7270,20.7270,0.000000,0
99.5000,38.549,21.2351,21.2351,0.000000,0
99.5500,39.908,21.2351,21.2351,0.000000,0
99.6000,43.133,16.8492,16.8492,0.000000,0
99.6500,35.097,16.8492,16.8492,0.000000,0
99.7000,37.013,15.9958,15.9958,0.000000,0
99.7500,40.477,15.9958,15.9958,0.000000,0
99.8000,40.170,17.5711,17.5711,0.000000,0
99.8500,33.247,17.5711,17.5711,0.000000,0
99.9000,42.380,14.4178,14.4178,0.000000,0
99.9500,54.044,14.4178,14.4178,0.000000,0
100.0000,29.798,15.0942,15.0942,0.000000,0
100.0500,38.031,15.0942,15.0942,0.000000,0
100.1000,34.887,14.5290,14.5290,0.000000,0
100.1500,37.152,14.5290,14.5290,0.000000,0
100.2000,29.503,14.9645,14.9645,0.000000,0
100.2500,36.894,14.9645,14.9645,0.000000,0
100.3000,29.058,15.5616,15.5616,0.000000,0
100.3500,32.083,15.5616,15.5616,0.000000,0
100.4000,34.042,2.7035,2.7035,0.000000,0
100.4500,34.520,2.7035,2.7035,0.000000,0
100.5000,28.476,7.4513,7.4513,0.000000,0
100.5500,45.414,7.4513,7.4513,0.000000,0
100.6000,41.854,7.0802,7.0802,0.000000,0
100.6500,44.503,7.0802,7.0802,0.000000,0
100.7000,32.803,7.2087,7.2087,0.000000,0
100.7500,34.760,7.2087,7.2087,0.000000,0
100.8000,47.343,7.5470,7.5470,0.000000,0
100.8500,50.332,7.5470,7.5470,0.000000,0
100.9000,52.283,9.3490,9.3490,0.000000,0
100.9500,33.941,9.3490,9.3490,0.000000,0
101.0000,57.004,8.4483,8.4483,0.000000,0
101.0500,49.641,8.4483,8.4483,0.000000,0
101.1000,62.441,8.5597,8.5597,0.000000,0
101.1500,69.301,8.5597,8.5597,0.000000,0
101.2000,56.083,6.6484,6.6484,0.000000,0
101.2500,47.827,6.6484,6.6484,0.000000,0
101.3000,34.702,0.0000,0.0000,0.000000,0
101.3500,98.781,0.0000,0.0000,0.000000,0
101.4000,153.902,14.5365,14.5365,0.000000,0
101.4500,153.902,14.5365,14.5365,0.000000,0
101.5000,64.359,5.6319,5.6319,0.000000,0
101.5500,87.852,5.6319,5.6319,0.000000,0
101.6000,69.895,9.3490,9.3490,0.000000,0
101.6500,83.869,9.3490,9.3490,0.000000,0
101.7000,68.605,5.8606,5.8606,0.000000,0
101.7500,66.287,5.8606,5.8606,0.000000,0
101.8000,67.736,3.0402,3.0402,0.000000,0
101.8500,80.197,3.0402,3.0402,0.000000,0
101.9000,82.708,6.7571,6.7571,0.000000,0
101.9500,86.524,6.7571,6.7571,0.000000,0
102.0000,67.069,10.2505,10.2505,0.000000,0
102.0500,75.882,10.2505,10.2505,0.000000,0
102.1000,82.946,6.1948,6.1948,0.000000,0
102.1500,84.205,6.1948,6.1948,0.000000,0
102.2000,70.859,7.2094,7.2094,0.000000,0
102.2500,68.176,7.2094,7.2094,0.000000,0
102.3000,71.118,6.8898,6.8898,0.000000,0
102.3500,72.319,6.8898,6.8898,0.000000,0
102.4000,65.043,7.2065,7.2065,0.000000,0
102.4500,77.473,7.2065,7.2065,0.000000,0
102.5000,64.147,7.8657,7.8657,0.000000,0
102.5500,73.164,7.8657,7.8657,0.000000,0
102.6000,84.792,9.1242,9.1242,0.000000,0
102.6500,76.382,9.1242,9.1242,0.000000,0
102.7000,70.013,6.8706,6.8706,0.000000,0
102.7500,70.326,6.8706,6.8706,0.000000,0
102.8000,105.119,9.8002,9.8002,0.000000,0
102.8500,84.930,9.8002,9.8002,0.000000,0
102.9000,67.692,7.4339,7.4339,0.000000,0
102.9500,64.279,7.4339,7.4339,0.000000,0
103.0000,69.741,7.4346,7.4346,0.000000,0
103.0500,64.358,7.4346,7.4346,0.000000,0
103.1000,77.187,5.9701,5.9701,0.000000,0
103.1500,79.830,5.9701,5.9701,0.000000,0
103.2000,72.228,5.7442,5.7442,0.000000,0
103.2500,74.457,5.7442,5.7442,0.000000,0
103.3000,87.271,7.9974,7.9974,0.000000,0
103.3500,79.842,7.9974,7.9974,0.000000,0
103.4000,70.883,7.9067,7.9067,0.000000,0
103.4500,69.891,7.9067,7.9067,0.000000,0
103.5000,76.673,6.6460,6.6460,0.000000,0
103.5500,78.584,6.6460,6.6460,0.000000,0
103.6000,80.257,9.2103,9.2103,0.000000,0
103.6500,93.256,9.2103,9.2103,0.000000,0
103.7000,74.165,8.3338,8.3338,0.000000,0
103.7500,76.860,8.3338,8.3338,0.000000,0
103.8000,64.439,7.6610,7.6610,0.000000,0
103.8500,81.717,7.6610,7.6610,0.000000,0
103.9000,68.962,4.2803,4.2803,0.000000,0
103.9500,86.463,4.2803,4.2803,0.000000,0
104.0000,68.647,10.4763,10.4763,0.000000,0
104.0500,69.666,10.4763,10.4763,0.000000,0
104.1000,69.875,5.4069,5.4069,0.000000,0
104.1500,75.805,5.4069,5.4069,0.000000,0
104.2000,77.278,6.8710,6.8710,0.000000,0
104.2500,79.473,6.8710,6.8710,0.000000,0
104.3000,71.104,6.6455,6.6455,0.000000,0
104.3500,74.285,6.6455,6.6455,0.000000,0
104.4000,86.342,5.7445,5.7445,0.000000,0
104.4500,67.881,5.7445,5.7445,0.000000,0
104.5000,70.129,7.4514,7.4514,0.000000,0
104.5500,73.033,7.4514,7.4514,0.000000,0
104.6000,71.120,6.0685,6.0685,0.000000,0
104.6500,89.213,6.0685,6.0685,0.000000,0
104.7000,80.478,1.4640,1.4640,0.000000,0
104.7500,73.278,1.4640,1.4640,0.000000,0
104.8000,74.540,9.5774,9.5774,0.000000,0
104.8500,77.002,9.5774,9.5774,0.000000,0
104.9000,69.080,7.0003,7.0003,0.000000,0
104.9500,71.786,7.0003,7.0003,0.000000,0
105.0000,73.131,5.3938,5.3938,0.000000,0
105.0500,66.283,5.3938,5.3938,0.000000,0
105.1000,67.847,5.4063,5.4063,0.000000,0
105.1500,69.732,5.4063,5.4063,0.000000,0
105.2000,69.981,4.9564,4.9564,0.000000,0
105.2500,84.903,4.9564,4.9564,0.000000,0
105.3000,67.061,5.7448,5.7448,0.000000,0
105.3500,79.002,5.7448,5.7448,0.000000,0
105.4000,71.504,6.6460,6.6460,0.000000,0
105.4500,63.389,6.6460,6.6460,0.000000,0
105.5000,66.869,6.0820,6.0820,0.000000,0
105.5500,79.092,6.0820,6.0820,0.000000,0
105.6000,71.139,5.8575,5.8575,0.000000,0
105.6500,83.865,5.8575,5.8575,0.000000,0
105.7000,65.478,6.5509,6.5509,0.000000,0
105.7500,74.479,6.5509,6.5509,0.000000,0
105.8000,91.080,4.9429,4.9429,0.000000,0
105.8500,73.112,4.9429,4.9429,0.000000,0
105.9000,75.161,8.5601,8.5601,0.000000,0
105.9500,66.501,8.5601,8.5601,0.000000,0
106.0000,76.740,6.0826,6.0826,0.000000,0
106.0500,81.731,6.0826,6.0826,0.000000,0
106.1000,83.703,4.6185,4.6185,0.000000,0
106.1500,72.129,4.6185,4.6185,0.000000,0
106.2000,77.507,6.4201,6.4201,0.000000,0
106.2500,70.333,6.4201,6.4201,0.000000,0
106.3000,93.065,5.4071,5.4071,0.000000,0
106.3500,70.364,5.4071,5.4071,0.000000,0
106.4000,73.466,7.2087,7.2087,0.000000,0
106.4500,79.112,7.2087,7.2087,0.000000,0
106.5000,71.822,5.1814,5.1814,0.000000,0
106.5500,84.095,5.1814,5.1814,0.000000,0
106.6000,75.497,6.3075,6.3075,0.000000,0
106.6500,74.379,6.3075,6.3075,0.000000,0
106.7000,69.152,8.3592,8.3592,0.000000,0
106.7500,77.835,8.3592,8.3592,0.000000,0
106.8000,80.807,4.6057,4.6057,0.000000,0
106.8500,82.823,4.6057,4.6057,0.000000,0
106.9000,65.474,7.2085,7.2085,0.000000,0
106.9500,67.789,7.2085,7.2085,0.000000,0
107.0000,69.629,7.9978,7.9978,0.000000,0
107.0500,75.792,7.9978,7.9978,0.000000,0
107.1000,63.135,7.3214,7.3214,0.000000,0
107.1500,87.260,7.3214,7.3214,0.000000,0
107.2000,69.274,7.5677,7.5677,0.000000,0
107.2500,61.974,7.5677,7.5677,0.000000,0
107.3000,73.651,4.6053,4.6053,0.000000,0
107.3500,77.381,4.6053,4.6053,0.000000,0
107.4000,83.026,6.6462,6.6462,0.000000,0
107.4500,69.770,6.6462,6.6462,0.000000,0
107.5000,67.273,6.0825,6.0825,0.000000,0
107.5500,70.778,6.0825,6.0825,0.000000,0
107.6000,93.247,9.2360,9.2360,0.000000,0
107.6500,85.181,9.2360,9.2360,0.000000,0
107.7000,83.080,7.8853,7.8853,0.000000,0
107.7500,68.810,7.8853,7.8853,0.000000,0
107.8000,81.170,6.9836,6.9836,0.000000,0
107.8500,83.789,6.9836,6.9836,0.000000,0
107.9000,64.967,7.4325,7.4325,0.000000,0
107.9500,67.231,7.4325,7.4325,0.000000,0
108.0000,69.322,6.3094,6.3094,0.000000,0
108.0500,67.873,6.3094,6.3094,0.000000,0
108.1000,84.722,11.4901,11.4901,0.000000,0
108.1500,87.198,11.4901,11.4901,0.000000,0
108.2000,79.705,6.9831,6.9831,0.000000,0
108.2500,81.762,6.9831,6.9831,0.000000,0
108.3000,84.561,7.1179,7.1179,0.000000,0
108.3500,97.344,7.1179,7.1179,0.000000,0
108.4000,63.643,7.0750,7.0750,0.000000,0
108.4500,70.248,7.0750,7.0750,0.000000,0
108.5000,93.511,7.4329,7.4329,0.000000,0
108.5500,65.294,7.4329,7.4329,0.000000,0
108.6000,77.271,7.4357,7.4357,0.000000,0
108.6500,76.175,7.4357,7.4357,0.000000,0
108.7000,67.276,5.8569,5.8569,0.000000,0
108.7500,95.585,5.8569,5.8569,0.000000,0
108.8000,88.418,8.5611,8.5611,0.000000,0
108.8500,86.461,8.5611,8.5611,0.000000,0
108.9000,86.460,7.9065,7.9065,0.000000,0
108.9500,88.382,7.9065,7.9065,0.000000,0
109.0000,64.692,7.2066,7.2066,0.000000,0
109.0500,73.194,7.2066,7.2066,0.000000,0
109.1000,70.165,8.7642,8.7642,0.000000,0
109.1500,72.937,8.7642,8.7642,0.000000,0
109.2000,75.390,9.4884,9.4884,0.000000,0
109.2500,87.856,9.4884,9.4884,0.000000,0
109.3000,85.003,7.8631,7.8631,0.000000,0
109.3500,71.222,7.8631,7.8631,0.000000,0
109.4000,95.028,7.3217,7.3217,0.000000,0
109.4500,76.377,7.3217,7.3217,0.000000,0
109.5000,63.521,10.0254,10.0254,0.000000,0
109.5500,70.493,10.0254,10.0254,0.000000,0
109.6000,79.795,11.9398,11.9398,0.000000,0
109.6500,65.181,11.9398,11.9398,0.000000,0
109.7000,87.351,7.6596,7.6596,0.000000,0
109.7500,90.181,7.6596,7.6596,0.000000,0
109.8000,71.819,8.3354,8.3354,0.000000,0
109.8500,74.577,8.3354,8.3354,0.000000,0
109.9000,80.859,8.8986,8.8986,0.000000,0
109.9500,69.158,8.8986,8.8986,0.000000,0
110.0000,80.760,9.3487,9.3487,0.000000,0
110.0500,83.956,9.3487,9.3487,0.000000,0
110.1000,65.216,9.2366,9.2366,0.000000,0
110.1500,67.716,9.2366,9.2366,0.000000,0
110.2000,65.513,8.7860,8.7860,0.000000,0
110.2500,79.872,8.7860,8.7860,0.000000,0
110.3000,63.136,10.5878,10.5878,0.000000,0
110.3500,87.280,10.5878,10.5878,0.000000,0
110.4000,89.678,10.1372,10.1372,0.000000,0
110.4500,60.139,10.1372,10.1372,0.000000,0
110.5000,94.082,8.7857,8.7857,0.000000,0
110.5500,65.169,8.7857,8.7857,0.000000,0
110.6000,72.945,9.5749,9.5749,0.000000,0
110.6500,63.553,9.5749,9.5749,0.000000,0
110.7000,67.774,9.7994,9.7994,0.000000,0
110.7500,80.080,9.7994,9.7994,0.000000,0
110.8000,71.659,9.0113,9.0113,0.000000,0
110.8500,84.669,9.0113,9.0113,0.000000,0
110.9000,76.856,9.6874,9.6874,0.000000,0
110.9500,79.376,9.6874,9.6874,0.000000,0
111.0000,70.693,10.6098,10.6098,0.000000,0
111.0500,68.704,10.6098,10.6098,0.000000,0
111.1000,59.674,9.7799,9.7799,0.000000,0
111.1500,72.735,9.7799,9.7799,0.000000,0
111.2000,65.529,10.5077,10.5077,0.000000,0
111.2500,67.816,10.5077,10.5077,0.000000,0
111.3000,80.341,10.5519,10.5519,0.000000,0
111.3500,67.836,10.5519,10.5519,0.000000,0
111.4000,74.686,11.9409,11.9409,0.000000,0
111.4500,81.166,11.9409,11.9409,0.000000,0
111.5000,89.647,9.1345,9.1345,0.000000,0
111.5500,60.331,9.1345,9.1345,0.000000,0
111.6000,72.887,10.0150,10.0150,0.000000,0
111.6500,73.083,10.0150,10.0150,0.000000,0
111.7000,67.906,8.1111,8.1111,0.000000,0
111.7500,66.238,8.1111,8.1111,0.000000,0
111.8000,93.134,9.0109,9.0109,0.000000,0
111.8500,60.452,9.0109,9.0109,0.000000,0
111.9000,77.873,7.2088,7.2088,0.000000,0
111.9500,90.353,7.2088,7.2088,0.000000,0
112.0000,88.959,7.2092,7.2092,0.000000,0
112.0500,73.618,7.2092,7.2092,0.000000,0
112.1000,91.639,6.9836,6.9836,0.000000,0
112.1500,73.695,6.9836,6.9836,0.000000,0
112.2000,97.699,7.4329,7.4329,0.000000,0
112.2500,78.527,7.4329,7.4329,0.000000,0
112.3000,80.460,11.5197,11.5197,0.000000,0
112.3500,83.915,11.5197,11.5197,0.000000,0
112.4000,85.146,7.8655,7.8655,0.000000,0
112.4500,72.580,7.8655,7.8655,0.000000,0
112.5000,64.982,8.5607,8.5607,0.000000,0
112.5500,82.419,8.5607,8.5607,0.000000,0
112.6000,74.138,9.0107,9.0107,0.000000,0
112.6500,86.592,9.0107,9.0107,0.000000,0
112.7000,79.114,8.5608,8.5608,0.000000,0
112.7500,72.313,8.5608,8.5608,0.000000,0
112.8000,69.460,8.1100,8.1100,0.000000,0
112.8500,97.221,8.1100,8.1100,0.000000,0
112.9000,67.211,9.2363,9.2363,0.000000,0
112.9500,76.406,9.2363,9.2363,0.000000,0
113.0000,67.395,9.2371,9.2371,0.000000,0
113.0500,95.115,9.2371,9.2371,0.000000,0
113.1000,99.365,10.1375,10.1375,0.000000,0
113.1500,67.491,10.1375,10.1375,0.000000,0
113.2000,98.285,8.5605,8.5605,0.000000,0
113.2500,64.780,8.5605,8.5605,0.000000,0
113.3000,66.033,13.3286,13.3286,0.000000,0
113.3500,77.912,13.3286,13.3286,0.000000,0
113.4000,70.533,7.3098,7.3098,0.000000,0
113.4500,73.328,7.3098,7.3098,0.000000,0
113.5000,86.146,12.2641,12.2641,0.000000,0
113.5500,79.959,12.2641,12.2641,0.000000,0
113.6000,69.095,8.3352,8.3352,0.000000,0
113.6500,81.907,8.3352,8.3352,0.000000,0
113.7000,69.291,12.3898,12.3898,0.000000,0
113.7500,72.005,12.3898,12.3898,0.000000,0
113.8000,84.793,10.1379,10.1379,0.000000,0
113.8500,86.633,10.1379,10.1379,0.000000,0
113.9000,68.930,9.0105,9.0105,0.000000,0
113.9500,70.449,9.0105,9.0105,0.000000,0
114.0000,73.700,10.8147,10.8147,0.000000,0
114.0500,75.560,10.8147,10.8147,0.000000,0
114.1000,76.102,12.3899,12.3899,0.000000,0
114.1500,63.824,12.3899,12.3899,0.000000,0
114.2000,92.503,9.9124,9.9124,0.000000,0
114.2500,73.832,9.9124,9.9124,0.000000,0
114.3000,65.840,11.7142,11.7142,0.000000,0
114.3500,63.924,11.7142,11.7142,0.000000,0
114.4000,87.760,9.7134,9.7134,0.000000,0
114.4500,89.686,9.7134,9.7134,0.000000,0
114.5000,81.128,6.2910,6.2910,0.000000,0
114.5500,71.880,6.2910,6.2910,0.000000,0
114.6000,80.563,9.1236,9.1236,0.000000,0
114.6500,62.001,9.1236,9.1236,0.000000,0
114.7000,75.109,8.7855,8.7855,0.000000,0
114.7500,66.503,8.7855,8.7855,0.000000,0
114.8000,64.782,10.4752,10.4752,0.000000,0
114.8500,71.525,10.4752,10.4752,0.000000,0
114.9000,95.037,6.0829,6.0829,0.000000,0
114.9500,73.401,6.0829,6.0829,0.000000,0
115.0000,78.108,7.8847,7.8847,0.000000,0
115.0500,64.945,7.8847,7.8847,0.000000,0
115.1000,67.920,6.5329,6.5329,0.000000,0
115.1500,70.388,6.5329,6.5329,0.000000,0
115.2000,82.634,7.2095,7.2095,0.000000,0
115.2500,90.503,7.2095,7.2095,0.000000,0
115.3000,77.981,9.3491,9.3491,0.000000,0
115.3500,96.002,9.3491,9.3491,0.000000,0
115.4000,97.412,1.2389,1.2389,0.000000,0
115.4500,96.306,1.2389,1.2389,0.000000,0
115.5000,70.429,0.0000,0.0000,0.000000,0
115.5500,83.838,0.0000,0.0000,0.000000,0
115.6000,83.184,0.0000,0.0000,0.000000,0
115.6500,66.970,0.0000,0.0000,0.000000,0
115.7000,90.956,0.0000,0.0000,0.000000,0
115.7500,73.235,0.0000,0.0000,0.000000,0
115.8000,63.416,45.3057,45.3057,0.000000,0
115.8500,62.984,45.3057,45.3057,0.000000,0
115.9000,89.728,6.8710,6.8710,0.000000,0
115.9500,71.795,6.8710,6.8710,0.000000,0
116.0000,72.974,10.7001,10.7001,0.000000,0
116.0500,66.812,10.7001,10.7001,0.000000,0
116.1000,78.192,12.6164,12.6164,0.000000,0
116.1500,67.834,12.6164,12.6164,0.000000,0
116.2000,73.113,12.1651,12.1651,0.000000,0
116.2500,61.568,12.1651,12.1651,0.000000,0
116.3000,67.265,12.1649,12.1649,0.000000,0
116.3500,92.499,12.1649,12.1649,0.000000,0
116.4000,94.753,16.4461,16.4461,0.000000,0
116.4500,84.417,16.4461,16.4461,0.000000,0
116.5000,46.777,12.8401,12.8401,0.000000,0
116.5500,52.650,12.8401,12.8401,0.000000,0
116.6000,69.675,21.8535,21.8535,0.000000,0
116.6500,39.920,21.8535,21.8535,0.000000,0
116.7000,56.081,26.1317,26.1317,0.000000,0
116.7500,42.300,26.1317,26.1317,0.000000,0
116.8000,48.445,16.8963,16.8963,0.000000,0
116.8500,40.440,16.8963,16.8963,0.000000,0
116.9000,33.868,23.2038,23.2038,0.000000,0
116.9500,54.388,23.2038,23.2038,0.000000,0
117.0000,50.336,29.2870,29.2870,0.000000,0
117.0500,60.312,29.2870,29.2870,0.000000,0
117.1000,46.507,33.7917,33.7917,0.000000,0
117.1500,52.131,33.7917,33.7917,0.000000,0
117.2000,54.050,31.3940,31.3940,0.000000,0
117.2500,45.940,31.3940,31.3940,0.000000,0
117.3000,54.415,31.3399,31.3399,0.000000,0
117.3500,41.593,31.3399,31.3399,0.000000,0
117.4000,38.590,33.4394,33.4394,0.000000,0
117.4500,56.183,33.4394,33.4394,0.000000,0
117.5000,34.973,37.7186,37.7186,0.000000,0
117.5500,58.041,37.7186,37.7186,0.000000,0
117.6000,49.624,46.0613,46.0613,0.000000,0
117.6500,44.659,46.0613,46.0613,0.000000,0
117.7000,35.753,44.8348,44.8348,0.000000,0
117.7500,38.575,44.8348,44.8348,0.000000,0
117.8000,38.376,38.1792,38.1792,0.000000,0
117.8500,44.625,38.1792,38.1792,0.000000,0
117.9000,38.215,54.8529,54.8529,0.000000,0
117.9500,40.074,54.8529,54.8529,0.000000,0
118.0000,53.771,56.4620,56.4620,0.000000,0
118.0500,40.242,56.4620,56.4620,0.000000,0
118.1000,41.713,54.2670,54.2670,0.000000,0
118.1500,55.504,54.2670,54.2670,0.000000,0
118.2000,51.830,68.0284,68.0284,0.000000,0
118.2500,41.584,68.0284,68.0284,0.000000,0
118.3000,78.816,60.6027,60.6027,0.000000,0
118.3500,44.514,60.6027,60.6027,0.000000,0
118.4000,38.827,65.7143,65.7143,0.000000,0
118.4500,38.774,65.7143,65.7143,0.000000,0
118.5000,80.394,85.7441,85.7441,0.000000,0
118.5500,48.914,85.7441,85.7441,0.000000,0
118.6000,46.437,72.6499,72.6499,0.000000,0
118.6500,48.243,72.6499,72.6499,0.000000,0
118.7000,50.402,54.8294,54.8294,0.000000,0
118.7500,58.921,54.8294,54.8294,0.000000,0
118.8000,52.545,73.7344,73.7344,0.000000,0
118.8500,44.711,73.7344,73.7344,0.000000,0
118.9000,50.466,83.6422,83.6422,0.000000,0
118.9500,44.604,83.6422,83.6422,0.000000,0
119.0000,54.405,77.3380,77.3380,0.000000,0
119.0500,52.615,77.3380,77.3380,0.000000,0
119.1000,64.268,47.6739,47.6739,0.000000,0
119.1500,46.641,47.6739,47.6739,0.000000,0
119.2000,71.831,17.8953,17.8953,0.000000,0
119.2500,50.405,17.8953,17.8953,0.000000,0
119.3000,50.809,123.3120,123.3120,0.000000,0
