t_s,rtt_ms,capacity_mbps,cubic_goodput_mbps,loss_p,reconfig
0.0000,36.547,22.4382,22.4382,0.000000,0
0.0500,39.093,22.4382,22.4382,0.000000,0
0.1000,38.808,24.9213,24.9213,0.000000,0
0.1500,37.520,24.9213,24.9213,0.000000,0
0.2000,38.115,25.0750,25.0750,0.000000,0
0.2500,36.225,25.0750,25.0750,0.000000,0
0.3000,34.483,21.4183,21.4183,0.000000,0
0.3500,33.693,21.4183,21.4183,0.000000,0
0.4000,32.901,30.0520,30.0520,0.000000,0
0.4500,38.719,30.0520,30.0520,0.000000,0
0.5000,31.695,30.8886,30.8886,0.000000,0
0.5500,36.551,30.8886,30.8886,0.000000,0
0.6000,29.105,36.8057,36.8057,0.000000,0
0.6500,29.173,36.8057,36.8057,0.000000,0
0.7000,33.221,38.7743,38.7743,0.000000,0
0.7500,33.140,38.7743,38.7743,0.000000,0
0.8000,32.441,34.8065,34.8065,0.000000,0
0.8500,36.584,34.8065,34.8065,0.000000,0
0.9000,36.246,33.9665,33.9665,0.000000,0
0.9500,39.075,33.9665,33.9665,0.000000,0
1.0000,39.300,24.9602,24.9602,0.000000,0
1.0500,32.808,24.9602,24.9602,0.000000,0
1.1000,37.838,37.3980,37.3980,0.000000,0
1.1500,29.290,37.3980,37.3980,0.000000,0
1.2000,29.575,45.9695,45.9695,0.000000,0
1.2500,33.740,45.9695,45.9695,0.000000,0
1.3000,33.599,38.5206,38.5206,0.000000,0
1.3500,37.748,38.5206,38.5206,0.000000,0
1.4000,32.517,56.3318,56.3318,0.000000,0
1.4500,29.996,56.3318,56.3318,0.000000,0
1.5000,29.464,54.6244,54.6244,0.000000,0
1.5500,33.577,54.6244,54.6244,0.000000,0
1.6000,38.434,58.6003,58.6003,0.000000,0
1.6500,33.206,58.6003,58.6003,0.000000,0
1.7000,32.479,56.9896,56.9896,0.000000,0
1.7500,37.287,56.9896,56.9896,0.000000,0
1.8000,29.512,43.6729,43.6729,0.000000,0
1.8500,34.453,43.6729,43.6729,0.000000,0
1.9000,28.547,68.1358,68.1358,0.000000,0
1.9500,33.116,68.1358,68.1358,0.000000,0
2.0000,37.459,47.4112,47.4112,0.000000,0
2.0500,36.193,47.4112,47.4112,0.000000,0
2.1000,34.351,49.2276,49.2276,0.000000,0
2.1500,28.940,49.2276,49.2276,0.000000,0
2.2000,43.687,52.8039,52.8039,0.000000,0
2.2500,38.076,52.8039,52.8039,0.000000,0
2.3000,31.130,66.0335,66.0335,0.000000,0
2.3500,36.543,66.0335,66.0335,0.000000,0
2.4000,36.681,64.3136,64.3136,0.000000,0
2.4500,33.631,64.3136,64.3136,0.000000,0
2.5000,33.499,63.5534,63.5534,0.000000,0
2.5500,43.073,63.5534,63.5534,0.000000,0
2.6000,32.231,8.8064,8.8064,0.000000,0
2.6500,36.454,8.8064,8.8064,0.000000,0
2.7000,36.680,114.6753,114.6753,0.000000,0
2.7500,33.850,114.6753,114.6753,0.000000,0
2.8000,33.341,67.0965,67.0965,0.000000,0
2.8500,37.769,67.0965,67.0965,0.000000,0
2.9000,37.323,62.2532,62.2532,0.000000,0
2.9500,37.135,62.2532,62.2532,0.000000,0
3.0000,36.643,59.9720,59.9720,0.000000,0
3.0500,46.382,59.9720,59.9720,0.000000,0
3.1000,43.696,56.7300,56.7300,0.000000,0
3.1500,42.700,56.7300,56.7300,0.000000,0
3.2000,37.485,51.9734,51.9734,0.000000,0
3.2500,47.416,51.9734,51.9734,0.000000,0
3.3000,46.906,50.6763,50.6763,0.000000,0
3.3500,44.316,50.6763,50.6763,0.000000,0
3.4000,49.385,47.6443,47.6443,0.000000,0
3.4500,42.791,47.6443,47.6443,0.000000,0
3.5000,43.217,46.0698,46.0698,0.000000,0
3.5500,36.864,46.0698,46.0698,0.000000,0
3.6000,36.533,37.6240,37.6240,0.000000,0
3.6500,28.400,37.6240,37.6240,0.000000,0
3.7000,33.340,36.8428,36.8428,0.000000,0
3.7500,32.721,36.8428,36.8428,0.000000,0
3.8000,36.934,39.0845,39.0845,0.000000,0
3.8500,36.928,39.0845,39.0845,0.000000,0
3.9000,36.286,36.2601,36.2601,0.000000,0
3.9500,39.684,36.2601,36.2601,0.000000,0
4.0000,43.680,29.5102,29.5102,0.000000,0
4.0500,33.162,29.5102,29.5102,0.000000,0
4.1000,32.443,26.1737,26.1737,0.000000,0
4.1500,35.991,26.1737,26.1737,0.000000,0
4.2000,39.621,29.1538,29.1538,0.000000,0
4.2500,38.886,29.1538,29.1538,0.000000,0
4.3000,33.109,26.5668,26.5668,0.000000,0
4.3500,32.833,26.5668,26.5668,0.000000,0
4.4000,32.633,26.5868,26.5868,0.000000,0
4.4500,31.516,26.5868,26.5868,0.000000,0
4.5000,29.894,31.2032,31.2032,0.000000,0
4.5500,28.797,31.2032,31.2032,0.000000,0
4.6000,28.589,23.4763,23.4763,0.000000,0
4.6500,38.700,23.4763,23.4763,0.000000,0
4.7000,37.849,26.9210,26.9210,0.000000,0
4.7500,48.234,26.9210,26.9210,0.000000,0
4.8000,29.803,32.0854,32.0854,0.000000,0
4.8500,29.702,32.0854,32.0854,0.000000,0
4.9000,33.799,21.4497,21.4497,0.000000,0
4.9500,33.595,21.4497,21.4497,0.000000,0
5.0000,37.642,26.2433,26.2433,0.000000,0
5.0500,30.115,26.2433,26.2433,0.000000,0
5.1000,29.633,22.1428,22.1428,0.000000,0
5.1500,39.894,22.1428,22.1428,0.000000,0
5.2000,49.474,33.1327,33.1327,0.000000,0
5.2500,33.669,33.1327,33.1327,0.000000,0
5.3000,31.790,27.3335,27.3335,0.000000,0
5.3500,31.721,27.3335,27.3335,0.000000,0
5.4000,39.687,30.3591,30.3591,0.000000,0
5.4500,39.318,30.3591,30.3591,0.000000,0
5.5000,82.330,24.0821,24.0821,0.000000,0
5.5500,42.604,24.0821,24.0821,0.000000,0
5.6000,37.967,26.2451,26.2451,0.000000,0
5.6500,32.314,26.2451,26.2451,0.000000,0
5.7000,37.051,25.2009,25.2009,0.000000,0
5.7500,34.871,25.2009,25.2009,0.000000,0
5.8000,38.527,26.3852,26.3852,0.000000,0
5.8500,38.426,26.3852,26.3852,0.000000,0
5.9000,32.717,28.1580,28.1580,0.000000,0
5.9500,31.809,28.1580,28.1580,0.000000,0
6.0000,39.959,31.4031,31.4031,0.000000,0
6.0500,35.158,31.4031,31.4031,0.000000,0
6.1000,33.445,25.0483,25.0483,0.000000,0
6.1500,49.281,25.0483,25.0483,0.000000,0
6.2000,43.432,27.4853,27.4853,0.000000,0
6.2500,29.991,27.4853,27.4853,0.000000,0
6.3000,46.508,28.4638,28.4638,0.000000,0
6.3500,33.444,28.4638,28.4638,0.000000,0
6.4000,49.332,27.6340,27.6340,0.000000,0
6.4500,37.601,27.6340,27.6340,0.000000,0
6.5000,43.011,31.3993,31.3993,0.000000,0
6.5500,47.190,31.3993,31.3993,0.000000,0
6.6000,46.242,28.8358,28.8358,0.000000,0
6.6500,34.293,28.8358,28.8358,0.000000,0
6.7000,43.673,23.5905,23.5905,0.000000,0
6.7500,42.710,23.5905,23.5905,0.000000,0
6.8000,31.575,30.6362,30.6362,0.000000,0
6.8500,36.693,30.6362,30.6362,0.000000,0
6.9000,29.026,35.3638,35.3638,0.000000,0
6.9500,33.532,35.3638,35.3638,0.000000,0
7.0000,33.347,25.6763,25.6763,0.000000,0
7.0500,33.592,25.6763,25.6763,0.000000,0
7.1000,32.092,33.2493,33.2493,0.000000,0
7.1500,29.895,33.2493,33.2493,0.000000,0
7.2000,29.942,27.4451,27.4451,0.000000,0
7.2500,38.901,27.4451,27.4451,0.000000,0
7.3000,38.619,30.4000,30.4000,0.000000,0
7.3500,33.169,30.4000,30.4000,0.000000,0
7.4000,32.305,32.8167,32.8167,0.000000,0
7.4500,36.517,32.8167,32.8167,0.000000,0
7.5000,29.827,31.1800,31.1800,0.000000,0
7.5500,39.203,31.1800,31.1800,0.000000,0
7.6000,28.379,28.8220,28.8220,0.000000,0
7.6500,43.787,28.8220,28.8220,0.000000,0
7.7000,32.473,29.3260,29.3260,0.000000,0
7.7500,29.822,29.3260,29.3260,0.000000,0
7.8000,34.727,27.5368,27.5368,0.000000,0
7.8500,29.167,27.5368,27.5368,0.000000,0
7.9000,33.694,26.3086,26.3086,0.000000,0
7.9500,33.169,26.3086,26.3086,0.000000,0
8.0000,32.666,26.5820,26.5820,0.000000,0
8.0500,36.921,26.5820,26.5820,0.000000,0
8.1000,29.739,21.1916,21.1916,0.000000,0
8.1500,33.688,21.1916,21.1916,0.000000,0
8.2000,33.513,23.4134,23.4134,0.000000,0
8.2500,33.477,23.4134,23.4134,0.000000,0
8.3000,38.298,29.5111,29.5111,0.000000,0
8.3500,32.258,29.5111,29.5111,0.000000,0
8.4000,47.291,25.7557,25.7557,0.000000,0
8.4500,36.413,25.7557,25.7557,0.000000,0
8.5000,39.557,26.2845,26.2845,0.000000,0
8.5500,39.046,26.2845,26.2845,0.000000,0
8.6000,38.237,27.3338,27.3338,0.000000,0
8.6500,48.376,27.3338,27.3338,0.000000,0
8.7000,37.019,27.5723,27.5723,0.000000,0
8.7500,39.260,27.5723,27.5723,0.000000,0
8.8000,39.702,31.8192,31.8192,0.000000,0
8.8500,39.129,31.8192,31.8192,0.000000,0
8.9000,38.472,27.8210,27.8210,0.000000,0
8.9500,37.526,27.8210,27.8210,0.000000,0
9.0000,36.991,31.1934,31.1934,0.000000,0
9.0500,39.202,31.1934,31.1934,0.000000,0
9.1000,33.140,26.9165,26.9165,0.000000,0
9.1500,38.958,26.9165,26.9165,0.000000,0
9.2000,38.341,32.2119,32.2119,0.000000,0
9.2500,30.213,32.2119,32.2119,0.000000,0
9.3000,36.795,31.3478,31.3478,0.000000,0
9.3500,33.685,31.3478,31.3478,0.000000,0
9.4000,49.507,31.5427,31.5427,0.000000,0
9.4500,43.693,31.5427,31.5427,0.000000,0
9.5000,37.824,31.3893,31.3893,0.000000,0
9.5500,29.720,31.3893,31.3893,0.000000,0
9.6000,34.433,30.3600,30.3600,0.000000,0
9.6500,39.471,30.3600,30.3600,0.000000,0
9.7000,33.358,30.8151,30.8151,0.000000,0
9.7500,33.425,30.8151,30.8151,0.000000,0
9.8000,32.622,31.2262,31.2262,0.000000,0
9.8500,36.918,31.2262,31.2262,0.000000,0
9.9000,29.573,30.7213,30.7213,0.000000,0
9.9500,46.723,30.7213,30.7213,0.000000,0
10.0000,44.615,25.9500,25.9500,0.000000,0
10.0500,38.745,25.9500,25.9500,0.000000,0
10.1000,47.914,21.6264,21.6264,0.000000,0
10.1500,47.877,21.6264,21.6264,0.000000,0
10.2000,34.509,26.8395,26.8395,0.000000,0
10.2500,39.333,26.8395,26.8395,0.000000,0
10.3000,33.805,16.8018,16.8018,0.000000,0
10.3500,37.851,16.8018,16.8018,0.000000,0
10.4000,37.730,22.3662,22.3662,0.000000,0
10.4500,36.560,22.3662,22.3662,0.000000,0
10.5000,29.867,27.6840,27.6840,0.000000,0
10.5500,34.887,27.6840,27.6840,0.000000,0
10.6000,34.487,19.8735,19.8735,0.000000,0
10.6500,33.477,19.8735,19.8735,0.000000,0
10.7000,32.065,27.5979,27.5979,0.000000,0
10.7500,30.322,27.5979,27.5979,0.000000,0
10.8000,40.425,29.4745,29.4745,0.000000,0
10.8500,39.473,29.4745,29.4745,0.000000,0
10.9000,33.304,26.6265,26.6265,0.000000,0
10.9500,33.742,26.6265,26.6265,0.000000,0
11.0000,43.598,28.7229,28.7229,0.000000,0
11.0500,32.415,28.7229,28.7229,0.000000,0
11.1000,36.612,27.5624,27.5624,0.000000,0
11.1500,33.605,27.5624,27.5624,0.000000,0
11.2000,34.003,23.2038,23.2038,0.000000,0
11.2500,33.304,23.2038,23.2038,0.000000,0
11.3000,38.110,14.6214,14.6214,0.000000,0
11.3500,29.634,14.6214,14.6214,0.000000,0
11.4000,29.208,15.0739,15.0739,0.000000,0
11.4500,29.159,15.0739,15.0739,0.000000,0
11.5000,33.271,20.1626,20.1626,0.000000,0
11.5500,33.426,20.1626,20.1626,0.000000,0
11.6000,32.543,26.3591,26.3591,0.000000,0
11.6500,32.697,26.3591,26.3591,0.000000,0
11.7000,47.485,24.6227,24.6227,0.000000,0
11.7500,33.891,24.6227,24.6227,0.000000,0
11.8000,91.736,15.5005,15.5005,0.000000,0
11.8500,72.207,15.5005,15.5005,0.000000,0
11.9000,28.692,31.0700,31.0700,0.000000,0
11.9500,40.978,31.0700,31.0700,0.000000,0
12.0000,35.419,28.9656,28.9656,0.000000,0
12.0500,50.330,28.9656,28.9656,0.000000,0
12.1000,32.044,25.9033,25.9033,0.000000,0
12.1500,31.678,25.9033,25.9033,0.000000,0
12.2000,35.957,22.9832,22.9832,0.000000,0
12.2500,50.872,22.9832,22.9832,0.000000,0
12.3000,40.396,26.5274,26.5274,0.000000,0
12.3500,32.969,26.5274,26.5274,0.000000,0
12.4000,31.223,27.6508,27.6508,0.000000,0
12.4500,30.578,27.6508,27.6508,0.000000,0
12.5000,35.343,27.7976,27.7976,0.000000,0
12.5500,30.514,27.7976,27.7976,0.000000,0
12.6000,40.459,31.3266,31.3266,0.000000,0
12.6500,42.668,31.3266,31.3266,0.000000,0
12.7000,42.262,26.6981,26.6981,0.000000,0
12.7500,41.642,26.6981,26.6981,0.000000,0
12.8000,40.472,18.0824,18.0824,0.000000,0
12.8500,28.468,18.0824,18.0824,0.000000,0
12.9000,38.140,19.4201,19.4201,0.000000,0
12.9500,32.995,19.4201,19.4201,0.000000,0
13.0000,31.290,22.6402,22.6402,0.000000,0
13.0500,31.221,22.6402,22.6402,0.000000,0
13.1000,41.223,20.3876,20.3876,0.000000,0
13.1500,28.306,20.3876,20.3876,0.000000,0
13.2000,44.735,21.7393,21.7393,0.000000,0
13.2500,71.830,21.7393,21.7393,0.000000,0
13.3000,47.466,20.1922,20.1922,0.000000,0
13.3500,30.751,20.1922,20.1922,0.000000,0
13.4000,29.559,21.0338,21.0338,0.000000,0
13.4500,40.449,21.0338,21.0338,0.000000,0
13.5000,35.322,28.0134,28.0134,0.000000,0
13.5500,37.121,28.0134,28.0134,0.000000,0
13.6000,31.542,24.3744,24.3744,0.000000,0
13.6500,37.055,24.3744,24.3744,0.000000,0
13.7000,52.568,21.3400,21.3400,0.000000,0
13.7500,30.216,21.3400,21.3400,0.000000,0
13.8000,28.519,21.2388,21.2388,0.000000,0
13.8500,32.368,21.2388,21.2388,0.000000,0
13.9000,37.100,25.6398,25.6398,0.000000,0
13.9500,37.149,25.6398,25.6398,0.000000,0
14.0000,31.105,22.1905,22.1905,0.000000,0
14.0500,33.026,22.1905,22.1905,0.000000,0
14.1000,33.214,25.3851,25.3851,0.000000,0
14.1500,37.184,25.3851,25.3851,0.000000,0
14.2000,37.612,24.3310,24.3310,0.000000,0
14.2500,52.467,24.3310,24.3310,0.000000,0
14.3000,41.415,21.1222,21.1222,0.000000,0
14.3500,27.610,21.1222,21.1222,0.000000,0
14.4000,32.742,29.6240,29.6240,0.000000,0
14.4500,33.203,29.6240,29.6240,0.000000,0
14.5000,42.964,24.6008,24.6008,0.000000,0
14.5500,31.296,24.6008,24.6008,0.000000,0
14.6000,41.730,27.1092,27.1092,0.000000,0
14.6500,40.769,27.1092,27.1092,0.000000,0
14.7000,44.556,27.4337,27.4337,0.000000,0
14.7500,38.648,27.4337,27.4337,0.000000,0
14.8000,42.724,15.6409,15.6409,0.000000,0
14.8500,35.961,15.6409,15.6409,0.000000,0
14.9000,30.637,19.8634,19.8634,0.000000,0
14.9500,30.362,19.8634,19.8634,0.000000,0
15.0000,40.412,21.3612,21.3612,0.000000,0
15.0500,38.007,21.3612,21.3612,0.000000,0
15.1000,31.528,22.9802,22.9802,0.000000,0
15.1500,30.849,22.9802,22.9802,0.000000,0
15.2000,40.979,19.1954,19.1954,0.000000,0
15.2500,56.061,19.1954,19.1954,0.000000,0
15.3000,45.201,23.6426,23.6426,0.000000,0
15.3500,33.333,23.6426,23.6426,0.000000,0
15.4000,43.028,22.8216,22.8216,0.000000,0
15.4500,30.826,22.8216,22.8216,0.000000,0
15.5000,35.914,26.4355,26.4355,0.000000,0
15.5500,30.335,26.4355,26.4355,0.000000,0
15.6000,38.663,16.9578,16.9578,0.000000,0
15.6500,37.225,16.9578,16.9578,0.000000,0
15.7000,41.369,24.2166,24.2166,0.000000,0
15.7500,31.378,24.2166,24.2166,0.000000,0
15.8000,30.541,21.0652,21.0652,0.000000,0
15.8500,28.503,21.0652,21.0652,0.000000,0
15.9000,28.341,22.9783,22.9783,0.000000,0
15.9500,36.796,22.9783,22.9783,0.000000,0
16.0000,32.180,22.3025,22.3025,0.000000,0
16.0500,41.034,22.3025,22.3025,0.000000,0
16.1000,29.804,25.6812,25.6812,0.000000,0
16.1500,28.240,25.6812,25.6812,0.000000,0
16.2000,35.012,20.9510,20.9510,0.000000,0
16.2500,42.553,20.9510,20.9510,0.000000,0
16.3000,31.840,22.0183,22.0183,0.000000,0
16.3500,35.367,22.0183,22.0183,0.000000,0
16.4000,29.407,24.3844,24.3844,0.000000,0
16.4500,35.109,24.3844,24.3844,0.000000,0
16.5000,27.877,22.1894,22.1894,0.000000,0
16.5500,32.607,22.1894,22.1894,0.000000,0
16.6000,31.592,28.6120,28.6120,0.000000,0
16.6500,35.845,28.6120,28.6120,0.000000,0
16.7000,30.238,22.6008,22.6008,0.000000,0
16.7500,40.948,22.6008,22.6008,0.000000,0
16.8000,32.692,21.4339,21.4339,0.000000,0
16.8500,31.763,21.4339,21.4339,0.000000,0
16.9000,30.991,23.6662,23.6662,0.000000,0
16.9500,41.067,23.6662,23.6662,0.000000,0
17.0000,35.258,27.7761,27.7761,0.000000,0
17.0500,30.212,27.7761,27.7761,0.000000,0
17.1000,32.714,18.2045,18.2045,0.000000,0
17.1500,33.052,18.2045,18.2045,0.000000,0
17.2000,42.376,22.6404,22.6404,0.000000,0
17.2500,42.447,22.6404,22.6404,0.000000,0
17.3000,36.433,26.0916,26.0916,0.000000,0
17.3500,28.134,26.0916,26.0916,0.000000,0
17.4000,32.206,20.6030,20.6030,0.000000,0
17.4500,37.444,20.6030,20.6030,0.000000,0
17.5000,37.602,27.9838,27.9838,0.000000,0
17.5500,31.087,27.9838,27.9838,0.000000,0
17.6000,30.535,20.5387,20.5387,0.000000,0
17.6500,40.654,20.5387,20.5387,0.000000,0
17.7000,35.086,14.3903,14.3903,0.000000,0
17.7500,32.745,14.3903,14.3903,0.000000,0
17.8000,31.177,18.4737,18.4737,0.000000,0
17.8500,30.515,18.4737,18.4737,0.000000,0
17.9000,30.647,18.3015,18.3015,0.000000,0
17.9500,28.319,18.3015,18.3015,0.000000,0
18.0000,34.986,23.5855,23.5855,0.000000,0
18.0500,32.945,23.5855,23.5855,0.000000,0
18.1000,36.719,24.3300,24.3300,0.000000,0
18.1500,36.157,24.3300,24.3300,0.000000,0
18.2000,36.433,23.3789,23.3789,0.000000,0
18.2500,51.175,23.3789,23.3789,0.000000,0
18.3000,45.024,25.7737,25.7737,0.000000,0
18.3500,38.206,25.7737,25.7737,0.000000,0
18.4000,31.569,23.3854,23.3854,0.000000,0
18.4500,36.272,23.3854,23.3854,0.000000,0
18.5000,30.770,25.3027,25.3027,0.000000,0
18.5500,34.690,25.3027,25.3027,0.000000,0
18.6000,28.520,22.9772,22.9772,0.000000,0
18.6500,27.508,22.9772,22.9772,0.000000,0
18.7000,36.992,18.5352,18.5352,0.000000,0
18.7500,30.641,18.5352,18.5352,0.000000,0
18.8000,40.368,21.6898,21.6898,0.000000,0
18.8500,28.300,21.6898,21.6898,0.000000,0
18.9000,28.777,22.7991,22.7991,0.000000,0
18.9500,32.073,22.7991,22.7991,0.000000,0
19.0000,31.427,25.2309,25.2309,0.000000,0
19.0500,41.366,25.2309,25.2309,0.000000,0
19.1000,30.282,18.1953,18.1953,0.000000,0
19.1500,35.196,18.1953,18.1953,0.000000,0
19.2000,45.064,23.3044,23.3044,0.000000,0
19.2500,45.147,23.3044,23.3044,0.000000,0
19.3000,42.350,25.4289,25.4289,0.000000,0
19.3500,37.376,25.4289,25.4289,0.000000,0
19.4000,31.004,20.6377,20.6377,0.000000,0
19.4500,30.409,20.6377,20.6377,0.000000,0
19.5000,28.708,25.7279,25.7279,0.000000,0
19.5500,42.988,25.7279,25.7279,0.000000,0
19.6000,31.724,21.6213,21.6213,0.000000,0
19.6500,47.719,21.6213,21.6213,0.000000,0
19.7000,30.517,24.2856,24.2856,0.000000,0
19.7500,30.357,24.2856,24.2856,0.000000,0
19.8000,40.587,24.1497,24.1497,0.000000,0
19.8500,47.902,24.1497,24.1497,0.000000,0
19.9000,32.536,21.7395,21.7395,0.000000,0
19.9500,36.549,21.7395,21.7395,0.000000,0
20.0000,29.851,26.2011,26.2011,0.000000,0
20.0500,30.192,26.2011,26.2011,0.000000,0
20.1000,45.360,21.5183,21.5183,0.000000,0
20.1500,37.128,21.5183,21.5183,0.000000,0
20.2000,42.099,20.6457,20.6457,0.000000,0
20.2500,36.495,20.6457,20.6457,0.000000,0
20.3000,40.294,22.6080,22.6080,0.000000,0
20.3500,34.466,22.6080,22.6080,0.000000,0
20.4000,36.899,28.5398,28.5398,0.000000,0
20.4500,42.859,28.5398,28.5398,0.000000,0
20.5000,30.776,26.9199,26.9199,0.000000,0
20.5500,30.321,26.9199,26.9199,0.000000,0
20.6000,30.166,32.0815,32.0815,0.000000,0
20.6500,40.646,32.0815,32.0815,0.000000,0
20.7000,44.791,25.3430,25.3430,0.000000,0
20.7500,37.635,25.3430,25.3430,0.000000,0
20.8000,37.639,21.0051,21.0051,0.000000,0
20.8500,35.933,21.0051,21.0051,0.000000,0
20.9000,36.347,26.6834,26.6834,0.000000,0
20.9500,35.050,26.6834,26.6834,0.000000,0
21.0000,35.001,26.9358,26.9358,0.000000,0
21.0500,32.827,26.9358,26.9358,0.000000,0
21.1000,31.345,26.0903,26.0903,0.000000,0
21.1500,30.381,26.0903,26.0903,0.000000,0
21.2000,30.649,28.1428,28.1428,0.000000,0
21.2500,34.805,28.1428,28.1428,0.000000,0
21.3000,37.864,27.0317,27.0317,0.000000,0
21.3500,32.614,27.0317,27.0317,0.000000,0
21.4000,31.961,22.2578,22.2578,0.000000,0
21.4500,42.632,22.2578,22.2578,0.000000,0
21.5000,35.745,29.9286,29.9286,0.000000,0
21.5500,34.773,29.9286,29.9286,0.000000,0
21.6000,32.770,27.5145,27.5145,0.000000,0
21.6500,33.129,27.5145,27.5145,0.000000,0
21.7000,36.759,22.5327,22.5327,0.000000,0
21.7500,42.295,22.5327,22.5327,0.000000,0
21.8000,29.555,30.0479,30.0479,0.000000,0
21.8500,34.766,30.0479,30.0479,0.000000,0
21.9000,35.210,27.1365,27.1365,0.000000,0
21.9500,32.740,27.1365,27.1365,0.000000,0
22.0000,37.713,29.7764,29.7764,0.000000,0
22.0500,31.723,29.7764,29.7764,0.000000,0
22.1000,30.459,29.0602,29.0602,0.000000,0
22.1500,35.069,29.0602,29.0602,0.000000,0
22.2000,35.188,32.2225,32.2225,0.000000,0
22.2500,42.943,32.2225,32.2225,0.000000,0
22.3000,32.560,27.6203,27.6203,0.000000,0
22.3500,31.159,27.6203,27.6203,0.000000,0
22.4000,30.389,29.3460,29.3460,0.000000,0
22.4500,41.015,29.3460,29.3460,0.000000,0
22.5000,28.352,33.3494,33.3494,0.000000,0
22.5500,37.303,33.3494,33.3494,0.000000,0
22.6000,43.285,29.8226,29.8226,0.000000,0
22.6500,36.856,29.8226,29.8226,0.000000,0
22.7000,30.262,32.7710,32.7710,0.000000,0
22.7500,30.407,32.7710,32.7710,0.000000,0
22.8000,38.000,20.2236,20.2236,0.000000,0
22.8500,33.058,20.2236,20.2236,0.000000,0
22.9000,31.502,26.6927,26.6927,0.000000,0
22.9500,41.700,26.6927,26.6927,0.000000,0
23.0000,36.194,31.6297,31.6297,0.000000,0
23.0500,30.149,31.6297,31.6297,0.000000,0
23.1000,38.130,30.1014,30.1014,0.000000,0
23.1500,33.099,30.1014,30.1014,0.000000,0
23.2000,54.940,19.7134,19.7134,0.000000,0
23.2500,42.034,19.7134,19.7134,0.000000,0
23.3000,31.175,23.1440,23.1440,0.000000,0
23.3500,29.981,23.1440,23.1440,0.000000,0
23.4000,35.097,26.8233,26.8233,0.000000,0
23.4500,45.002,26.8233,26.8233,0.000000,0
23.5000,31.272,24.6682,24.6682,0.000000,0
23.5500,31.859,24.6682,24.6682,0.000000,0
23.6000,41.289,21.9637,21.9637,0.000000,0
23.6500,34.999,21.9637,21.9637,0.000000,0
23.7000,34.788,27.9275,27.9275,0.000000,0
23.7500,55.033,27.9275,27.9275,0.000000,0
23.8000,31.588,18.7638,18.7638,0.000000,0
23.8500,36.257,18.7638,18.7638,0.000000,0
23.9000,35.768,27.6748,27.6748,0.000000,0
23.9500,35.186,27.6748,27.6748,0.000000,0
24.0000,28.212,25.0061,25.0061,0.000000,0
24.0500,32.386,25.0061,25.0061,0.000000,0
24.1000,31.659,21.3395,21.3395,0.000000,0
24.1500,35.714,21.3395,21.3395,0.000000,0
24.2000,36.410,28.1191,28.1191,0.000000,0
24.2500,50.701,28.1191,28.1191,0.000000,0
24.3000,35.094,23.8873,23.8873,0.000000,0
24.3500,33.029,23.8873,23.8873,0.000000,0
24.4000,32.286,26.0626,26.0626,0.000000,0
24.4500,31.748,26.0626,26.0626,0.000000,0
24.5000,31.140,23.3144,23.3144,0.000000,0
24.5500,35.286,23.3144,23.3144,0.000000,0
24.6000,40.688,19.8246,19.8246,0.000000,0
24.6500,32.795,19.8246,19.8246,0.000000,0
24.7000,54.995,17.9099,17.9099,0.000000,0
24.7500,31.593,17.9099,17.9099,0.000000,0
24.8000,30.310,20.6704,20.6704,0.000000,0
24.8500,30.277,20.6704,20.6704,0.000000,0
24.9000,34.636,17.3460,17.3460,0.000000,0
24.9500,42.629,17.3460,17.3460,0.000000,0
25.0000,42.519,19.8242,19.8242,0.000000,0
25.0500,42.411,19.8242,19.8242,0.000000,0
25.1000,41.592,21.3429,21.3429,0.000000,0
25.1500,28.111,21.3429,21.3429,0.000000,0
25.2000,40.264,19.8254,19.8254,0.000000,0
25.2500,45.123,19.8254,19.8254,0.000000,0
25.3000,42.063,24.3810,24.3810,0.000000,0
25.3500,31.757,24.3810,24.3810,0.000000,0
25.4000,30.834,23.1554,23.1554,0.000000,0
25.4500,40.170,23.1554,23.1554,0.000000,0
25.5000,28.561,25.6840,25.6840,0.000000,0
25.5500,33.177,25.6840,25.6840,0.000000,0
25.6000,36.863,19.2599,19.2599,0.000000,0
25.6500,30.658,19.2599,19.2599,0.000000,0
25.7000,40.661,25.4144,25.4144,0.000000,0
25.7500,40.043,25.4144,25.4144,0.000000,0
25.8000,28.065,21.3423,21.3423,0.000000,0
25.8500,31.798,21.3423,21.3423,0.000000,0
25.9000,31.419,23.2036,23.2036,0.000000,0
25.9500,31.682,23.2036,23.2036,0.000000,0
26.0000,36.060,20.9504,20.9504,0.000000,0
26.0500,34.173,20.9504,20.9504,0.000000,0
26.1000,35.106,24.4439,24.4439,0.000000,0
26.1500,37.407,24.4439,24.4439,0.000000,0
26.2000,37.229,25.5174,25.5174,0.000000,0
26.2500,31.417,25.5174,25.5174,0.000000,0
26.3000,34.833,12.9513,12.9513,0.000000,0
26.3500,30.124,12.9513,12.9513,0.000000,0
26.4000,33.091,10.3401,10.3401,0.000000,0
26.4500,33.021,10.3401,10.3401,0.000000,0
26.5000,31.630,14.4179,14.4179,0.000000,0
26.5500,31.594,14.4179,14.4179,0.000000,0
26.6000,29.853,15.7701,15.7701,0.000000,0
26.6500,34.596,15.7701,15.7701,0.000000,0
26.7000,50.717,17.3949,17.3949,0.000000,0
26.7500,37.408,17.3949,17.3949,0.000000,0
26.8000,116.588,18.6719,18.6719,0.000000,0
26.8500,91.738,18.6719,18.6719,0.000000,0
26.9000,60.413,16.1975,16.1975,0.000000,0
26.9500,59.574,16.1975,16.1975,0.000000,0
27.0000,59.888,20.7260,20.7260,0.000000,0
27.0500,57.457,20.7260,20.7260,0.000000,0
27.1000,63.177,18.0468,18.0468,0.000000,0
27.1500,66.726,18.0468,18.0468,0.000000,0
27.2000,49.966,14.1736,14.1736,0.000000,0
27.2500,54.407,14.1736,14.1736,0.000000,0
27.3000,64.487,20.4295,20.4295,0.000000,0
27.3500,63.346,20.4295,20.4295,0.000000,0
27.4000,62.776,19.0337,19.0337,0.000000,0
27.4500,55.714,19.0337,19.0337,0.000000,0
27.5000,54.219,17.9884,17.9884,0.000000,0
27.5500,54.583,17.9884,17.9884,0.000000,0
27.6000,70.659,16.6699,16.6699,0.000000,0
27.6500,50.476,16.6699,16.6699,0.000000,0
27.7000,63.803,17.1216,17.1216,0.000000,0
27.7500,51.279,17.1216,17.1216,0.000000,0
27.8000,65.582,15.5445,15.5445,0.000000,0
27.8500,55.431,15.5445,15.5445,0.000000,0
27.9000,54.178,18.9226,18.9226,0.000000,0
27.9500,59.419,18.9226,18.9226,0.000000,0
28.0000,69.353,20.0503,20.0503,0.000000,0
28.0500,55.567,20.0503,20.0503,0.000000,0
28.1000,59.216,14.8686,14.8686,0.000000,0
28.1500,54.403,14.8686,14.8686,0.000000,0
28.2000,59.696,20.2762,20.2762,0.000000,0
28.2500,68.560,20.2762,20.2762,0.000000,0
28.3000,55.608,20.4999,20.4999,0.000000,0
28.3500,51.005,20.4999,20.4999,0.000000,0
28.4000,54.305,15.9942,15.9942,0.000000,0
28.4500,60.347,15.9942,15.9942,0.000000,0
28.5000,54.444,20.7256,20.7256,0.000000,0
28.5500,63.209,20.7256,20.7256,0.000000,0
28.6000,50.202,20.7268,20.7268,0.000000,0
28.6500,66.259,20.7268,20.7268,0.000000,0
28.7000,55.324,16.4446,16.4446,0.000000,0
28.7500,54.773,16.4446,16.4446,0.000000,0
28.8000,70.654,20.0523,20.0523,0.000000,0
28.8500,56.151,20.0523,20.0523,0.000000,0
28.9000,57.191,20.7815,20.7815,0.000000,0
28.9500,54.963,20.7815,20.7815,0.000000,0
29.0000,60.157,17.9723,17.9723,0.000000,0
29.0500,54.547,17.9723,17.9723,0.000000,0
29.1000,53.842,21.2360,21.2360,0.000000,0
29.1500,64.185,21.2360,21.2360,0.000000,0
29.2000,64.028,16.6709,16.6709,0.000000,0
29.2500,55.746,16.6709,16.6709,0.000000,0
29.3000,55.107,21.1679,21.1679,0.000000,0
29.3500,54.987,21.1679,21.1679,0.000000,0
29.4000,59.196,18.7044,18.7044,0.000000,0
29.4500,53.948,18.7044,18.7044,0.000000,0
29.5000,49.870,20.6148,20.6148,0.000000,0
29.5500,55.616,20.6148,20.6148,0.000000,0
29.6000,55.024,21.0057,21.0057,0.000000,0
29.6500,55.452,21.0057,21.0057,0.000000,0
29.7000,53.437,18.2449,18.2449,0.000000,0
29.7500,53.166,18.2449,18.2449,0.000000,0
29.8000,56.894,24.1066,24.1066,0.000000,0
29.8500,65.615,24.1066,24.1066,0.000000,0
29.9000,65.423,19.3729,19.3729,0.000000,0
29.9500,54.721,19.3729,19.3729,0.000000,0
30.0000,58.417,18.9258,18.9258,0.000000,0
30.0500,63.622,18.9258,18.9258,0.000000,0
30.1000,51.070,25.0041,25.0041,0.000000,0
30.1500,50.675,25.0041,25.0041,0.000000,0
30.2000,54.280,18.7001,18.7001,0.000000,0
30.2500,54.616,18.7001,18.7001,0.000000,0
30.3000,64.417,20.3173,20.3173,0.000000,0
30.3500,59.354,20.3173,20.3173,0.000000,0
30.4000,50.497,23.6034,23.6034,0.000000,0
30.4500,55.883,23.6034,23.6034,0.000000,0
30.5000,55.923,19.1467,19.1467,0.000000,0
30.5500,59.416,19.1467,19.1467,0.000000,0
30.6000,53.722,21.5179,21.5179,0.000000,0
30.6500,54.147,21.5179,21.5179,0.000000,0
30.7000,68.334,21.0612,21.0612,0.000000,0
30.7500,54.812,21.0612,21.0612,0.000000,0
30.8000,55.090,19.6015,19.6015,0.000000,0
30.8500,53.586,19.6015,19.6015,0.000000,0
30.9000,59.173,21.3977,21.3977,0.000000,0
30.9500,63.503,21.3977,21.3977,0.000000,0
31.0000,63.221,18.9269,18.9269,0.000000,0
31.0500,71.263,18.9269,18.9269,0.000000,0
31.1000,54.118,20.2756,20.2756,0.000000,0
31.1500,53.687,20.2756,20.2756,0.000000,0
31.2000,75.619,22.9772,22.9772,0.000000,0
31.2500,59.155,22.9772,22.9772,0.000000,0
31.3000,63.355,22.5736,22.5736,0.000000,0
31.3500,50.091,22.5736,22.5736,0.000000,0
31.4000,50.632,24.1702,24.1702,0.000000,0
31.4500,54.272,24.1702,24.1702,0.000000,0
31.5000,54.488,22.4111,22.4111,0.000000,0
31.5500,64.583,22.4111,22.4111,0.000000,0
31.6000,63.950,23.2720,23.2720,0.000000,0
31.6500,55.578,23.2720,23.2720,0.000000,0
31.7000,64.918,21.3425,21.3425,0.000000,0
31.7500,54.794,21.3425,21.3425,0.000000,0
31.8000,53.748,16.3330,16.3330,0.000000,0
31.8500,62.825,16.3330,16.3330,0.000000,0
31.9000,56.275,26.0191,26.0191,0.000000,0
31.9500,50.427,26.0191,26.0191,0.000000,0
32.0000,55.450,19.3750,19.3750,0.000000,0
32.0500,59.296,19.3750,19.3750,0.000000,0
32.1000,54.882,20.2750,20.2750,0.000000,0
32.1500,57.371,20.2750,20.2750,0.000000,0
32.2000,57.389,24.3295,24.3295,0.000000,0
32.2500,56.606,24.3295,24.3295,0.000000,0
32.3000,55.447,25.5222,25.5222,0.000000,0
32.3500,60.578,25.5222,25.5222,0.000000,0
32.4000,58.504,23.5947,23.5947,0.000000,0
32.4500,57.008,23.5947,23.5947,0.000000,0
32.5000,73.607,25.0043,25.0043,0.000000,0
32.5500,55.588,25.0043,25.0043,0.000000,0
32.6000,56.203,25.4587,25.4587,0.000000,0
32.6500,54.678,25.4587,25.4587,0.000000,0
32.7000,53.846,24.3295,24.3295,0.000000,0
32.7500,57.121,24.3295,24.3295,0.000000,0
32.8000,57.327,20.2754,20.2754,0.000000,0
32.8500,56.594,20.2754,20.2754,0.000000,0
32.9000,55.317,22.3012,22.3012,0.000000,0
32.9500,59.552,22.3012,22.3012,0.000000,0
33.0000,53.524,25.2329,25.2329,0.000000,0
33.0500,53.448,25.2329,25.2329,0.000000,0
33.1000,63.926,26.3593,26.3593,0.000000,0
33.1500,55.732,26.3593,26.3593,0.000000,0
33.2000,59.620,21.4453,21.4453,0.000000,0
33.2500,55.084,21.4453,21.4453,0.000000,0
33.3000,59.625,24.7910,24.7910,0.000000,0
33.3500,63.428,24.7910,24.7910,0.000000,0
33.4000,50.990,25.6896,25.6896,0.000000,0
33.4500,60.174,25.6896,25.6896,0.000000,0
33.5000,59.405,25.2722,25.2722,0.000000,0
33.5500,60.425,25.2722,25.2722,0.000000,0
33.6000,53.286,27.9353,27.9353,0.000000,0
33.6500,53.977,27.9353,27.9353,0.000000,0
33.7000,56.462,24.5560,24.5560,0.000000,0
33.7500,55.418,24.5560,24.5560,0.000000,0
33.8000,60.470,29.1726,29.1726,0.000000,0
33.8500,54.829,29.1726,29.1726,0.000000,0
33.9000,59.217,32.3290,32.3290,0.000000,0
33.9500,59.246,32.3290,32.3290,0.000000,0
34.0000,63.302,26.8056,26.8056,0.000000,0
34.0500,66.920,26.8056,26.8056,0.000000,0
34.1000,65.042,30.3023,30.3023,0.000000,0
34.1500,59.209,30.3023,30.3023,0.000000,0
34.2000,54.023,34.2439,34.2439,0.000000,0
34.2500,54.094,34.2439,34.2439,0.000000,0
34.3000,50.582,32.7442,32.7442,0.000000,0
34.3500,55.863,32.7442,32.7442,0.000000,0
34.4000,55.278,29.1036,29.1036,0.000000,0
34.4500,54.530,29.1036,29.1036,0.000000,0
34.5000,54.441,27.1460,27.1460,0.000000,0
34.5500,57.524,27.1460,27.1460,0.000000,0
34.6000,73.920,33.7913,33.7913,0.000000,0
34.6500,54.655,33.7913,33.7913,0.000000,0
34.7000,54.693,36.2712,36.2712,0.000000,0
34.7500,59.776,36.2712,36.2712,0.000000,0
34.8000,54.422,40.9989,40.9989,0.000000,0
34.8500,53.503,40.9989,40.9989,0.000000,0
34.9000,56.250,34.6796,34.6796,0.000000,0
34.9500,61.539,34.6796,34.6796,0.000000,0
35.0000,56.125,34.9348,34.9348,0.000000,0
35.0500,64.525,34.9348,34.9348,0.000000,0
35.1000,53.533,34.6907,34.6907,0.000000,0
35.1500,55.531,34.6907,34.6907,0.000000,0
35.2000,51.132,40.5524,40.5524,0.000000,0
35.2500,50.669,40.5524,40.5524,0.000000,0
35.3000,59.630,38.0140,38.0140,0.000000,0
35.3500,59.920,38.0140,38.0140,0.000000,0
35.4000,53.297,44.5521,44.5521,0.000000,0
35.4500,69.125,44.5521,44.5521,0.000000,0
35.5000,56.247,45.0452,45.0452,0.000000,0
35.5500,50.135,45.0452,45.0452,0.000000,0
35.6000,54.639,37.8486,37.8486,0.000000,0
35.6500,59.737,37.8486,37.8486,0.000000,0
35.7000,54.293,43.8564,43.8564,0.000000,0
35.7500,58.179,43.8564,43.8564,0.000000,0
35.8000,56.616,43.0993,43.0993,0.000000,0
35.8500,54.602,43.0993,43.0993,0.000000,0
35.9000,54.705,38.5225,38.5225,0.000000,0
35.9500,54.492,38.5225,38.5225,0.000000,0
36.0000,54.160,42.0156,42.0156,0.000000,0
36.0500,64.271,42.0156,42.0156,0.000000,0
36.1000,56.640,48.3254,48.3254,0.000000,0
36.1500,50.407,48.3254,48.3254,0.000000,0
36.2000,55.200,40.3251,40.3251,0.000000,0
36.2500,54.191,40.3251,40.3251,0.000000,0
36.3000,54.046,45.9544,45.9544,0.000000,0
36.3500,63.804,45.9544,45.9544,0.000000,0
36.4000,57.028,42.2582,42.2582,0.000000,0
36.4500,60.718,42.2582,42.2582,0.000000,0
36.5000,65.649,51.3333,51.3333,0.000000,0
36.5500,59.129,51.3333,51.3333,0.000000,0
36.6000,54.693,56.7717,56.7717,0.000000,0
36.6500,63.469,56.7717,56.7717,0.000000,0
36.7000,56.908,49.2741,49.2741,0.000000,0
36.7500,55.597,49.2741,49.2741,0.000000,0
36.8000,70.374,48.4980,48.4980,0.000000,0
36.8500,56.034,48.4980,48.4980,0.000000,0
36.9000,53.656,46.2960,46.2960,0.000000,0
36.9500,53.320,46.2960,46.2960,0.000000,0
37.0000,57.315,56.3652,56.3652,0.000000,0
37.0500,67.449,56.3652,56.3652,0.000000,0
37.1000,55.266,61.5021,61.5021,0.000000,0
37.1500,55.013,61.5021,61.5021,0.000000,0
37.2000,54.472,61.0552,61.0552,0.000000,0
37.2500,58.408,61.0552,61.0552,0.000000,0
37.3000,56.291,64.3123,64.3123,0.000000,0
37.3500,54.986,64.3123,64.3123,0.000000,0
37.4000,50.056,61.8907,61.8907,0.000000,0
37.4500,71.185,61.8907,61.8907,0.000000,0
37.5000,54.050,59.7046,59.7046,0.000000,0
37.5500,63.755,59.7046,59.7046,0.000000,0
37.6000,73.792,61.8932,61.8932,0.000000,0
37.6500,56.318,61.8932,61.8932,0.000000,0
37.7000,59.435,62.8525,62.8525,0.000000,0
37.7500,54.721,62.8525,62.8525,0.000000,0
37.8000,53.909,60.4871,60.4871,0.000000,0
37.8500,56.646,60.4871,60.4871,0.000000,0
37.9000,63.599,74.6095,74.6095,0.000000,0
37.9500,55.308,74.6095,74.6095,0.000000,0
38.0000,49.563,62.7979,62.7979,0.000000,0
38.0500,60.379,62.7979,62.7979,0.000000,0
38.1000,53.990,74.5030,74.5030,0.000000,0
38.1500,69.623,74.5030,74.5030,0.000000,0
38.2000,61.243,76.0295,76.0295,0.000000,0
38.2500,56.363,76.0295,76.0295,0.000000,0
38.3000,54.493,76.8013,76.8013,0.000000,0
38.3500,54.004,76.8013,76.8013,0.000000,0
38.4000,54.231,77.8454,77.8454,0.000000,0
38.4500,63.809,77.8454,77.8454,0.000000,0
38.5000,55.799,72.9907,72.9907,0.000000,0
38.5500,49.054,72.9907,72.9907,0.000000,0
38.6000,54.987,48.3201,48.3201,0.000000,0
38.6500,54.501,48.3201,48.3201,0.000000,0
38.7000,64.485,50.3546,50.3546,0.000000,0
38.7500,53.638,50.3546,50.3546,0.000000,0
38.8000,56.329,53.6161,53.6161,0.000000,0
38.8500,56.063,53.6161,53.6161,0.000000,0
38.9000,54.626,71.8301,71.8301,0.000000,0
38.9500,59.667,71.8301,71.8301,0.000000,0
39.0000,69.646,49.8795,49.8795,0.000000,0
39.0500,56.608,49.8795,49.8795,0.000000,0
39.1000,50.493,56.6876,56.6876,0.000000,0
39.1500,50.536,56.6876,56.6876,0.000000,0
39.2000,49.645,67.3688,67.3688,0.000000,0
39.2500,60.441,67.3688,67.3688,0.000000,0
39.3000,53.612,66.9570,66.9570,0.000000,0
39.3500,53.132,66.9570,66.9570,0.000000,0
39.4000,50.204,58.5535,58.5535,0.000000,0
39.4500,55.334,58.5535,58.5535,0.000000,0
39.5000,60.575,61.1238,61.1238,0.000000,0
39.5500,69.537,61.1238,61.1238,0.000000,0
39.6000,58.478,65.6928,65.6928,0.000000,0
39.6500,56.669,65.6928,65.6928,0.000000,0
39.7000,56.001,65.5342,65.5342,0.000000,0
39.7500,55.876,65.5342,65.5342,0.000000,0
39.8000,49.757,54.8099,54.8099,0.000000,0
39.8500,65.576,54.8099,54.8099,0.000000,0
39.9000,58.562,56.8421,56.8421,0.000000,0
39.9500,64.418,56.8421,56.8421,0.000000,0
40.0000,63.749,19.4302,19.4302,0.000000,0
40.0500,50.660,19.4302,19.4302,0.000000,0
40.1000,55.576,91.6782,91.6782,0.000000,0
40.1500,59.437,91.6782,91.6782,0.000000,0
40.2000,59.969,47.3173,47.3173,0.000000,0
40.2500,63.926,47.3173,47.3173,0.000000,0
40.3000,56.614,51.0532,51.0532,0.000000,0
40.3500,60.712,51.0532,51.0532,0.000000,0
40.4000,50.191,41.6631,41.6631,0.000000,0
40.4500,54.070,41.6631,41.6631,0.000000,0
40.5000,64.233,47.4198,47.4198,0.000000,0
40.5500,63.377,47.4198,47.4198,0.000000,0
40.6000,50.315,42.4707,42.4707,0.000000,0
40.6500,50.283,42.4707,42.4707,0.000000,0
40.7000,55.351,43.0224,43.0224,0.000000,0
40.7500,69.663,43.0224,43.0224,0.000000,0
40.8000,59.668,44.2472,44.2472,0.000000,0
40.8500,56.821,44.2472,44.2472,0.000000,0
40.9000,50.080,50.3992,50.3992,0.000000,0
40.9500,50.338,50.3992,50.3992,0.000000,0
41.0000,60.454,58.2593,58.2593,0.000000,0
41.0500,65.609,58.2593,58.2593,0.000000,0
41.1000,58.029,31.8520,31.8520,0.000000,0
41.1500,53.745,31.8520,31.8520,0.000000,0
41.2000,56.039,39.5555,39.5555,0.000000,0
41.2500,50.686,39.5555,39.5555,0.000000,0
41.3000,49.481,33.7431,33.7431,0.000000,0
41.3500,59.601,33.7431,33.7431,0.000000,0
41.4000,69.345,0.0000,0.0000,0.000000,0
41.4500,68.824,0.0000,0.0000,0.000000,0
41.5000,56.271,37.8667,37.8667,0.000000,0
41.5500,61.244,37.8667,37.8667,0.000000,0
41.6000,49.892,28.1600,28.1600,0.000000,0
41.6500,65.671,28.1600,28.1600,0.000000,0
41.7000,64.679,25.5698,25.5698,0.000000,0
41.7500,95.412,25.5698,25.5698,0.000000,0
41.8000,111.735,37.5095,37.5095,0.000000,0
41.8500,108.683,37.5095,37.5095,0.000000,0
41.9000,55.184,37.1559,37.1559,0.000000,0
41.9500,44.028,37.1559,37.1559,0.000000,0
42.0000,48.889,43.5926,43.5926,0.000000,0
42.0500,38.000,43.5926,43.5926,0.000000,0
42.1000,36.478,49.5430,49.5430,0.000000,0
42.1500,38.589,49.5430,49.5430,0.000000,0
42.2000,33.550,43.8152,43.8152,0.000000,0
42.2500,35.552,43.8152,43.8152,0.000000,0
42.3000,37.809,52.2988,52.2988,0.000000,0
42.3500,39.544,52.2988,52.2988,0.000000,0
42.4000,38.081,44.6997,44.6997,0.000000,0
42.4500,43.909,44.6997,44.6997,0.000000,0
42.5000,45.748,47.7695,47.7695,0.000000,0
42.5500,37.898,47.7695,47.7695,0.000000,0
42.6000,40.200,41.2378,41.2378,0.000000,0
42.6500,41.337,41.2378,41.2378,0.000000,0
42.7000,43.751,33.1205,33.1205,0.000000,0
42.7500,45.376,33.1205,33.1205,0.000000,0
42.8000,47.423,39.8752,39.8752,0.000000,0
42.8500,50.405,39.8752,39.8752,0.000000,0
42.9000,50.964,38.1823,38.1823,0.000000,0
42.9500,30.902,38.1823,38.1823,0.000000,0
43.0000,39.617,46.0871,46.0871,0.000000,0
43.0500,64.765,46.0871,46.0871,0.000000,0
43.1000,50.693,37.5186,37.5186,0.000000,0
43.1500,36.885,37.5186,37.5186,0.000000,0
43.2000,31.686,41.4524,41.4524,0.000000,0
43.2500,47.190,41.4524,41.4524,0.000000,0
43.3000,48.795,46.4227,46.4227,0.000000,0
43.3500,38.206,46.4227,46.4227,0.000000,0
43.4000,42.519,44.4924,44.4924,0.000000,0
43.4500,41.197,44.4924,44.4924,0.000000,0
43.5000,36.786,45.3454,45.3454,0.000000,0
43.5500,35.577,45.3454,45.3454,0.000000,0
43.6000,38.021,40.7074,40.7074,0.000000,0
43.6500,36.791,40.7074,40.7074,0.000000,0
43.7000,32.989,42.9130,42.9130,0.000000,0
43.7500,34.139,42.9130,42.9130,0.000000,0
43.8000,45.600,37.5116,37.5116,0.000000,0
43.8500,37.638,37.5116,37.5116,0.000000,0
43.9000,39.652,44.0140,44.0140,0.000000,0
43.9500,48.867,44.0140,44.0140,0.000000,0
44.0000,49.649,45.9525,45.9525,0.000000,0
44.0500,45.785,45.9525,45.9525,0.000000,0
44.1000,47.739,40.6691,40.6691,0.000000,0
44.1500,41.323,40.6691,40.6691,0.000000,0
44.2000,42.850,43.3603,43.3603,0.000000,0
44.2500,30.980,43.3603,43.3603,0.000000,0
44.3000,33.962,43.4834,43.4834,0.000000,0
44.3500,48.831,43.4834,43.4834,0.000000,0
44.4000,49.747,48.2205,48.2205,0.000000,0
44.4500,43.357,48.2205,48.2205,0.000000,0
44.5000,45.246,46.7671,46.7671,0.000000,0
44.5500,44.114,46.7671,46.7671,0.000000,0
44.6000,58.594,53.7473,53.7473,0.000000,0
44.6500,38.140,53.7473,53.7473,0.000000,0
44.7000,50.148,31.8055,31.8055,0.000000,0
44.7500,38.243,31.8055,31.8055,0.000000,0
44.8000,37.099,54.1425,54.1425,0.000000,0
44.8500,39.371,54.1425,54.1425,0.000000,0
44.9000,34.525,46.0663,46.0663,0.000000,0
44.9500,46.637,46.0663,46.0663,0.000000,0
45.0000,37.978,43.0383,43.0383,0.000000,0
45.0500,33.886,43.0383,43.0383,0.000000,0
45.1000,44.647,48.4391,48.4391,0.000000,0
45.1500,38.314,48.4391,48.4391,0.000000,0
45.2000,40.205,44.2618,44.2618,0.000000,0
45.2500,41.646,44.2618,44.2618,0.000000,0
45.3000,43.597,50.1551,50.1551,0.000000,0
45.3500,52.508,50.1551,50.1551,0.000000,0
45.4000,39.093,48.5275,48.5275,0.000000,0
45.4500,49.753,48.5275,48.5275,0.000000,0
45.5000,42.283,51.1365,51.1365,0.000000,0
45.5500,44.081,51.1365,51.1365,0.000000,0
45.6000,45.617,43.9426,43.9426,0.000000,0
45.6500,42.331,43.9426,43.9426,0.000000,0
45.7000,50.528,49.1613,49.1613,0.000000,0
45.7500,45.501,49.1613,49.1613,0.000000,0
45.8000,47.503,49.4005,49.4005,0.000000,0
45.8500,36.293,49.4005,49.4005,0.000000,0
45.9000,38.688,48.7946,48.7946,0.000000,0
45.9500,38.149,48.7946,48.7946,0.000000,0
46.0000,49.418,42.6530,42.6530,0.000000,0
46.0500,38.522,42.6530,42.6530,0.000000,0
46.1000,33.369,45.8443,45.8443,0.000000,0
46.1500,38.890,45.8443,45.8443,0.000000,0
46.2000,42.175,42.4950,42.4950,0.000000,0
46.2500,36.591,42.4950,42.4950,0.000000,0
46.3000,47.516,37.5662,37.5662,0.000000,0
46.3500,43.450,37.5662,37.5662,0.000000,0
46.4000,35.743,40.9133,40.9133,0.000000,0
46.4500,44.594,40.9133,40.9133,0.000000,0
46.5000,39.305,40.0978,40.0978,0.000000,0
46.5500,41.871,40.0978,40.0978,0.000000,0
46.6000,50.180,50.5764,50.5764,0.000000,0
46.6500,46.487,50.5764,50.5764,0.000000,0
46.7000,48.272,37.1622,37.1622,0.000000,0
46.7500,40.389,37.1622,37.1622,0.000000,0
46.8000,58.539,43.5653,43.5653,0.000000,0
46.8500,31.011,43.5653,43.5653,0.000000,0
46.9000,33.631,53.8974,53.8974,0.000000,0
46.9500,42.427,53.8974,53.8974,0.000000,0
47.0000,40.488,48.6634,48.6634,0.000000,0
47.0500,51.740,48.6634,48.6634,0.000000,0
47.1000,40.831,40.2141,40.2141,0.000000,0
47.1500,33.985,40.2141,40.2141,0.000000,0
47.2000,35.973,53.0545,53.0545,0.000000,0
47.2500,48.205,53.0545,53.0545,0.000000,0
47.3000,32.570,57.1593,57.1593,0.000000,0
47.3500,55.020,57.1593,57.1593,0.000000,0
47.4000,39.639,28.6284,28.6284,0.000000,0
47.4500,44.667,28.6284,28.6284,0.000000,0
47.5000,37.673,49.9512,49.9512,0.000000,0
47.5500,39.829,49.9512,49.9512,0.000000,0
47.6000,48.180,34.9650,34.9650,0.000000,0
47.6500,40.443,34.9650,34.9650,0.000000,0
47.7000,48.980,52.3582,52.3582,0.000000,0
47.7500,36.999,52.3582,52.3582,0.000000,0
47.8000,39.097,49.0909,49.0909,0.000000,0
47.8500,48.526,49.0909,49.0909,0.000000,0
47.9000,53.618,40.7936,40.7936,0.000000,0
47.9500,36.985,40.7936,40.7936,0.000000,0
48.0000,47.292,45.8283,45.8283,0.000000,0
48.0500,40.459,45.8283,45.8283,0.000000,0
48.1000,42.443,50.5774,50.5774,0.000000,0
48.1500,34.012,50.5774,50.5774,0.000000,0
48.2000,37.153,51.7376,51.7376,0.000000,0
48.2500,42.021,51.7376,51.7376,0.000000,0
48.3000,51.088,43.9230,43.9230,0.000000,0
48.3500,42.823,43.9230,43.9230,0.000000,0
48.4000,38.133,53.7132,53.7132,0.000000,0
48.4500,36.795,53.7132,53.7132,0.000000,0
48.5000,42.462,49.3531,49.3531,0.000000,0
48.5500,43.767,49.3531,49.3531,0.000000,0
48.6000,43.475,47.6289,47.6289,0.000000,0
48.6500,37.868,47.6289,47.6289,0.000000,0
48.7000,37.118,44.6028,44.6028,0.000000,0
48.7500,36.232,44.6028,44.6028,0.000000,0
48.8000,35.066,52.0048,52.0048,0.000000,0
48.8500,36.736,52.0048,52.0048,0.000000,0
48.9000,38.350,47.3619,47.3619,0.000000,0
48.9500,34.695,47.3619,47.3619,0.000000,0
49.0000,35.758,53.0858,53.0858,0.000000,0
49.0500,38.155,53.0858,53.0858,0.000000,0
49.1000,40.185,43.7816,43.7816,0.000000,0
49.1500,41.973,43.7816,43.7816,0.000000,0
49.2000,50.458,47.2075,47.2075,0.000000,0
49.2500,52.743,47.2075,47.2075,0.000000,0
49.3000,38.461,51.7272,51.7272,0.000000,0
49.3500,41.442,51.7272,51.7272,0.000000,0
49.4000,42.842,54.8475,54.8475,0.000000,0
49.4500,31.611,54.8475,54.8475,0.000000,0
49.5000,47.214,39.1838,39.1838,0.000000,0
49.5500,48.889,39.1838,39.1838,0.000000,0
49.6000,50.403,42.0303,42.0303,0.000000,0
49.6500,45.872,42.0303,42.0303,0.000000,0
49.7000,38.431,40.6643,40.6643,0.000000,0
49.7500,56.740,40.6643,40.6643,0.000000,0
49.8000,42.586,58.5102,58.5102,0.000000,0
49.8500,51.524,58.5102,58.5102,0.000000,0
49.9000,53.286,38.7515,38.7515,0.000000,0
49.9500,51.834,38.7515,38.7515,0.000000,0
50.0000,46.352,54.4905,54.4905,0.000000,0
50.0500,42.297,54.4905,54.4905,0.000000,0
50.1000,61.293,54.6769,54.6769,0.000000,0
50.1500,46.095,54.6769,54.6769,0.000000,0
50.2000,58.386,38.4283,38.4283,0.000000,0
50.2500,49.959,38.4283,38.4283,0.000000,0
50.3000,45.970,45.2356,45.2356,0.000000,0
50.3500,38.524,45.2356,45.2356,0.000000,0
50.4000,39.739,58.2084,58.2084,0.000000,0
50.4500,41.982,58.2084,58.2084,0.000000,0
50.5000,43.731,41.3725,41.3725,0.000000,0
50.5500,46.568,41.3725,41.3725,0.000000,0
50.6000,38.107,54.7267,54.7267,0.000000,0
50.6500,40.874,54.7267,54.7267,0.000000,0
50.7000,42.688,55.6214,55.6214,0.000000,0
50.7500,44.532,55.6214,55.6214,0.000000,0
50.8000,46.525,51.7214,51.7214,0.000000,0
50.8500,57.722,51.7214,51.7214,0.000000,0
50.9000,44.358,50.0137,50.0137,0.000000,0
50.9500,42.508,50.0137,50.0137,0.000000,0
51.0000,37.996,48.2114,48.2114,0.000000,0
51.0500,39.161,48.2114,48.2114,0.000000,0
51.1000,42.513,50.7692,50.7692,0.000000,0
51.1500,50.216,50.7692,50.7692,0.000000,0
51.2000,45.407,42.3721,42.3721,0.000000,0
51.2500,34.657,42.3721,42.3721,0.000000,0
51.3000,49.675,59.5274,59.5274,0.000000,0
51.3500,46.159,59.5274,59.5274,0.000000,0
51.4000,44.536,48.6615,48.6615,0.000000,0
51.4500,36.312,48.6615,48.6615,0.000000,0
51.5000,38.578,56.0527,56.0527,0.000000,0
51.5500,40.672,56.0527,56.0527,0.000000,0
51.6000,56.119,35.4676,35.4676,0.000000,0
51.6500,37.941,35.4676,35.4676,0.000000,0
51.7000,40.381,56.1605,56.1605,0.000000,0
51.7500,42.155,56.1605,56.1605,0.000000,0
51.8000,43.742,53.6870,53.6870,0.000000,0
51.8500,52.891,53.6870,53.6870,0.000000,0
51.9000,39.606,60.2504,60.2504,0.000000,0
51.9500,40.504,60.2504,60.2504,0.000000,0
52.0000,58.781,57.9992,57.9992,0.000000,0
52.0500,44.717,57.9992,57.9992,0.000000,0
52.1000,47.539,48.3322,48.3322,0.000000,0
52.1500,58.404,48.3322,48.3322,0.000000,0
52.2000,50.427,61.5008,61.5008,0.000000,0
52.2500,52.546,61.5008,61.5008,0.000000,0
52.3000,41.788,52.6366,52.6366,0.000000,0
52.3500,46.751,52.6366,52.6366,0.000000,0
52.4000,42.479,50.2978,50.2978,0.000000,0
52.4500,53.616,50.2978,50.2978,0.000000,0
52.5000,39.084,55.2730,55.2730,0.000000,0
52.5500,44.530,55.2730,55.2730,0.000000,0
52.6000,56.494,56.2291,56.2291,0.000000,0
52.6500,38.930,56.2291,56.2291,0.000000,0
52.7000,38.243,56.7921,56.7921,0.000000,0
52.7500,46.688,56.7921,56.7921,0.000000,0
52.8000,52.079,65.7919,65.7919,0.000000,0
52.8500,43.728,65.7919,65.7919,0.000000,0
52.9000,42.036,46.1102,46.1102,0.000000,0
52.9500,37.833,46.1102,46.1102,0.000000,0
53.0000,56.209,67.4430,67.4430,0.000000,0
53.0500,61.409,67.4430,67.4430,0.000000,0
53.1000,53.709,48.7171,48.7171,0.000000,0
53.1500,45.768,48.7171,48.7171,0.000000,0
53.2000,47.930,61.1438,61.1438,0.000000,0
53.2500,56.551,61.1438,61.1438,0.000000,0
53.3000,51.766,66.3085,66.3085,0.000000,0
53.3500,34.734,66.3085,66.3085,0.000000,0
53.4000,46.956,58.7589,58.7589,0.000000,0
53.4500,41.779,58.7589,58.7589,0.000000,0
53.5000,34.456,65.3278,65.3278,0.000000,0
53.5500,42.688,65.3278,65.3278,0.000000,0
53.6000,34.912,51.2599,51.2599,0.000000,0
53.6500,47.072,51.2599,51.2599,0.000000,0
53.7000,38.663,74.4024,74.4024,0.000000,0
53.7500,44.079,74.4024,74.4024,0.000000,0
53.8000,36.185,39.3269,39.3269,0.000000,0
53.8500,38.252,39.3269,39.3269,0.000000,0
53.9000,57.555,72.0661,72.0661,0.000000,0
53.9500,39.565,72.0661,72.0661,0.000000,0
54.0000,40.596,70.8279,70.8279,0.000000,0
54.0500,42.369,70.8279,70.8279,0.000000,0
54.1000,38.508,68.0536,68.0536,0.000000,0
54.1500,53.636,68.0536,68.0536,0.000000,0
54.2000,36.888,54.2881,54.2881,0.000000,0
54.2500,38.373,54.2881,54.2881,0.000000,0
54.3000,49.899,61.9594,61.9594,0.000000,0
54.3500,41.669,61.9594,61.9594,0.000000,0
54.4000,43.514,69.0905,69.0905,0.000000,0
54.4500,36.586,69.0905,69.0905,0.000000,0
54.5000,54.758,73.0859,73.0859,0.000000,0
54.5500,39.405,73.0859,73.0859,0.000000,0
54.6000,43.009,59.9780,59.9780,0.000000,0
54.6500,44.354,59.9780,59.9780,0.000000,0
54.7000,46.692,74.6452,74.6452,0.000000,0
54.7500,48.734,74.6452,74.6452,0.000000,0
54.8000,49.935,49.8666,49.8666,0.000000,0
54.8500,52.351,49.8666,49.8666,0.000000,0
54.9000,48.123,82.6780,82.6780,0.000000,0
54.9500,40.438,82.6780,82.6780,0.000000,0
55.0000,58.548,41.8694,41.8694,0.000000,0
55.0500,40.434,41.8694,41.8694,0.000000,0
55.1000,43.262,65.8667,65.8667,0.000000,0
55.1500,34.664,65.8667,65.8667,0.000000,0
55.2000,43.541,63.3704,63.3704,0.000000,0
55.2500,52.166,63.3704,63.3704,0.000000,0
55.3000,41.227,54.0629,54.0629,0.000000,0
55.3500,42.173,54.0629,54.0629,0.000000,0
55.4000,41.557,65.6262,65.6262,0.000000,0
55.4500,43.838,65.6262,65.6262,0.000000,0
55.5000,42.685,54.8179,54.8179,0.000000,0
55.5500,44.107,54.8179,54.8179,0.000000,0
55.6000,40.056,59.0639,59.0639,0.000000,0
55.6500,50.934,59.0639,59.0639,0.000000,0
55.7000,49.633,65.4851,65.4851,0.000000,0
55.7500,45.664,65.4851,65.4851,0.000000,0
55.8000,37.996,70.4021,70.4021,0.000000,0
55.8500,56.563,70.4021,70.4021,0.000000,0
55.9000,68.711,51.6661,51.6661,0.000000,0
55.9500,38.897,51.6661,51.6661,0.000000,0
56.0000,40.319,63.7099,63.7099,0.000000,0
56.0500,38.972,63.7099,63.7099,0.000000,0
56.1000,40.956,70.7111,70.7111,0.000000,0
56.1500,46.181,70.7111,70.7111,0.000000,0
56.2000,45.038,60.6173,60.6173,0.000000,0
56.2500,40.092,60.6173,60.6173,0.000000,0
56.3000,47.970,28.4899,28.4899,0.000000,0
56.3500,60.068,28.4899,28.4899,0.000000,0
56.4000,46.513,24.1343,24.1343,0.000000,0
56.4500,35.223,24.1343,24.1343,0.000000,0
56.5000,36.517,42.0576,42.0576,0.000000,0
56.5500,38.398,42.0576,42.0576,0.000000,0
56.6000,40.680,37.3893,37.3893,0.000000,0
56.6500,39.448,37.3893,37.3893,0.000000,0
56.7000,45.112,34.3422,34.3422,0.000000,0
56.7500,79.725,34.3422,34.3422,0.000000,0
56.8000,104.548,42.8289,42.8289,0.000000,0
56.8500,80.575,42.8289,42.8289,0.000000,0
56.9000,58.785,45.1402,45.1402,0.000000,0
56.9500,52.846,45.1402,45.1402,0.000000,0
57.0000,51.559,37.5755,37.5755,0.000000,0
57.0500,57.200,37.5755,37.5755,0.000000,0
57.1000,57.512,39.2639,39.2639,0.000000,0
57.1500,54.830,39.2639,39.2639,0.000000,0
57.2000,54.334,50.4331,50.4331,0.000000,0
57.2500,53.245,50.4331,50.4331,0.000000,0
57.3000,52.793,37.7760,37.7760,0.000000,0
57.3500,51.726,37.7760,37.7760,0.000000,0
57.4000,66.940,42.9825,42.9825,0.000000,0
57.4500,54.730,42.9825,42.9825,0.000000,0
57.5000,60.107,44.2640,44.2640,0.000000,0
57.5500,58.422,44.2640,44.2640,0.000000,0
57.6000,58.192,38.1402,38.1402,0.000000,0
57.6500,57.852,38.1402,38.1402,0.000000,0
57.7000,59.641,44.0907,44.0907,0.000000,0
57.7500,55.030,44.0907,44.0907,0.000000,0
57.8000,58.972,46.2730,46.2730,0.000000,0
57.8500,58.931,46.2730,46.2730,0.000000,0
57.9000,52.712,46.1884,46.1884,0.000000,0
57.9500,52.799,46.1884,46.1884,0.000000,0
58.0000,56.870,38.1609,38.1609,0.000000,0
58.0500,60.381,38.1609,38.1609,0.000000,0
58.1000,54.106,42.5945,42.5945,0.000000,0
58.1500,69.451,42.5945,42.5945,0.000000,0
58.2000,58.930,51.3988,51.3988,0.000000,0
58.2500,51.937,51.3988,51.3988,0.000000,0
58.3000,55.527,47.3982,47.3982,0.000000,0
58.3500,60.355,47.3982,47.3982,0.000000,0
58.4000,53.959,41.7231,41.7231,0.000000,0
58.4500,52.794,41.7231,41.7231,0.000000,0
58.5000,58.575,46.0225,46.0225,0.000000,0
58.5500,51.868,46.0225,46.0225,0.000000,0
58.6000,66.776,52.3771,52.3771,0.000000,0
58.6500,60.236,52.3771,52.3771,0.000000,0
58.7000,53.811,46.2751,46.2751,0.000000,0
58.7500,58.149,46.2751,46.2751,0.000000,0
58.8000,58.445,44.9892,44.9892,0.000000,0
58.8500,57.004,44.9892,44.9892,0.000000,0
58.9000,60.299,49.0826,49.0826,0.000000,0
58.9500,54.014,49.0826,49.0826,0.000000,0
59.0000,59.356,49.5611,49.5611,0.000000,0
59.0500,53.599,49.5611,49.5611,0.000000,0
59.1000,53.398,44.1391,44.1391,0.000000,0
59.1500,56.628,44.1391,44.1391,0.000000,0
59.2000,66.266,55.0191,55.0191,0.000000,0
59.2500,60.540,55.0191,55.0191,0.000000,0
59.3000,54.921,43.7052,43.7052,0.000000,0
59.3500,57.866,43.7052,43.7052,0.000000,0
59.4000,57.985,48.7653,48.7653,0.000000,0
59.4500,51.947,48.7653,48.7653,0.000000,0
59.5000,60.458,50.1018,50.1018,0.000000,0
59.5500,54.002,50.1018,50.1018,0.000000,0
59.6000,59.473,44.9497,44.9497,0.000000,0
59.6500,53.314,44.9497,44.9497,0.000000,0
59.7000,53.465,51.2661,51.2661,0.000000,0
59.7500,57.096,51.2661,51.2661,0.000000,0
59.8000,56.871,51.3776,51.3776,0.000000,0
59.8500,54.050,51.3776,51.3776,0.000000,0
59.9000,58.281,46.7255,46.7255,0.000000,0
59.9500,53.353,46.7255,46.7255,0.000000,0
60.0000,52.778,44.9613,44.9613,0.000000,0
60.0500,52.074,44.9613,44.9613,0.000000,0
60.1000,57.186,52.6029,52.6029,0.000000,0
60.1500,54.839,52.6029,52.6029,0.000000,0
60.2000,54.352,48.7721,48.7721,0.000000,0
60.2500,58.965,48.7721,48.7721,0.000000,0
60.3000,57.796,48.0867,48.0867,0.000000,0
60.3500,57.008,48.0867,48.0867,0.000000,0
60.4000,56.952,49.0111,49.0111,0.000000,0
60.4500,60.068,49.0111,49.0111,0.000000,0
60.5000,54.093,38.2938,38.2938,0.000000,0
60.5500,58.305,38.2938,38.2938,0.000000,0
60.6000,57.718,50.9770,50.9770,0.000000,0
60.6500,57.585,50.9770,50.9770,0.000000,0
60.7000,56.513,53.4508,53.4508,0.000000,0
60.7500,59.742,53.4508,53.4508,0.000000,0
60.8000,59.127,45.4911,45.4911,0.000000,0
60.8500,53.464,45.4911,45.4911,0.000000,0
60.9000,57.240,48.1992,48.1992,0.000000,0
60.9500,57.144,48.1992,48.1992,0.000000,0
61.0000,57.027,53.2067,53.2067,0.000000,0
61.0500,59.082,53.2067,53.2067,0.000000,0
61.1000,53.813,45.5043,45.5043,0.000000,0
61.1500,54.029,45.5043,45.5043,0.000000,0
61.2000,58.648,55.3112,55.3112,0.000000,0
61.2500,51.828,55.3112,55.3112,0.000000,0
61.3000,56.912,44.8298,44.8298,0.000000,0
61.3500,59.831,44.8298,44.8298,0.000000,0
61.4000,58.297,51.1391,51.1391,0.000000,0
61.4500,53.395,51.1391,51.1391,0.000000,0
61.5000,52.251,42.2390,42.2390,0.000000,0
61.5500,50.920,42.2390,42.2390,0.000000,0
61.6000,57.020,52.5205,52.5205,0.000000,0
61.6500,54.216,52.5205,52.5205,0.000000,0
61.7000,59.250,44.3624,44.3624,0.000000,0
61.7500,53.767,44.3624,44.3624,0.000000,0
61.8000,52.943,52.0944,52.0944,0.000000,0
61.8500,57.677,52.0944,52.0944,0.000000,0
61.9000,66.927,34.3075,34.3075,0.000000,0
61.9500,54.519,34.3075,34.3075,0.000000,0
62.0000,54.130,32.4565,32.4565,0.000000,0
62.0500,57.726,32.4565,32.4565,0.000000,0
62.1000,58.078,32.7563,32.7563,0.000000,0
62.1500,52.056,32.7563,32.7563,0.000000,0
62.2000,67.272,41.5642,41.5642,0.000000,0
62.2500,59.822,41.5642,41.5642,0.000000,0
62.3000,53.970,31.9722,31.9722,0.000000,0
62.3500,52.870,31.9722,31.9722,0.000000,0
62.4000,58.307,36.2882,36.2882,0.000000,0
62.4500,56.092,36.2882,36.2882,0.000000,0
62.5000,54.897,39.9884,39.9884,0.000000,0
62.5500,54.032,39.9884,39.9884,0.000000,0
62.6000,59.305,41.2271,41.2271,0.000000,0
62.6500,54.060,41.2271,41.2271,0.000000,0
62.7000,52.049,41.3381,41.3381,0.000000,0
62.7500,57.476,41.3381,41.3381,0.000000,0
62.8000,56.808,41.9042,41.9042,0.000000,0
62.8500,53.932,41.9042,41.9042,0.000000,0
62.9000,53.923,35.6065,35.6065,0.000000,0
62.9500,53.367,35.6065,35.6065,0.000000,0
63.0000,53.575,38.1620,38.1620,0.000000,0
63.0500,52.282,38.1620,38.1620,0.000000,0
63.1000,60.598,46.9850,46.9850,0.000000,0
63.1500,60.556,46.9850,46.9850,0.000000,0
63.2000,54.632,40.7632,40.7632,0.000000,0
63.2500,53.954,40.7632,40.7632,0.000000,0
63.3000,58.197,39.8708,39.8708,0.000000,0
63.3500,57.429,39.8708,39.8708,0.000000,0
63.4000,57.673,47.6529,47.6529,0.000000,0
63.4500,59.549,47.6529,47.6529,0.000000,0
63.5000,54.437,42.4717,42.4717,0.000000,0
63.5500,53.577,42.4717,42.4717,0.000000,0
63.6000,52.073,40.7793,40.7793,0.000000,0
63.6500,52.682,40.7793,40.7793,0.000000,0
63.7000,56.878,41.4529,41.4529,0.000000,0
63.7500,67.019,41.4529,41.4529,0.000000,0
63.8000,54.529,48.5265,48.5265,0.000000,0
63.8500,53.256,48.5265,48.5265,0.000000,0
63.9000,53.425,40.1806,40.1806,0.000000,0
63.9500,57.119,40.1806,40.1806,0.000000,0
64.0000,66.755,44.0903,44.0903,0.000000,0
64.0500,55.751,44.0903,44.0903,0.000000,0
64.1000,55.119,52.7912,52.7912,0.000000,0
64.1500,53.401,52.7912,52.7912,0.000000,0
64.2000,53.719,40.0986,40.0986,0.000000,0
64.2500,53.110,40.0986,40.0986,0.000000,0
64.3000,56.868,45.0614,45.0614,0.000000,0
64.3500,53.928,45.0614,45.0614,0.000000,0
64.4000,54.929,42.0042,42.0042,0.000000,0
64.4500,58.448,42.0042,42.0042,0.000000,0
64.5000,53.627,51.7452,51.7452,0.000000,0
64.5500,51.841,51.7452,51.7452,0.000000,0
64.6000,59.229,47.2716,47.2716,0.000000,0
64.6500,60.437,47.2716,47.2716,0.000000,0
64.7000,54.074,44.2647,44.2647,0.000000,0
64.7500,53.307,44.2647,44.2647,0.000000,0
64.8000,58.241,45.5409,45.5409,0.000000,0
64.8500,51.717,45.5409,45.5409,0.000000,0
64.9000,50.467,48.0991,48.0991,0.000000,0
64.9500,59.519,48.0991,48.0991,0.000000,0
65.0000,54.760,44.6966,44.6966,0.000000,0
65.0500,52.189,44.6966,44.6966,0.000000,0
65.1000,52.856,33.9566,33.9566,0.000000,0
65.1500,56.727,33.9566,33.9566,0.000000,0
65.2000,57.013,38.9110,38.9110,0.000000,0
65.2500,60.453,38.9110,38.9110,0.000000,0
65.3000,54.753,54.8288,54.8288,0.000000,0
65.3500,59.177,54.8288,54.8288,0.000000,0
65.4000,58.248,47.6464,47.6464,0.000000,0
65.4500,57.030,47.6464,47.6464,0.000000,0
65.5000,88.736,47.4416,47.4416,0.000000,0
65.5500,54.112,47.4416,47.4416,0.000000,0
65.6000,54.804,48.5009,48.5009,0.000000,0
65.6500,63.795,48.5009,48.5009,0.000000,0
65.7000,58.523,45.9930,45.9930,0.000000,0
65.7500,52.320,45.9930,45.9930,0.000000,0
65.8000,66.773,50.9107,50.9107,0.000000,0
65.8500,54.964,50.9107,50.9107,0.000000,0
65.9000,54.003,40.3253,40.3253,0.000000,0
65.9500,53.992,40.3253,40.3253,0.000000,0
66.0000,53.470,41.9814,41.9814,0.000000,0
66.0500,57.224,41.9814,41.9814,0.000000,0
66.1000,66.469,47.4475,47.4475,0.000000,0
66.1500,54.323,47.4475,47.4475,0.000000,0
66.2000,59.111,52.5112,52.5112,0.000000,0
66.2500,53.717,52.5112,52.5112,0.000000,0
66.3000,53.506,49.5740,49.5740,0.000000,0
66.3500,56.537,49.5740,49.5740,0.000000,0
66.4000,60.926,42.5612,42.5612,0.000000,0
66.4500,59.528,42.5612,42.5612,0.000000,0
66.5000,54.836,53.3887,53.3887,0.000000,0
66.5500,59.018,53.3887,53.3887,0.000000,0
66.6000,58.454,47.3131,47.3131,0.000000,0
66.6500,57.237,47.3131,47.3131,0.000000,0
66.7000,57.493,44.7271,44.7271,0.000000,0
66.7500,60.364,44.7271,44.7271,0.000000,0
66.8000,59.560,55.2443,55.2443,0.000000,0
66.8500,58.413,55.2443,55.2443,0.000000,0
66.9000,52.848,46.0845,46.0845,0.000000,0
66.9500,52.400,46.0845,46.0845,0.000000,0
67.0000,60.054,46.2028,46.2028,0.000000,0
67.0500,60.569,46.2028,46.2028,0.000000,0
67.1000,53.310,53.9970,53.9970,0.000000,0
67.1500,52.865,53.9970,53.9970,0.000000,0
67.2000,52.778,49.8582,49.8582,0.000000,0
67.2500,52.065,49.8582,49.8582,0.000000,0
67.3000,66.098,44.6926,44.6926,0.000000,0
67.3500,60.668,44.6926,44.6926,0.000000,0
67.4000,54.794,45.3003,45.3003,0.000000,0
67.4500,52.822,45.3003,45.3003,0.000000,0
67.5000,52.668,52.6308,52.6308,0.000000,0
67.5500,57.192,52.6308,52.6308,0.000000,0
67.6000,56.804,46.6106,46.6106,0.000000,0
67.6500,55.765,46.6106,46.6106,0.000000,0
67.7000,54.127,44.7015,44.7015,0.000000,0
67.7500,53.143,44.7015,44.7015,0.000000,0
67.8000,52.391,51.9322,51.9322,0.000000,0
67.8500,51.864,51.9322,51.9322,0.000000,0
67.9000,57.383,45.6114,45.6114,0.000000,0
67.9500,54.836,45.6114,45.6114,0.000000,0
68.0000,59.070,41.1226,41.1226,0.000000,0
68.0500,54.383,41.1226,41.1226,0.000000,0
68.1000,52.816,47.8180,47.8180,0.000000,0
68.1500,52.447,47.8180,47.8180,0.000000,0
68.2000,60.293,56.0983,56.0983,0.000000,0
68.2500,59.882,56.0983,56.0983,0.000000,0
68.3000,64.477,45.1569,45.1569,0.000000,0
68.3500,53.691,45.1569,45.1569,0.000000,0
68.4000,52.936,53.8904,53.8904,0.000000,0
68.4500,51.939,53.8904,53.8904,0.000000,0
68.5000,57.243,38.9801,38.9801,0.000000,0
68.5500,54.094,38.9801,38.9801,0.000000,0
68.6000,54.065,48.8123,48.8123,0.000000,0
68.6500,53.080,48.8123,48.8123,0.000000,0
68.7000,52.858,47.1800,47.1800,0.000000,0
68.7500,56.983,47.1800,47.1800,0.000000,0
68.8000,57.918,49.9527,49.9527,0.000000,0
68.8500,60.701,49.9527,49.9527,0.000000,0
68.9000,65.256,45.1274,45.1274,0.000000,0
68.9500,53.207,45.1274,45.1274,0.000000,0
69.0000,53.509,51.1502,51.1502,0.000000,0
69.0500,57.682,51.1502,51.1502,0.000000,0
69.1000,55.727,54.9089,54.9089,0.000000,0
69.1500,60.585,54.9089,54.9089,0.000000,0
69.2000,54.241,18.7473,18.7473,0.000000,0
69.2500,58.677,18.7473,18.7473,0.000000,0
69.3000,53.083,61.3033,61.3033,0.000000,0
69.3500,52.602,61.3033,61.3033,0.000000,0
69.4000,54.837,36.9903,36.9903,0.000000,0
69.4500,54.644,36.9903,36.9903,0.000000,0
69.5000,54.189,36.7957,36.7957,0.000000,0
69.5500,53.374,36.7957,36.7957,0.000000,0
69.6000,53.577,35.6067,35.6067,0.000000,0
69.6500,52.270,35.6067,35.6067,0.000000,0
69.7000,55.570,39.6497,39.6497,0.000000,0
69.7500,66.526,39.6497,39.6497,0.000000,0
69.8000,53.861,43.1351,43.1351,0.000000,0
69.8500,64.254,43.1351,43.1351,0.000000,0
69.9000,52.276,40.1959,40.1959,0.000000,0
69.9500,52.562,40.1959,40.1959,0.000000,0
70.0000,56.560,35.2713,35.2713,0.000000,0
70.0500,55.831,35.2713,35.2713,0.000000,0
70.1000,54.899,43.2715,43.2715,0.000000,0
70.1500,53.533,43.2715,43.2715,0.000000,0
70.2000,52.997,39.7005,39.7005,0.000000,0
70.2500,52.046,39.7005,39.7005,0.000000,0
70.3000,59.941,41.2415,41.2415,0.000000,0
70.3500,60.673,41.2415,41.2415,0.000000,0
70.4000,58.620,40.4828,40.4828,0.000000,0
70.4500,57.758,40.4828,40.4828,0.000000,0
70.5000,52.780,43.4786,43.4786,0.000000,0
70.5500,52.356,43.4786,43.4786,0.000000,0
70.6000,56.640,41.3644,41.3644,0.000000,0
70.6500,60.692,41.3644,41.3644,0.000000,0
70.7000,53.699,40.7522,40.7522,0.000000,0
70.7500,58.703,40.7522,40.7522,0.000000,0
70.8000,58.156,37.0474,37.0474,0.000000,0
70.8500,56.630,37.0474,37.0474,0.000000,0
70.9000,57.634,47.4219,47.4219,0.000000,0
70.9500,54.415,47.4219,47.4219,0.000000,0
71.0000,60.378,37.4100,37.4100,0.000000,0
71.0500,53.723,37.4100,37.4100,0.000000,0
71.1000,53.408,36.2675,36.2675,0.000000,0
71.1500,57.160,36.2675,36.2675,0.000000,0
71.2000,57.082,41.1074,41.1074,0.000000,0
71.2500,66.984,41.1074,41.1074,0.000000,0
71.3000,54.127,22.3532,22.3532,0.000000,0
71.3500,53.492,22.3532,22.3532,0.000000,0
71.4000,52.001,42.2645,42.2645,0.000000,0
71.4500,56.479,42.2645,42.2645,0.000000,0
71.5000,50.955,50.3536,50.3536,0.000000,0
71.5500,49.822,50.3536,50.3536,0.000000,0
71.6000,60.250,54.7041,54.7041,0.000000,0
71.6500,63.267,54.7041,54.7041,0.000000,0
71.7000,52.320,58.5143,58.5143,0.000000,0
71.7500,96.708,58.5143,58.5143,0.000000,0
71.8000,69.134,55.0727,55.0727,0.000000,0
71.8500,35.243,55.0727,55.0727,0.000000,0
71.9000,39.722,50.9998,50.9998,0.000000,0
71.9500,35.138,50.9998,50.9998,0.000000,0
72.0000,36.923,51.7018,51.7018,0.000000,0
72.0500,30.805,51.7018,51.7018,0.000000,0
72.1000,34.528,48.6576,48.6576,0.000000,0
72.1500,30.732,48.6576,48.6576,0.000000,0
72.2000,33.092,54.1831,54.1831,0.000000,0
72.2500,32.958,54.1831,54.1831,0.000000,0
72.3000,32.536,56.4764,56.4764,0.000000,0
72.3500,36.726,56.4764,56.4764,0.000000,0
72.4000,34.686,49.3099,49.3099,0.000000,0
72.4500,32.410,49.3099,49.3099,0.000000,0
72.5000,31.968,60.4310,60.4310,0.000000,0
72.5500,42.030,60.4310,60.4310,0.000000,0
72.6000,30.340,57.2211,57.2211,0.000000,0
72.6500,36.427,57.2211,57.2211,0.000000,0
72.7000,29.384,54.4073,54.4073,0.000000,0
72.7500,32.384,54.4073,54.4073,0.000000,0
72.8000,32.249,56.1636,56.1636,0.000000,0
72.8500,35.977,56.1636,56.1636,0.000000,0
72.9000,29.887,58.1754,58.1754,0.000000,0
72.9500,30.642,58.1754,58.1754,0.000000,0
73.0000,32.599,64.4427,64.4427,0.000000,0
73.0500,34.625,64.4427,64.4427,0.000000,0
73.1000,30.477,53.4149,53.4149,0.000000,0
73.1500,36.320,53.4149,53.4149,0.000000,0
73.2000,40.468,64.4051,64.4051,0.000000,0
73.2500,32.133,64.4051,64.4051,0.000000,0
73.3000,34.390,62.6103,62.6103,0.000000,0
73.3500,30.091,62.6103,62.6103,0.000000,0
73.4000,38.623,54.8354,54.8354,0.000000,0
73.4500,40.348,54.8354,54.8354,0.000000,0
73.5000,30.456,56.0465,56.0465,0.000000,0
73.5500,50.323,56.0465,56.0465,0.000000,0
73.6000,36.642,61.1357,61.1357,0.000000,0
73.6500,30.548,61.1357,61.1357,0.000000,0
73.7000,32.869,52.1080,52.1080,0.000000,0
73.7500,31.778,52.1080,52.1080,0.000000,0
73.8000,32.716,54.6780,54.6780,0.000000,0
73.8500,36.713,54.6780,54.6780,0.000000,0
73.9000,32.653,46.8592,46.8592,0.000000,0
73.9500,32.780,46.8592,46.8592,0.000000,0
74.0000,35.035,44.7158,44.7158,0.000000,0
74.0500,36.367,44.7158,44.7158,0.000000,0
74.1000,36.864,46.8807,46.8807,0.000000,0
74.1500,33.473,46.8807,46.8807,0.000000,0
74.2000,38.269,32.5125,32.5125,0.000000,0
74.2500,32.429,32.5125,32.5125,0.000000,0
74.3000,32.480,39.0077,39.0077,0.000000,0
74.3500,32.597,39.0077,39.0077,0.000000,0
74.4000,30.492,32.8886,32.8886,0.000000,0
74.4500,32.518,32.8886,32.8886,0.000000,0
74.5000,32.840,32.7782,32.7782,0.000000,0
74.5500,32.054,32.7782,32.7782,0.000000,0
74.6000,40.631,39.2658,39.2658,0.000000,0
74.6500,51.975,39.2658,39.2658,0.000000,0
74.7000,32.952,37.4503,37.4503,0.000000,0
74.7500,32.714,37.4503,37.4503,0.000000,0
74.8000,28.246,33.3428,33.3428,0.000000,0
74.8500,34.549,33.3428,33.3428,0.000000,0
74.9000,30.514,36.3913,36.3913,0.000000,0
74.9500,30.880,36.3913,36.3913,0.000000,0
75.0000,32.648,31.0946,31.0946,0.000000,0
75.0500,30.416,31.0946,31.0946,0.000000,0
75.1000,30.399,37.0604,37.0604,0.000000,0
75.1500,30.617,37.0604,37.0604,0.000000,0
75.2000,32.642,35.3538,35.3538,0.000000,0
75.2500,34.876,35.3538,35.3538,0.000000,0
75.3000,32.059,32.9476,32.9476,0.000000,0
75.3500,34.668,32.9476,32.9476,0.000000,0
75.4000,35.979,34.1984,34.1984,0.000000,0
75.4500,36.444,34.1984,34.1984,0.000000,0
75.5000,30.476,37.8388,37.8388,0.000000,0
75.5500,42.367,37.8388,37.8388,0.000000,0
75.6000,36.929,30.4390,30.4390,0.000000,0
75.6500,34.882,30.4390,30.4390,0.000000,0
75.7000,30.693,36.3759,36.3759,0.000000,0
75.7500,32.149,36.3759,36.3759,0.000000,0
75.8000,32.716,40.2109,40.2109,0.000000,0
75.8500,36.478,40.2109,40.2109,0.000000,0
75.9000,30.063,36.4793,36.4793,0.000000,0
75.9500,34.891,36.4793,36.4793,0.000000,0
76.0000,29.964,38.9902,38.9902,0.000000,0
76.0500,31.473,38.9902,38.9902,0.000000,0
76.1000,32.636,35.6931,35.6931,0.000000,0
76.1500,36.727,35.6931,35.6931,0.000000,0
76.2000,32.800,37.5110,37.5110,0.000000,0
76.2500,32.545,37.5110,37.5110,0.000000,0
76.3000,32.877,43.3785,43.3785,0.000000,0
76.3500,36.227,43.3785,43.3785,0.000000,0
76.4000,34.547,41.1005,41.1005,0.000000,0
76.4500,34.484,41.1005,41.1005,0.000000,0
76.5000,30.747,39.1979,39.1979,0.000000,0
76.5500,30.520,39.1979,39.1979,0.000000,0
76.6000,45.648,42.1162,42.1162,0.000000,0
76.6500,44.859,42.1162,42.1162,0.000000,0
76.7000,32.527,35.3790,35.3790,0.000000,0
76.7500,30.596,35.3790,35.3790,0.000000,0
76.8000,31.750,42.0122,42.0122,0.000000,0
76.8500,32.636,42.0122,42.0122,0.000000,0
76.9000,30.419,38.9925,38.9925,0.000000,0
76.9500,29.330,38.9925,38.9925,0.000000,0
77.0000,32.898,41.1197,41.1197,0.000000,0
77.0500,34.518,41.1197,41.1197,0.000000,0
77.1000,30.351,35.8184,35.8184,0.000000,0
77.1500,34.826,35.8184,35.8184,0.000000,0
77.2000,34.243,41.5813,41.5813,0.000000,0
77.2500,30.614,41.5813,41.5813,0.000000,0
77.3000,32.685,37.1066,37.1066,0.000000,0
77.3500,31.613,37.1066,37.1066,0.000000,0
77.4000,36.716,42.9692,42.9692,0.000000,0
77.4500,34.510,42.9692,42.9692,0.000000,0
77.5000,32.713,44.9200,44.9200,0.000000,0
77.5500,32.607,44.9200,44.9200,0.000000,0
77.6000,41.095,47.3534,47.3534,0.000000,0
77.6500,44.592,47.3534,47.3534,0.000000,0
77.7000,32.547,45.4870,45.4870,0.000000,0
77.7500,44.569,45.4870,45.4870,0.000000,0
77.8000,32.781,39.7770,39.7770,0.000000,0
77.8500,32.485,39.7770,39.7770,0.000000,0
77.9000,32.323,45.0564,45.0564,0.000000,0
77.9500,33.908,45.0564,45.0564,0.000000,0
78.0000,32.984,38.4990,38.4990,0.000000,0
78.0500,34.501,38.4990,38.4990,0.000000,0
78.1000,35.053,46.0128,46.0128,0.000000,0
78.1500,34.928,46.0128,46.0128,0.000000,0
78.2000,32.669,38.9629,38.9629,0.000000,0
78.2500,38.540,38.9629,38.9629,0.000000,0
78.3000,36.852,56.7439,56.7439,0.000000,0
78.3500,30.528,56.7439,56.7439,0.000000,0
78.4000,30.576,50.1323,50.1323,0.000000,0
78.4500,30.568,50.1323,50.1323,0.000000,0
78.5000,32.859,47.3069,47.3069,0.000000,0
78.5500,34.903,47.3069,47.3069,0.000000,0
78.6000,42.155,51.4240,51.4240,0.000000,0
78.6500,42.453,51.4240,51.4240,0.000000,0
78.7000,37.063,50.4854,50.4854,0.000000,0
78.7500,30.715,50.4854,50.4854,0.000000,0
78.8000,32.976,48.2652,48.2652,0.000000,0
78.8500,30.631,48.2652,48.2652,0.000000,0
78.9000,32.720,43.6676,43.6676,0.000000,0
78.9500,30.052,43.6676,43.6676,0.000000,0
79.0000,32.771,49.8985,49.8985,0.000000,0
79.0500,34.496,49.8985,49.8985,0.000000,0
79.1000,31.536,49.6858,49.6858,0.000000,0
79.1500,30.467,49.6858,49.6858,0.000000,0
79.2000,29.783,53.6258,53.6258,0.000000,0
79.2500,32.232,53.6258,53.6258,0.000000,0
79.3000,37.071,48.8296,48.8296,0.000000,0
79.3500,32.988,48.8296,48.8296,0.000000,0
79.4000,36.114,47.4756,47.4756,0.000000,0
79.4500,30.165,47.4756,47.4756,0.000000,0
79.5000,30.977,53.6739,53.6739,0.000000,0
79.5500,32.740,53.6739,53.6739,0.000000,0
79.6000,30.593,47.6691,47.6691,0.000000,0
79.6500,36.904,47.6691,47.6691,0.000000,0
79.7000,32.554,47.2162,47.2162,0.000000,0
79.7500,30.767,47.2162,47.2162,0.000000,0
79.8000,36.874,49.4475,49.4475,0.000000,0
79.8500,29.742,49.4475,49.4475,0.000000,0
79.9000,31.654,55.7847,55.7847,0.000000,0
79.9500,32.606,55.7847,55.7847,0.000000,0
80.0000,29.819,47.3977,47.3977,0.000000,0
80.0500,33.976,47.3977,47.3977,0.000000,0
80.1000,29.222,51.5871,51.5871,0.000000,0
80.1500,36.114,51.5871,51.5871,0.000000,0
80.2000,33.846,52.8562,52.8562,0.000000,0
80.2500,34.148,52.8562,52.8562,0.000000,0
80.3000,34.588,54.6403,54.6403,0.000000,0
80.3500,30.301,54.6403,54.6403,0.000000,0
80.4000,40.570,44.4071,44.4071,0.000000,0
80.4500,32.682,44.4071,44.4071,0.000000,0
80.5000,36.655,50.9530,50.9530,0.000000,0
80.5500,34.378,50.9530,50.9530,0.000000,0
80.6000,33.611,45.2613,45.2613,0.000000,0
80.6500,32.325,45.2613,45.2613,0.000000,0
80.7000,32.791,47.3055,47.3055,0.000000,0
80.7500,32.830,47.3055,47.3055,0.000000,0
80.8000,30.411,51.9860,51.9860,0.000000,0
80.8500,31.706,51.9860,51.9860,0.000000,0
80.9000,32.474,50.5475,50.5475,0.000000,0
80.9500,36.283,50.5475,50.5475,0.000000,0
81.0000,46.485,52.1853,52.1853,0.000000,0
81.0500,32.844,52.1853,52.1853,0.000000,0
81.1000,36.136,32.1922,32.1922,0.000000,0
81.1500,31.794,32.1922,32.1922,0.000000,0
81.2000,31.697,43.0533,43.0533,0.000000,0
81.2500,42.542,43.0533,43.0533,0.000000,0
81.3000,36.757,25.0579,25.0579,0.000000,0
81.3500,39.016,25.0579,25.0579,0.000000,0
81.4000,32.252,25.4018,25.4018,0.000000,0
81.4500,30.417,25.4018,25.4018,0.000000,0
81.5000,32.434,31.2041,31.2041,0.000000,0
81.5500,30.627,31.2041,31.2041,0.000000,0
81.6000,45.129,32.5471,32.5471,0.000000,0
81.6500,38.532,32.5471,32.5471,0.000000,0
81.7000,29.723,27.3938,27.3938,0.000000,0
81.7500,29.377,27.3938,27.3938,0.000000,0
81.8000,40.281,33.0045,33.0045,0.000000,0
81.8500,32.459,33.0045,33.0045,0.000000,0
81.9000,29.528,27.8215,27.8215,0.000000,0
81.9500,31.801,27.8215,27.8215,0.000000,0
82.0000,30.845,36.1565,36.1565,0.000000,0
82.0500,38.265,36.1565,36.1565,0.000000,0
82.1000,42.548,29.6901,29.6901,0.000000,0
82.1500,32.705,29.6901,29.6901,0.000000,0
82.2000,32.091,36.2150,36.2150,0.000000,0
82.2500,34.202,36.2150,36.2150,0.000000,0
82.3000,36.815,27.9784,27.9784,0.000000,0
82.3500,33.804,27.9784,27.9784,0.000000,0
82.4000,36.343,34.8630,34.8630,0.000000,0
82.4500,33.870,34.8630,34.8630,0.000000,0
82.5000,29.930,35.2321,35.2321,0.000000,0
82.5500,31.888,35.2321,35.2321,0.000000,0
82.6000,29.896,27.6412,27.6412,0.000000,0
82.6500,35.772,27.6412,27.6412,0.000000,0
82.7000,32.083,31.0889,31.0889,0.000000,0
82.7500,31.610,31.0889,31.0889,0.000000,0
82.8000,40.592,28.7083,28.7083,0.000000,0
82.8500,30.423,28.7083,28.7083,0.000000,0
82.9000,34.616,35.2747,35.2747,0.000000,0
82.9500,32.625,35.2747,35.2747,0.000000,0
83.0000,36.638,36.6087,36.6087,0.000000,0
83.0500,30.771,36.6087,36.6087,0.000000,0
83.1000,29.574,32.2925,32.2925,0.000000,0
83.1500,31.549,32.2925,32.2925,0.000000,0
83.2000,29.881,35.0574,35.0574,0.000000,0
83.2500,31.489,35.0574,35.0574,0.000000,0
83.3000,33.586,25.0479,25.0479,0.000000,0
83.3500,34.884,25.0479,25.0479,0.000000,0
83.4000,32.624,26.8777,26.8777,0.000000,0
83.4500,30.763,26.8777,26.8777,0.000000,0
83.5000,32.597,27.4847,27.4847,0.000000,0
83.5500,30.267,27.4847,27.4847,0.000000,0
83.6000,50.651,28.6071,28.6071,0.000000,0
83.6500,38.500,28.6071,28.6071,0.000000,0
83.7000,32.444,32.1050,32.1050,0.000000,0
83.7500,34.365,32.1050,32.1050,0.000000,0
83.8000,36.586,24.8944,24.8944,0.000000,0
83.8500,31.911,24.8944,24.8944,0.000000,0
83.9000,30.171,26.1317,26.1317,0.000000,0
83.9500,30.074,26.1317,26.1317,0.000000,0
84.0000,32.960,31.0611,31.0611,0.000000,0
84.0500,34.392,31.0611,31.0611,0.000000,0
84.1000,32.176,27.8589,27.8589,0.000000,0
84.1500,34.292,27.8589,27.8589,0.000000,0
84.2000,34.263,33.6790,33.6790,0.000000,0
84.2500,30.309,33.6790,33.6790,0.000000,0
84.3000,30.632,30.7401,30.7401,0.000000,0
84.3500,34.576,30.7401,30.7401,0.000000,0
84.4000,30.301,30.6127,30.6127,0.000000,0
84.4500,30.561,30.6127,30.6127,0.000000,0
84.5000,32.951,27.1885,27.1885,0.000000,0
84.5500,32.539,27.1885,27.1885,0.000000,0
84.6000,32.500,28.0496,28.0496,0.000000,0
84.6500,36.573,28.0496,28.0496,0.000000,0
84.7000,32.855,30.6372,30.6372,0.000000,0
84.7500,30.425,30.6372,30.6372,0.000000,0
84.8000,33.972,32.5291,32.5291,0.000000,0
84.8500,30.393,32.5291,32.5291,0.000000,0
84.9000,32.415,34.7141,34.7141,0.000000,0
84.9500,32.894,34.7141,34.7141,0.000000,0
85.0000,32.348,33.3401,33.3401,0.000000,0
85.0500,34.717,33.3401,33.3401,0.000000,0
85.1000,31.475,32.5304,32.5304,0.000000,0
85.1500,41.932,32.5304,32.5304,0.000000,0
85.2000,32.081,33.0025,33.0025,0.000000,0
85.2500,34.209,33.0025,33.0025,0.000000,0
85.3000,32.207,36.8314,36.8314,0.000000,0
85.3500,31.233,36.8314,36.8314,0.000000,0
85.4000,32.221,29.2879,29.2879,0.000000,0
85.4500,32.094,29.2879,29.2879,0.000000,0
85.5000,32.496,32.8004,32.8004,0.000000,0
85.5500,30.491,32.8004,32.8004,0.000000,0
85.6000,38.030,31.0592,31.0592,0.000000,0
85.6500,45.036,31.0592,31.0592,0.000000,0
85.7000,33.963,36.9584,36.9584,0.000000,0
85.7500,30.639,36.9584,36.9584,0.000000,0
85.8000,38.477,34.6928,34.6928,0.000000,0
85.8500,32.702,34.6928,34.6928,0.000000,0
85.9000,31.003,30.9766,30.9766,0.000000,0
85.9500,29.969,30.9766,30.9766,0.000000,0
86.0000,32.497,33.7883,33.7883,0.000000,0
86.0500,39.890,33.7883,33.7883,0.000000,0
86.1000,38.698,30.8392,30.8392,0.000000,0
86.1500,30.747,30.8392,30.8392,0.000000,0
86.2000,29.669,30.6375,30.6375,0.000000,0
86.2500,31.762,30.6375,30.6375,0.000000,0
86.3000,34.454,17.7875,17.7875,0.000000,0
86.3500,35.749,17.7875,17.7875,0.000000,0
86.4000,44.650,1.5735,1.5735,0.000000,0
86.4500,34.321,1.5735,1.5735,0.000000,0
86.5000,32.013,24.3283,24.3283,0.000000,0
86.5500,29.699,24.3283,24.3283,0.000000,0
86.6000,42.693,16.2213,16.2213,0.000000,0
86.6500,36.355,16.2213,16.2213,0.000000,0
86.7000,31.760,22.1343,22.1343,0.000000,0
86.7500,32.169,22.1343,22.1343,0.000000,0
86.8000,94.694,20.8536,20.8536,0.000000,0
86.8500,64.534,20.8536,20.8536,0.000000,0
86.9000,60.327,19.8721,19.8721,0.000000,0
86.9500,59.578,19.8721,19.8721,0.000000,0
87.0000,59.321,22.0766,22.0766,0.000000,0
87.0500,30.585,22.0766,22.0766,0.000000,0
87.1000,45.284,22.3597,22.3597,0.000000,0
87.1500,38.859,22.3597,22.3597,0.000000,0
87.2000,34.003,25.3501,25.3501,0.000000,0
87.2500,31.070,25.3501,25.3501,0.000000,0
87.3000,30.227,25.2304,25.2304,0.000000,0
87.3500,35.962,25.2304,25.2304,0.000000,0
87.4000,29.893,19.8367,19.8367,0.000000,0
87.4500,39.780,19.8367,19.8367,0.000000,0
87.5000,38.107,17.8496,17.8496,0.000000,0
87.5500,49.318,17.8496,17.8496,0.000000,0
87.6000,41.258,25.3453,25.3453,0.000000,0
87.6500,40.428,25.3453,25.3453,0.000000,0
87.7000,29.861,17.4590,17.4590,0.000000,0
87.7500,33.757,17.4590,17.4590,0.000000,0
87.8000,59.625,22.4053,22.4053,0.000000,0
87.8500,38.088,22.4053,22.4053,0.000000,0
87.9000,37.740,22.4239,22.4239,0.000000,0
87.9500,34.707,22.4239,22.4239,0.000000,0
88.0000,39.948,29.7203,29.7203,0.000000,0
88.0500,39.191,29.7203,29.7203,0.000000,0
88.1000,49.982,24.8840,24.8840,0.000000,0
88.1500,38.417,24.8840,24.8840,0.000000,0
88.2000,41.100,24.8967,24.8967,0.000000,0
88.2500,29.170,24.8967,24.8967,0.000000,0
88.3000,40.306,26.0061,26.0061,0.000000,0
88.3500,38.579,26.0061,26.0061,0.000000,0
88.4000,54.654,31.7756,31.7756,0.000000,0
88.4500,33.188,31.7756,31.7756,0.000000,0
88.5000,40.343,19.6581,19.6581,0.000000,0
88.5500,34.972,19.6581,19.6581,0.000000,0
88.6000,35.541,19.5514,19.5514,0.000000,0
88.6500,39.314,19.5514,19.5514,0.000000,0
88.7000,39.062,27.3940,27.3940,0.000000,0
88.7500,33.302,27.3940,27.3940,0.000000,0
88.8000,37.801,29.9613,29.9613,0.000000,0
88.8500,30.574,29.9613,29.9613,0.000000,0
88.9000,34.592,24.3687,24.3687,0.000000,0
88.9500,67.816,24.3687,24.3687,0.000000,0
89.0000,65.458,19.8407,19.8407,0.000000,0
89.0500,56.817,19.8407,19.8407,0.000000,0
89.1000,48.420,31.0170,31.0170,0.000000,0
89.1500,36.406,31.0170,31.0170,0.000000,0
89.2000,35.155,30.4970,30.4970,0.000000,0
89.2500,39.506,30.4970,30.4970,0.000000,0
89.3000,38.118,26.3596,26.3596,0.000000,0
89.3500,37.703,26.3596,26.3596,0.000000,0
89.4000,40.786,29.9882,29.9882,0.000000,0
89.4500,41.730,29.9882,29.9882,0.000000,0
89.5000,73.383,28.5911,28.5911,0.000000,0
89.5500,39.043,28.5911,28.5911,0.000000,0
89.6000,37.963,23.5750,23.5750,0.000000,0
89.6500,30.471,23.5750,23.5750,0.000000,0
89.7000,40.687,31.4310,31.4310,0.000000,0
89.7500,29.909,31.4310,31.4310,0.000000,0
89.8000,29.695,25.4131,25.4131,0.000000,0
89.8500,39.325,25.4131,25.4131,0.000000,0
89.9000,33.074,28.8364,28.8364,0.000000,0
89.9500,33.430,28.8364,28.8364,0.000000,0
90.0000,30.903,30.3264,30.3264,0.000000,0
90.0500,30.446,30.3264,30.3264,0.000000,0
90.1000,40.496,30.2911,30.2911,0.000000,0
90.1500,38.285,30.2911,30.2911,0.000000,0
90.2000,33.182,33.2136,33.2136,0.000000,0
90.2500,30.468,33.2136,33.2136,0.000000,0
90.3000,31.009,27.7942,27.7942,0.000000,0
90.3500,35.141,27.7942,27.7942,0.000000,0
90.4000,35.092,33.4631,33.4631,0.000000,0
90.4500,34.563,33.4631,33.4631,0.000000,0
90.5000,32.743,32.7776,32.7776,0.000000,0
90.5500,32.667,32.7776,32.7776,0.000000,0
90.6000,43.407,29.8804,29.8804,0.000000,0
90.6500,30.196,29.8804,29.8804,0.000000,0
90.7000,35.116,24.4135,24.4135,0.000000,0
90.7500,39.440,24.4135,24.4135,0.000000,0
90.8000,39.279,27.8384,27.8384,0.000000,0
90.8500,37.977,27.8384,27.8384,0.000000,0
90.9000,30.966,29.7381,29.7381,0.000000,0
90.9500,35.970,29.7381,29.7381,0.000000,0
91.0000,35.088,29.1380,29.1380,0.000000,0
91.0500,39.297,29.1380,29.1380,0.000000,0
91.1000,48.862,32.4429,32.4429,0.000000,0
91.1500,37.810,32.4429,32.4429,0.000000,0
91.2000,41.103,22.0151,22.0151,0.000000,0
91.2500,48.321,22.0151,22.0151,0.000000,0
91.3000,45.636,32.0725,32.0725,0.000000,0
91.3500,39.239,32.0725,32.0725,0.000000,0
91.4000,50.180,35.5048,35.5048,0.000000,0
91.4500,31.000,35.5048,35.5048,0.000000,0
91.5000,35.683,32.6672,32.6672,0.000000,0
91.5500,30.561,32.6672,32.6672,0.000000,0
91.6000,35.539,33.5798,33.5798,0.000000,0
91.6500,34.579,33.5798,33.5798,0.000000,0
91.7000,43.713,38.4988,38.4988,0.000000,0
91.7500,38.197,38.4988,38.4988,0.000000,0
91.8000,37.875,26.1734,26.1734,0.000000,0
91.8500,36.244,26.1734,26.1734,0.000000,0
91.9000,28.922,36.4910,36.4910,0.000000,0
91.9500,33.906,36.4910,36.4910,0.000000,0
92.0000,33.260,28.6146,28.6146,0.000000,0
92.0500,34.210,28.6146,28.6146,0.000000,0
92.1000,38.271,27.5938,27.5938,0.000000,0
92.1500,30.492,27.5938,27.5938,0.000000,0
92.2000,39.879,38.2960,38.2960,0.000000,0
92.2500,34.273,38.2960,38.2960,0.000000,0
92.3000,39.487,20.2432,20.2432,0.000000,0
92.3500,38.699,20.2432,20.2432,0.000000,0
92.4000,48.704,33.5258,33.5258,0.000000,0
92.4500,35.158,33.5258,33.5258,0.000000,0
92.5000,34.381,21.1025,21.1025,0.000000,0
92.5500,29.698,21.1025,21.1025,0.000000,0
92.6000,49.748,36.7423,36.7423,0.000000,0
92.6500,31.570,36.7423,36.7423,0.000000,0
92.7000,37.826,28.8442,28.8442,0.000000,0
92.7500,40.776,28.8442,28.8442,0.000000,0
92.8000,40.616,31.5660,31.5660,0.000000,0
92.8500,34.437,31.5660,31.5660,0.000000,0
92.9000,34.789,34.5805,34.5805,0.000000,0
92.9500,31.187,34.5805,34.5805,0.000000,0
93.0000,40.887,29.3996,29.3996,0.000000,0
93.0500,41.097,29.3996,29.3996,0.000000,0
93.1000,35.639,26.2030,26.2030,0.000000,0
93.1500,35.152,26.2030,26.2030,0.000000,0
93.2000,43.757,34.7117,34.7117,0.000000,0
93.2500,38.740,34.7117,34.7117,0.000000,0
93.3000,48.823,36.2299,36.2299,0.000000,0
93.3500,35.882,36.2299,36.2299,0.000000,0
93.4000,51.356,28.7459,28.7459,0.000000,0
93.4500,33.600,28.7459,28.7459,0.000000,0
93.5000,33.735,32.4617,32.4617,0.000000,0
93.5500,33.292,32.4617,32.4617,0.000000,0
93.6000,37.752,37.7255,37.7255,0.000000,0
93.6500,45.782,37.7255,37.7255,0.000000,0
93.7000,51.286,25.0118,25.0118,0.000000,0
93.7500,34.451,25.0118,25.0118,0.000000,0
93.8000,38.410,32.7899,32.7899,0.000000,0
93.8500,34.892,32.7899,32.7899,0.000000,0
93.9000,41.412,29.0649,29.0649,0.000000,0
93.9500,46.428,29.0649,29.0649,0.000000,0
94.0000,46.359,36.1504,36.1504,0.000000,0
94.0500,33.657,36.1504,36.1504,0.000000,0
94.1000,39.517,28.4118,28.4118,0.000000,0
94.1500,31.788,28.4118,28.4118,0.000000,0
94.2000,31.080,30.7538,30.7538,0.000000,0
94.2500,41.090,30.7538,30.7538,0.000000,0
94.3000,51.350,41.8051,41.8051,0.000000,0
94.3500,39.417,41.8051,41.8051,0.000000,0
94.4000,33.851,29.5084,29.5084,0.000000,0
94.4500,31.196,29.5084,29.5084,0.000000,0
94.5000,35.256,28.8607,28.8607,0.000000,0
94.5500,40.522,28.8607,28.8607,0.000000,0
94.6000,40.588,30.6320,30.6320,0.000000,0
94.6500,61.330,30.6320,30.6320,0.000000,0
94.7000,34.428,29.8613,29.8613,0.000000,0
94.7500,34.221,29.8613,29.8613,0.000000,0
94.8000,30.475,35.0300,35.0300,0.000000,0
94.8500,35.116,35.0300,35.0300,0.000000,0
94.9000,40.094,33.4200,33.4200,0.000000,0
94.9500,39.995,33.4200,33.4200,0.000000,0
95.0000,59.730,35.0630,35.0630,0.000000,0
95.0500,33.000,35.0630,35.0630,0.000000,0
95.1000,31.443,38.3930,38.3930,0.000000,0
95.1500,40.939,38.3930,38.3930,0.000000,0
95.2000,40.655,37.6446,37.6446,0.000000,0
95.2500,50.728,37.6446,37.6446,0.000000,0
95.3000,59.745,30.0623,30.0623,0.000000,0
95.3500,49.397,30.0623,30.0623,0.000000,0
95.4000,53.085,32.1244,32.1244,0.000000,0
95.4500,35.218,32.1244,32.1244,0.000000,0
95.5000,35.307,35.6942,35.6942,0.000000,0
95.5500,39.662,35.6942,35.6942,0.000000,0
95.6000,34.461,32.1270,32.1270,0.000000,0
95.6500,33.404,32.1270,32.1270,0.000000,0
95.7000,36.399,40.6439,40.6439,0.000000,0
95.7500,29.979,40.6439,40.6439,0.000000,0
95.8000,36.592,37.2010,37.2010,0.000000,0
95.8500,33.935,37.2010,37.2010,0.000000,0
95.9000,39.250,41.0870,41.0870,0.000000,0
95.9500,49.091,41.0870,41.0870,0.000000,0
96.0000,41.187,38.5213,38.5213,0.000000,0
96.0500,40.526,38.5213,38.5213,0.000000,0
96.1000,29.983,41.3432,41.3432,0.000000,0
96.1500,33.589,41.3432,41.3432,0.000000,0
96.2000,60.145,27.6301,27.6301,0.000000,0
96.2500,31.219,27.6301,27.6301,0.000000,0
96.3000,37.697,42.3370,42.3370,0.000000,0
96.3500,29.492,42.3370,42.3370,0.000000,0
96.4000,35.133,47.5593,47.5593,0.000000,0
96.4500,33.143,47.5593,47.5593,0.000000,0
96.5000,39.096,40.7973,40.7973,0.000000,0
96.5500,38.771,40.7973,40.7973,0.000000,0
96.6000,36.144,30.6526,30.6526,0.000000,0
96.6500,38.344,30.6526,30.6526,0.000000,0
96.7000,39.639,39.0801,39.0801,0.000000,0
96.7500,39.503,39.0801,39.0801,0.000000,0
96.8000,38.725,44.2545,44.2545,0.000000,0
96.8500,31.412,44.2545,44.2545,0.000000,0
96.9000,30.639,46.0707,46.0707,0.000000,0
96.9500,35.290,46.0707,46.0707,0.000000,0
97.0000,35.128,56.1410,56.1410,0.000000,0
97.0500,49.457,56.1410,56.1410,0.000000,0
97.1000,33.240,47.0219,47.0219,0.000000,0
97.1500,33.432,47.0219,47.0219,0.000000,0
97.2000,35.818,46.7891,46.7891,0.000000,0
97.2500,34.979,46.7891,46.7891,0.000000,0
97.3000,29.471,56.2186,56.2186,0.000000,0
97.3500,38.420,56.2186,56.2186,0.000000,0
97.4000,33.222,55.9453,55.9453,0.000000,0
97.4500,38.041,55.9453,55.9453,0.000000,0
97.5000,30.575,44.3837,44.3837,0.000000,0
97.5500,41.131,44.3837,44.3837,0.000000,0
97.6000,39.682,57.1450,57.1450,0.000000,0
97.6500,44.518,57.1450,57.1450,0.000000,0
97.7000,33.157,40.8938,40.8938,0.000000,0
97.7500,30.848,40.8938,40.8938,0.000000,0
97.8000,37.969,55.5054,55.5054,0.000000,0
97.8500,35.353,55.5054,55.5054,0.000000,0
97.9000,38.955,46.3316,46.3316,0.000000,0
97.9500,49.919,46.3316,46.3316,0.000000,0
98.0000,49.735,42.4586,42.4586,0.000000,0
98.0500,49.035,42.4586,42.4586,0.000000,0
98.1000,37.919,60.9060,60.9060,0.000000,0
98.1500,39.939,60.9060,60.9060,0.000000,0
98.2000,40.482,49.6276,49.6276,0.000000,0
98.2500,38.664,49.6276,49.6276,0.000000,0
98.3000,35.698,59.1180,59.1180,0.000000,0
98.3500,31.411,59.1180,59.1180,0.000000,0
98.4000,42.992,54.8557,54.8557,0.000000,0
98.4500,35.673,54.8557,54.8557,0.000000,0
98.5000,40.473,51.0368,51.0368,0.000000,0
98.5500,34.016,51.0368,51.0368,0.000000,0
98.6000,38.310,54.4051,54.4051,0.000000,0
98.6500,54.450,54.4051,54.4051,0.000000,0
98.7000,31.077,70.0088,70.0088,0.000000,0
98.7500,35.593,70.0088,70.0088,0.000000,0
98.8000,44.935,42.2440,42.2440,0.000000,0
98.8500,39.951,42.2440,42.2440,0.000000,0
98.9000,39.031,48.8848,48.8848,0.000000,0
98.9500,49.395,48.8848,48.8848,0.000000,0
99.0000,47.900,45.0434,45.0434,0.000000,0
99.0500,35.341,45.0434,45.0434,0.000000,0
99.1000,57.739,57.9559,57.9559,0.000000,0
99.1500,39.564,57.9559,57.9559,0.000000,0
99.2000,35.981,56.5323,56.5323,0.000000,0
99.2500,31.099,56.5323,56.5323,0.000000,0
99.3000,37.760,52.9382,52.9382,0.000000,0
99.3500,41.148,52.9382,52.9382,0.000000,0
99.4000,45.540,40.1203,40.1203,0.000000,0
99.4500,55.824,40.1203,40.1203,0.000000,0
99.5000,38.544,55.1287,55.1287,0.000000,0
99.5500,37.666,55.1287,55.1287,0.000000,0
99.6000,37.613,40.5379,40.5379,0.000000,0
99.6500,35.714,40.5379,40.5379,0.000000,0
99.7000,35.539,41.4524,41.4524,0.000000,0
99.7500,49.627,41.4524,41.4524,0.000000,0
99.8000,38.527,43.5966,43.5966,0.000000,0
99.8500,65.200,43.5966,43.5966,0.000000,0
99.9000,30.573,52.8287,52.8287,0.000000,0
99.9500,30.507,52.8287,52.8287,0.000000,0
100.0000,34.566,47.5861,47.5861,0.000000,0
100.0500,38.771,47.5861,47.5861,0.000000,0
100.1000,39.277,55.8253,55.8253,0.000000,0
100.1500,70.386,55.8253,55.8253,0.000000,0
100.2000,53.062,49.3408,49.3408,0.000000,0
100.2500,58.521,49.3408,49.3408,0.000000,0
100.3000,50.548,43.7052,43.7052,0.000000,0
100.3500,37.082,43.7052,43.7052,0.000000,0
100.4000,34.376,58.8386,58.8386,0.000000,0
100.4500,38.560,58.8386,58.8386,0.000000,0
100.5000,37.839,60.4286,60.4286,0.000000,0
100.5500,40.984,60.4286,60.4286,0.000000,0
100.6000,37.521,44.0599,44.0599,0.000000,0
100.6500,45.049,44.0599,44.0599,0.000000,0
100.7000,38.280,49.8730,49.8730,0.000000,0
100.7500,34.279,49.8730,49.8730,0.000000,0
100.8000,37.572,54.8288,54.8288,0.000000,0
100.8500,47.827,54.8288,54.8288,0.000000,0
100.9000,49.228,57.7473,57.7473,0.000000,0
100.9500,44.426,57.7473,57.7473,0.000000,0
101.0000,34.712,65.8260,65.8260,0.000000,0
101.0500,59.882,65.8260,65.8260,0.000000,0
101.1000,48.096,46.6505,46.6505,0.000000,0
101.1500,35.687,46.6505,46.6505,0.000000,0
101.2000,74.355,66.6642,66.6642,0.000000,0
101.2500,39.759,66.6642,66.6642,0.000000,0
101.3000,38.923,31.6525,31.6525,0.000000,0
101.3500,38.638,31.6525,31.6525,0.000000,0
101.4000,48.513,20.0551,20.0551,0.000000,0
101.4500,40.782,20.0551,20.0551,0.000000,0
101.5000,36.540,45.0682,45.0682,0.000000,0
101.5500,33.261,45.0682,45.0682,0.000000,0
101.6000,39.368,39.6398,39.6398,0.000000,0
101.6500,31.665,39.6398,39.6398,0.000000,0
101.7000,30.255,46.1977,46.1977,0.000000,0
101.7500,35.296,46.1977,46.1977,0.000000,0
101.8000,121.243,51.0453,51.0453,0.000000,0
101.8500,101.211,51.0453,51.0453,0.000000,0
101.9000,65.059,39.9736,39.9736,0.000000,0
101.9500,69.779,39.9736,39.9736,0.000000,0
102.0000,58.676,49.8760,49.8760,0.000000,0
102.0500,56.631,49.8760,49.8760,0.000000,0
102.1000,60.388,48.9729,48.9729,0.000000,0
102.1500,54.486,48.9729,48.9729,0.000000,0
102.2000,60.074,37.9764,37.9764,0.000000,0
102.2500,53.933,37.9764,37.9764,0.000000,0
102.3000,68.664,35.1845,35.1845,0.000000,0
102.3500,51.302,35.1845,35.1845,0.000000,0
102.4000,56.197,58.7055,58.7055,0.000000,0
102.4500,55.338,58.7055,58.7055,0.000000,0
102.5000,60.462,43.7677,43.7677,0.000000,0
102.5500,53.769,43.7677,43.7677,0.000000,0
102.6000,58.901,49.0186,49.0186,0.000000,0
102.6500,51.133,49.0186,49.0186,0.000000,0
102.7000,57.194,52.1383,52.1383,0.000000,0
102.7500,54.136,52.1383,52.1383,0.000000,0
102.8000,64.817,35.2567,35.2567,0.000000,0
102.8500,64.664,35.2567,35.2567,0.000000,0
102.9000,57.523,44.8325,44.8325,0.000000,0
102.9500,50.812,44.8325,44.8325,0.000000,0
103.0000,51.114,50.4879,50.4879,0.000000,0
103.0500,70.089,50.4879,50.4879,0.000000,0
103.1000,54.104,43.4713,43.4713,0.000000,0
103.1500,54.658,43.4713,43.4713,0.000000,0
103.2000,69.025,40.2153,40.2153,0.000000,0
103.2500,50.775,40.2153,40.2153,0.000000,0
103.3000,50.517,61.8380,61.8380,0.000000,0
103.3500,60.413,61.8380,61.8380,0.000000,0
103.4000,53.872,39.6842,39.6842,0.000000,0
103.4500,59.648,39.6842,39.6842,0.000000,0
103.5000,69.316,58.1025,58.1025,0.000000,0
103.5500,52.737,58.1025,58.1025,0.000000,0
103.6000,57.121,45.2876,45.2876,0.000000,0
103.6500,59.257,45.2876,45.2876,0.000000,0
103.7000,54.102,41.7959,41.7959,0.000000,0
103.7500,53.647,41.7959,41.7959,0.000000,0
103.8000,58.443,47.7594,47.7594,0.000000,0
103.8500,50.645,47.7594,47.7594,0.000000,0
103.9000,56.556,55.8432,55.8432,0.000000,0
103.9500,59.808,55.8432,55.8432,0.000000,0
104.0000,54.591,41.2452,41.2452,0.000000,0
104.0500,53.680,41.2452,41.2452,0.000000,0
104.1000,53.311,49.4500,49.4500,0.000000,0
104.1500,53.310,49.4500,49.4500,0.000000,0
104.2000,57.030,54.3151,54.3151,0.000000,0
104.2500,60.610,54.3151,54.3151,0.000000,0
104.3000,54.233,55.3596,55.3596,0.000000,0
104.3500,53.754,55.3596,55.3596,0.000000,0
104.4000,63.905,47.0172,47.0172,0.000000,0
104.4500,57.668,47.0172,47.0172,0.000000,0
104.5000,50.825,44.2684,44.2684,0.000000,0
104.5500,54.676,44.2684,44.2684,0.000000,0
104.6000,53.550,51.8123,51.8123,0.000000,0
104.6500,53.053,51.8123,51.8123,0.000000,0
104.7000,63.368,43.2542,43.2542,0.000000,0
104.7500,50.192,43.2542,43.2542,0.000000,0
104.8000,55.069,51.8449,51.8449,0.000000,0
104.8500,54.678,51.8449,51.8449,0.000000,0
104.9000,53.419,43.2378,43.2378,0.000000,0
104.9500,59.594,43.2378,43.2378,0.000000,0
105.0000,53.041,41.8009,41.8009,0.000000,0
105.0500,57.983,41.8009,41.8009,0.000000,0
105.1000,57.514,41.5642,41.5642,0.000000,0
105.1500,55.422,41.5642,41.5642,0.000000,0
105.2000,60.340,52.4913,52.4913,0.000000,0
105.2500,59.957,52.4913,52.4913,0.000000,0
105.3000,58.738,44.9957,44.9957,0.000000,0
105.3500,69.557,44.9957,44.9957,0.000000,0
105.4000,57.658,47.9674,47.9674,0.000000,0
105.4500,55.589,47.9674,47.9674,0.000000,0
105.5000,55.049,54.3263,54.3263,0.000000,0
105.5500,59.418,54.3263,54.3263,0.000000,0
105.6000,53.614,40.0076,40.0076,0.000000,0
105.6500,56.880,40.0076,40.0076,0.000000,0
105.7000,60.554,60.0837,60.0837,0.000000,0
105.7500,55.214,60.0837,60.0837,0.000000,0
105.8000,54.110,41.0021,41.0021,0.000000,0
105.8500,70.323,41.0021,41.0021,0.000000,0
105.9000,53.313,44.8441,44.8441,0.000000,0
105.9500,53.287,44.8441,44.8441,0.000000,0
106.0000,57.391,31.7635,31.7635,0.000000,0
106.0500,60.101,31.7635,31.7635,0.000000,0
106.1000,54.698,45.9420,45.9420,0.000000,0
106.1500,64.373,45.9420,45.9420,0.000000,0
106.2000,52.431,52.4661,52.4661,0.000000,0
106.2500,50.780,52.4661,52.4661,0.000000,0
106.3000,57.646,46.5936,46.5936,0.000000,0
106.3500,65.638,46.5936,46.5936,0.000000,0
106.4000,54.593,46.4827,46.4827,0.000000,0
106.4500,54.404,46.4827,46.4827,0.000000,0
106.5000,53.424,44.3819,44.3819,0.000000,0
106.5500,52.885,44.3819,44.3819,0.000000,0
106.6000,50.299,45.7227,45.7227,0.000000,0
106.6500,55.581,45.7227,45.7227,0.000000,0
106.7000,59.586,48.2001,48.2001,0.000000,0
106.7500,59.655,48.2001,48.2001,0.000000,0
106.8000,53.217,53.0471,53.0471,0.000000,0
106.8500,52.327,53.0471,53.0471,0.000000,0
106.9000,50.577,40.5721,40.5721,0.000000,0
106.9500,55.487,40.5721,40.5721,0.000000,0
107.0000,54.272,53.0248,53.0248,0.000000,0
107.0500,59.660,53.0248,53.0248,0.000000,0
107.1000,58.498,41.4577,41.4577,0.000000,0
107.1500,58.267,41.4577,41.4577,0.000000,0
107.2000,67.349,46.8550,46.8550,0.000000,0
107.2500,67.862,46.8550,46.8550,0.000000,0
107.3000,59.657,23.5248,23.5248,0.000000,0
107.3500,54.649,23.5248,23.5248,0.000000,0
107.4000,58.835,30.8008,30.8008,0.000000,0
107.4500,69.338,30.8008,30.8008,0.000000,0
107.5000,55.779,37.3874,37.3874,0.000000,0
107.5500,59.722,37.3874,37.3874,0.000000,0
107.6000,54.840,32.8005,32.8005,0.000000,0
107.6500,54.514,32.8005,32.8005,0.000000,0
107.7000,53.357,38.8328,38.8328,0.000000,0
107.7500,57.820,38.8328,38.8328,0.000000,0
107.8000,60.324,31.3120,31.3120,0.000000,0
107.8500,56.796,31.3120,31.3120,0.000000,0
107.9000,54.477,33.2533,33.2533,0.000000,0
107.9500,59.502,33.2533,33.2533,0.000000,0
108.0000,59.150,35.1328,35.1328,0.000000,0
108.0500,68.018,35.1328,35.1328,0.000000,0
108.1000,55.766,30.2963,30.2963,0.000000,0
108.1500,60.501,30.2963,30.2963,0.000000,0
108.2000,59.756,36.2520,36.2520,0.000000,0
108.2500,54.739,36.2520,36.2520,0.000000,0
108.3000,53.074,44.3793,44.3793,0.000000,0
108.3500,57.641,44.3793,44.3793,0.000000,0
108.4000,56.297,36.1560,36.1560,0.000000,0
108.4500,60.321,36.1560,36.1560,0.000000,0
108.5000,70.593,37.4964,37.4964,0.000000,0
108.5500,54.530,37.4964,37.4964,0.000000,0
108.6000,53.453,45.5070,45.5070,0.000000,0
108.6500,69.234,45.5070,45.5070,0.000000,0
108.7000,50.583,38.1001,38.1001,0.000000,0
108.7500,56.625,38.1001,38.1001,0.000000,0
108.8000,54.443,31.7764,31.7764,0.000000,0
108.8500,54.413,31.7764,31.7764,0.000000,0
108.9000,53.032,43.2618,43.2618,0.000000,0
108.9500,57.489,43.2618,43.2618,0.000000,0
109.0000,55.462,47.8213,47.8213,0.000000,0
109.0500,70.757,47.8213,47.8213,0.000000,0
109.1000,65.254,31.6740,31.6740,0.000000,0
109.1500,54.434,31.6740,31.6740,0.000000,0
109.2000,59.504,33.9379,33.9379,0.000000,0
109.2500,57.435,33.9379,33.9379,0.000000,0
109.3000,57.691,51.0629,51.0629,0.000000,0
109.3500,72.749,51.0629,51.0629,0.000000,0
109.4000,64.855,44.0303,44.0303,0.000000,0
109.4500,54.237,44.0303,44.0303,0.000000,0
109.5000,79.344,36.6076,36.6076,0.000000,0
109.5500,57.122,36.6076,36.6076,0.000000,0
109.6000,57.640,47.1009,47.1009,0.000000,0
109.6500,55.047,47.1009,47.1009,0.000000,0
109.7000,59.300,46.8374,46.8374,0.000000,0
109.7500,59.440,46.8374,46.8374,0.000000,0
109.8000,53.680,38.5029,38.5029,0.000000,0
109.8500,57.467,38.5029,38.5029,0.000000,0
109.9000,58.172,37.0545,37.0545,0.000000,0
109.9500,60.073,37.0545,37.0545,0.000000,0
110.0000,54.169,44.2671,44.2671,0.000000,0
110.0500,54.797,44.2671,44.2671,0.000000,0
110.1000,59.491,52.8974,52.8974,0.000000,0
110.1500,52.979,52.8974,52.8974,0.000000,0
110.2000,68.577,40.9021,40.9021,0.000000,0
110.2500,56.932,40.9021,40.9021,0.000000,0
110.3000,60.644,39.3149,39.3149,0.000000,0
110.3500,69.268,39.3149,39.3149,0.000000,0
110.4000,53.006,52.9530,52.9530,0.000000,0
110.4500,58.907,52.9530,52.9530,0.000000,0
110.5000,56.071,48.6551,48.6551,0.000000,0
110.5500,55.198,48.6551,48.6551,0.000000,0
110.6000,60.359,38.5253,38.5253,0.000000,0
110.6500,54.917,38.5253,38.5253,0.000000,0
110.7000,58.924,46.4087,46.4087,0.000000,0
110.7500,58.626,46.4087,46.4087,0.000000,0
110.8000,57.110,32.7113,32.7113,0.000000,0
110.8500,60.941,32.7113,32.7113,0.000000,0
110.9000,59.494,49.4348,49.4348,0.000000,0
110.9500,59.369,49.4348,49.4348,0.000000,0
111.0000,69.593,27.8238,27.8238,0.000000,0
111.0500,57.677,27.8238,27.8238,0.000000,0
111.1000,50.693,40.5452,40.5452,0.000000,0
111.1500,54.845,40.5452,40.5452,0.000000,0
111.2000,54.078,33.4777,33.4777,0.000000,0
111.2500,59.573,33.4777,33.4777,0.000000,0
111.3000,53.041,31.8173,31.8173,0.000000,0
111.3500,50.930,31.8173,31.8173,0.000000,0
111.4000,57.543,30.4606,30.4606,0.000000,0
111.4500,58.435,30.4606,30.4606,0.000000,0
111.5000,65.296,45.2605,45.2605,0.000000,0
111.5500,59.510,45.2605,45.2605,0.000000,0
111.6000,58.015,31.8423,31.8423,0.000000,0
111.6500,57.794,31.8423,31.8423,0.000000,0
111.7000,67.939,34.0800,34.0800,0.000000,0
111.7500,54.970,34.0800,34.0800,0.000000,0
111.8000,59.844,35.9053,35.9053,0.000000,0
111.8500,59.463,35.9053,35.9053,0.000000,0
111.9000,53.778,47.1990,47.1990,0.000000,0
111.9500,57.601,47.1990,47.1990,0.000000,0
112.0000,55.407,31.5405,31.5405,0.000000,0
112.0500,60.467,31.5405,31.5405,0.000000,0
112.1000,54.175,43.9300,43.9300,0.000000,0
112.1500,53.572,43.9300,43.9300,0.000000,0
112.2000,53.411,37.8887,37.8887,0.000000,0
112.2500,56.735,37.8887,37.8887,0.000000,0
112.3000,60.303,34.9017,34.9017,0.000000,0
112.3500,60.097,34.9017,34.9017,0.000000,0
112.4000,53.706,48.4342,48.4342,0.000000,0
112.4500,53.044,48.4342,48.4342,0.000000,0
112.5000,52.580,30.4408,30.4408,0.000000,0
112.5500,57.395,30.4408,30.4408,0.000000,0
112.6000,50.710,31.2010,31.2010,0.000000,0
112.6500,54.755,31.2010,31.2010,0.000000,0
112.7000,54.735,38.6009,38.6009,0.000000,0
112.7500,53.469,38.6009,38.6009,0.000000,0
112.8000,53.231,43.4843,43.4843,0.000000,0
112.8500,58.394,43.4843,43.4843,0.000000,0
112.9000,60.349,33.4502,33.4502,0.000000,0
112.9500,55.075,33.4502,33.4502,0.000000,0
113.0000,59.659,37.1426,37.1426,0.000000,0
113.0500,53.437,37.1426,37.1426,0.000000,0
113.1000,53.770,44.6097,44.6097,0.000000,0
113.1500,63.704,44.6097,44.6097,0.000000,0
113.2000,60.348,33.7875,33.7875,0.000000,0
113.2500,60.369,33.7875,33.7875,0.000000,0
113.3000,59.762,31.0815,31.0815,0.000000,0
113.3500,59.415,31.0815,31.0815,0.000000,0
113.4000,53.690,48.7327,48.7327,0.000000,0
113.4500,68.292,48.7327,48.7327,0.000000,0
113.5000,57.223,36.0529,36.0529,0.000000,0
113.5500,60.903,36.0529,36.0529,0.000000,0
113.6000,59.879,33.8901,33.8901,0.000000,0
113.6500,53.936,33.8901,33.8901,0.000000,0
113.7000,58.443,37.9823,37.9823,0.000000,0
113.7500,57.647,37.9823,37.9823,0.000000,0
113.8000,55.372,47.0895,47.0895,0.000000,0
113.8500,55.452,47.0895,47.0895,0.000000,0
113.9000,58.935,35.8433,35.8433,0.000000,0
113.9500,53.617,35.8433,35.8433,0.000000,0
114.0000,57.834,39.5351,39.5351,0.000000,0
114.0500,57.735,39.5351,39.5351,0.000000,0
114.1000,56.934,47.0680,47.0680,0.000000,0
114.1500,59.793,47.0680,47.0680,0.000000,0
114.2000,54.707,34.2227,34.2227,0.000000,0
114.2500,59.253,34.2227,34.2227,0.000000,0
114.3000,59.162,37.2798,37.2798,0.000000,0
114.3500,57.755,37.2798,37.2798,0.000000,0
114.4000,51.286,48.5503,48.5503,0.000000,0
114.4500,60.693,48.5503,48.5503,0.000000,0
114.5000,54.812,32.3291,32.3291,0.000000,0
114.5500,59.666,32.3291,32.3291,0.000000,0
114.6000,59.005,41.6625,41.6625,0.000000,0
114.6500,57.684,41.6625,41.6625,0.000000,0
114.7000,57.496,42.9339,42.9339,0.000000,0
114.7500,54.525,42.9339,42.9339,0.000000,0
114.8000,55.271,36.7293,36.7293,0.000000,0
114.8500,54.808,36.7293,36.7293,0.000000,0
114.9000,58.168,29.7396,29.7396,0.000000,0
114.9500,57.577,29.7396,29.7396,0.000000,0
115.0000,57.921,38.4021,38.4021,0.000000,0
115.0500,60.961,38.4021,38.4021,0.000000,0
115.1000,65.261,47.5331,47.5331,0.000000,0
115.1500,59.876,47.5331,47.5331,0.000000,0
115.2000,53.678,39.4282,39.4282,0.000000,0
115.2500,69.453,39.4282,39.4282,0.000000,0
115.3000,63.222,34.3380,34.3380,0.000000,0
115.3500,55.014,34.3380,34.3380,0.000000,0
115.4000,55.446,41.9962,41.9962,0.000000,0
115.4500,70.178,41.9962,41.9962,0.000000,0
115.5000,53.189,44.1761,44.1761,0.000000,0
115.5500,63.716,44.1761,44.1761,0.000000,0
115.6000,57.731,31.9850,31.9850,0.000000,0
115.6500,65.732,31.9850,31.9850,0.000000,0
115.7000,59.498,41.4565,41.4565,0.000000,0
115.7500,53.382,41.4565,41.4565,0.000000,0
115.8000,58.885,41.3236,41.3236,0.000000,0
115.8500,68.836,41.3236,41.3236,0.000000,0
115.9000,67.707,38.3041,38.3041,0.000000,0
115.9500,55.536,38.3041,38.3041,0.000000,0
116.0000,60.326,29.7719,29.7719,0.000000,0
116.0500,53.578,29.7719,29.7719,0.000000,0
116.1000,53.350,31.9894,31.9894,0.000000,0
116.1500,58.698,31.9894,31.9894,0.000000,0
116.2000,62.679,34.5425,34.5425,0.000000,0
116.2500,71.086,34.5425,34.5425,0.000000,0
116.3000,54.396,21.9655,21.9655,0.000000,0
116.3500,53.530,21.9655,21.9655,0.000000,0
116.4000,59.255,26.3752,26.3752,0.000000,0
116.4500,57.520,26.3752,26.3752,0.000000,0
116.5000,55.450,34.7096,34.7096,0.000000,0
116.5500,60.755,34.7096,34.7096,0.000000,0
116.6000,69.549,37.0459,37.0459,0.000000,0
116.6500,75.679,37.0459,37.0459,0.000000,0
116.7000,73.856,30.7772,30.7772,0.000000,0
116.7500,113.460,30.7772,30.7772,0.000000,0
116.8000,133.569,41.2291,41.2291,0.000000,0
116.8500,106.435,41.2291,41.2291,0.000000,0
116.9000,49.036,30.2980,30.2980,0.000000,0
116.9500,36.712,30.2980,30.2980,0.000000,0
117.0000,48.983,25.3453,25.3453,0.000000,0
117.0500,48.326,25.3453,25.3453,0.000000,0
117.1000,35.200,26.2972,26.2972,0.000000,0
117.1500,45.190,26.2972,26.2972,0.000000,0
117.2000,34.608,28.2185,28.2185,0.000000,0
117.2500,60.042,28.2185,28.2185,0.000000,0
117.3000,35.960,34.7815,34.7815,0.000000,0
117.3500,48.410,34.7815,34.7815,0.000000,0
117.4000,51.802,27.6762,27.6762,0.000000,0
117.4500,50.929,27.6762,27.6762,0.000000,0
117.5000,50.415,24.2822,24.2822,0.000000,0
117.5500,38.385,24.2822,24.2822,0.000000,0
117.6000,38.115,33.7927,33.7927,0.000000,0
117.6500,41.266,33.7927,33.7927,0.000000,0
117.7000,40.883,25.4995,25.4995,0.000000,0
117.7500,44.885,25.4995,25.4995,0.000000,0
117.8000,34.751,33.2845,33.2845,0.000000,0
117.8500,43.249,33.2845,33.2845,0.000000,0
117.9000,38.456,27.3234,27.3234,0.000000,0
117.9500,40.840,27.3234,27.3234,0.000000,0
118.0000,40.989,26.8581,26.8581,0.000000,0
118.0500,44.766,26.8581,26.8581,0.000000,0
118.1000,35.011,34.4658,34.4658,0.000000,0
118.1500,34.745,34.4658,34.4658,0.000000,0
118.2000,48.347,22.8705,22.8705,0.000000,0
118.2500,41.785,22.8705,22.8705,0.000000,0
118.3000,40.387,32.2138,32.2138,0.000000,0
118.3500,39.919,32.2138,32.2138,0.000000,0
118.4000,44.593,38.0685,38.0685,0.000000,0
118.4500,48.912,38.0685,38.0685,0.000000,0
118.5000,49.033,28.3858,28.3858,0.000000,0
118.5500,47.489,28.3858,28.3858,0.000000,0
118.6000,36.089,31.1906,31.1906,0.000000,0
118.6500,34.939,31.1906,31.1906,0.000000,0
118.7000,44.174,39.5224,39.5224,0.000000,0
118.7500,38.987,39.5224,39.5224,0.000000,0
118.8000,54.159,32.0854,32.0854,0.000000,0
118.8500,41.626,32.0854,32.0854,0.000000,0
118.9000,35.817,28.6023,28.6023,0.000000,0
118.9500,34.622,28.6023,28.6023,0.000000,0
119.0000,34.573,28.9811,28.9811,0.000000,0
119.0500,59.221,28.9811,28.9811,0.000000,0
119.1000,38.065,31.4250,31.4250,0.000000,0
119.1500,48.035,31.4250,31.4250,0.000000,0
119.2000,34.579,37.1630,37.1630,0.000000,0
119.2500,36.338,37.1630,37.1630,0.000000,0
119.3000,34.417,34.3990,34.3990,0.000000,0
119.3500,48.948,34.3990,34.3990,0.000000,0
119.4000,42.622,31.5165,31.5165,0.000000,0
119.4500,40.207,31.5165,31.5165,0.000000,0
119.5000,39.897,35.0182,35.0182,0.000000,0
119.5500,34.597,35.0182,35.0182,0.000000,0
119.6000,33.390,28.8694,28.8694,0.000000,0
119.6500,49.592,28.8694,28.8694,0.000000,0
119.7000,48.563,33.6669,33.6669,0.000000,0
