t_s,rtt_ms,capacity_mbps,cubic_goodput_mbps,loss_p,reconfig
0.0000,38.595,20.3976,20.3976,0.000000,0
0.0500,26.862,20.3976,20.3976,0.000000,0
0.1000,30.604,18.3750,18.3750,0.000000,0
0.1500,30.994,18.3750,18.3750,0.000000,0
0.2000,33.154,27.5070,27.5070,0.000000,0
0.2500,34.232,27.5070,27.5070,0.000000,0
0.3000,30.782,20.8965,20.8965,0.000000,0
0.3500,29.416,20.8965,20.8965,0.000000,0
0.4000,30.932,24.6672,24.6672,0.000000,0
0.4500,27.581,24.6672,24.6672,0.000000,0
0.5000,32.022,36.9415,36.9415,0.000000,0
0.5500,33.476,36.9415,36.9415,0.000000,0
0.6000,27.775,38.5459,38.5459,0.000000,0
0.6500,31.250,38.5459,38.5459,0.000000,0
0.7000,31.493,44.7730,44.7730,0.000000,0
0.7500,32.227,44.7730,44.7730,0.000000,0
0.8000,33.222,51.3849,51.3849,0.000000,0
0.8500,35.798,51.3849,51.3849,0.000000,0
0.9000,31.513,34.1374,34.1374,0.000000,0
0.9500,27.857,34.1374,34.1374,0.000000,0
1.0000,26.623,41.0013,41.0013,0.000000,0
1.0500,25.057,41.0013,41.0013,0.000000,0
1.1000,30.338,45.2133,45.2133,0.000000,0
1.1500,28.072,45.2133,45.2133,0.000000,0
1.2000,32.693,59.6568,59.6568,0.000000,0
1.2500,29.400,59.6568,59.6568,0.000000,0
1.3000,39.570,67.3594,67.3594,0.000000,0
1.3500,48.039,67.3594,67.3594,0.000000,0
1.4000,77.707,94.2495,94.2495,0.000000,0
1.4500,67.825,94.2495,94.2495,0.000000,0
1.5000,28.728,88.7825,88.7825,0.000000,0
1.5500,27.777,88.7825,88.7825,0.000000,0
1.6000,28.050,104.6487,104.6487,0.000000,0
1.6500,34.603,104.6487,104.6487,0.000000,0
1.7000,27.642,90.8260,90.8260,0.000000,0
1.7500,38.079,90.8260,90.8260,0.000000,0
1.8000,39.669,101.8229,101.8229,0.000000,0
1.8500,30.452,101.8229,101.8229,0.000000,0
1.9000,31.162,115.9432,115.9432,0.000000,0
1.9500,27.584,115.9432,115.9432,0.000000,0
2.0000,35.998,89.2716,89.2716,0.000000,0
2.0500,37.844,89.2716,89.2716,0.000000,0
2.1000,27.894,133.4247,133.4247,0.000000,0
2.1500,42.096,133.4247,133.4247,0.000000,0
2.2000,45.432,83.8670,83.8670,0.000000,0
2.2500,37.219,83.8670,83.8670,0.000000,0
2.3000,41.798,95.8379,95.8379,0.000000,0
2.3500,29.929,95.8379,95.8379,0.000000,0
2.4000,35.331,68.5923,68.5923,0.000000,0
2.4500,29.942,68.5923,68.5923,0.000000,0
2.5000,47.747,90.9696,90.9696,0.000000,0
2.5500,31.257,90.9696,90.9696,0.000000,0
2.6000,32.377,98.8999,98.8999,0.000000,0
2.6500,34.315,98.8999,98.8999,0.000000,0
2.7000,31.776,70.8929,70.8929,0.000000,0
2.7500,40.799,70.8929,70.8929,0.000000,0
2.8000,36.440,87.1964,87.1964,0.000000,0
2.8500,39.936,87.1964,87.1964,0.000000,0
2.9000,30.024,83.9703,83.9703,0.000000,0
2.9500,38.347,83.9703,83.9703,0.000000,0
3.0000,33.503,85.3214,85.3214,0.000000,0
3.0500,31.751,85.3214,85.3214,0.000000,0
3.1000,32.829,86.7779,86.7779,0.000000,0
3.1500,35.614,86.7779,86.7779,0.000000,0
3.2000,46.089,81.6854,81.6854,0.000000,0
3.2500,34.162,81.6854,81.6854,0.000000,0
3.3000,35.284,86.7103,86.7103,0.000000,0
3.3500,37.530,86.7103,86.7103,0.000000,0
3.4000,26.646,63.9488,63.9488,0.000000,0
3.4500,47.803,63.9488,63.9488,0.000000,0
3.5000,37.036,88.3830,88.3830,0.000000,0
3.5500,38.350,88.3830,88.3830,0.000000,0
3.6000,39.978,77.3293,77.3293,0.000000,0
3.6500,29.835,77.3293,77.3293,0.000000,0
3.7000,31.204,67.6953,67.6953,0.000000,0
3.7500,37.619,67.6953,67.6953,0.000000,0
3.8000,33.595,64.0928,64.0928,0.000000,0
3.8500,53.546,64.0928,64.0928,0.000000,0
3.9000,38.214,64.4604,64.4604,0.000000,0
3.9500,35.364,64.4604,64.4604,0.000000,0
4.0000,33.545,64.6705,64.6705,0.000000,0
4.0500,37.396,64.6705,64.6705,0.000000,0
4.1000,33.916,67.3607,67.3607,0.000000,0
4.1500,29.036,67.3607,67.3607,0.000000,0
4.2000,35.537,76.2432,76.2432,0.000000,0
4.2500,32.608,76.2432,76.2432,0.000000,0
4.3000,48.218,69.5760,69.5760,0.000000,0
4.3500,39.696,69.5760,69.5760,0.000000,0
4.4000,31.973,73.6091,73.6091,0.000000,0
4.4500,31.010,73.6091,73.6091,0.000000,0
4.5000,33.618,72.5550,72.5550,0.000000,0
4.5500,34.030,72.5550,72.5550,0.000000,0
4.6000,32.095,75.4487,75.4487,0.000000,0
4.6500,26.884,75.4487,75.4487,0.000000,0
4.7000,27.743,75.3607,75.3607,0.000000,0
4.7500,33.568,75.3607,75.3607,0.000000,0
4.8000,29.882,79.1812,79.1812,0.000000,0
4.8500,37.466,79.1812,79.1812,0.000000,0
4.9000,31.751,69.0601,69.0601,0.000000,0
4.9500,30.099,69.0601,69.0601,0.000000,0
5.0000,34.063,62.3065,62.3065,0.000000,0
5.0500,29.985,62.3065,62.3065,0.000000,0
5.1000,31.252,51.7386,51.7386,0.000000,0
5.1500,29.711,51.7386,51.7386,0.000000,0
5.2000,26.862,45.2776,45.2776,0.000000,0
5.2500,27.769,45.2776,45.2776,0.000000,0
5.3000,43.772,56.0998,56.0998,0.000000,0
5.3500,33.973,56.0998,56.0998,0.000000,0
5.4000,33.244,52.2972,52.2972,0.000000,0
5.4500,38.598,52.2972,52.2972,0.000000,0
5.5000,41.460,58.5227,58.5227,0.000000,0
5.5500,43.794,58.5227,58.5227,0.000000,0
5.6000,41.511,59.7557,59.7557,0.000000,0
5.6500,33.538,59.7557,59.7557,0.000000,0
5.7000,35.818,65.7791,65.7791,0.000000,0
5.7500,38.559,65.7791,65.7791,0.000000,0
5.8000,34.681,55.2924,55.2924,0.000000,0
5.8500,44.172,55.2924,55.2924,0.000000,0
5.9000,28.004,46.1773,46.1773,0.000000,0
5.9500,37.131,46.1773,46.1773,0.000000,0
6.0000,34.920,62.3315,62.3315,0.000000,0
6.0500,31.143,62.3315,62.3315,0.000000,0
6.1000,29.816,59.9233,59.9233,0.000000,0
6.1500,31.840,59.9233,59.9233,0.000000,0
6.2000,39.262,63.9124,63.9124,0.000000,0
6.2500,31.488,63.9124,63.9124,0.000000,0
6.3000,30.120,55.0074,55.0074,0.000000,0
6.3500,32.569,55.0074,55.0074,0.000000,0
6.4000,40.986,49.7100,49.7100,0.000000,0
6.4500,28.077,49.7100,49.7100,0.000000,0
6.5000,25.829,44.9070,44.9070,0.000000,0
6.5500,30.966,44.9070,44.9070,0.000000,0
6.6000,26.863,73.1092,73.1092,0.000000,0
6.6500,36.927,73.1092,73.1092,0.000000,0
6.7000,26.539,72.7506,72.7506,0.000000,0
6.7500,44.860,72.7506,72.7506,0.000000,0
6.8000,32.770,62.3211,62.3211,0.000000,0
6.8500,36.970,62.3211,62.3211,0.000000,0
6.9000,33.530,58.5605,58.5605,0.000000,0
6.9500,40.958,58.5605,58.5605,0.000000,0
7.0000,39.048,59.3965,59.3965,0.000000,0
7.0500,34.200,59.3965,59.3965,0.000000,0
7.1000,29.184,60.8524,60.8524,0.000000,0
7.1500,33.660,60.8524,60.8524,0.000000,0
7.2000,28.637,59.5390,59.5390,0.000000,0
7.2500,33.206,59.5390,59.5390,0.000000,0
7.3000,26.970,61.2774,61.2774,0.000000,0
7.3500,37.881,61.2774,61.2774,0.000000,0
7.4000,31.834,58.3394,58.3394,0.000000,0
7.4500,40.266,58.3394,58.3394,0.000000,0
7.5000,33.424,63.2631,63.2631,0.000000,0
7.5500,32.800,63.2631,63.2631,0.000000,0
7.6000,31.426,64.7214,64.7214,0.000000,0
7.6500,34.059,64.7214,64.7214,0.000000,0
7.7000,35.379,67.0718,67.0718,0.000000,0
7.7500,33.610,67.0718,67.0718,0.000000,0
7.8000,27.841,55.8893,55.8893,0.000000,0
7.8500,39.267,55.8893,55.8893,0.000000,0
7.9000,28.686,58.3213,58.3213,0.000000,0
7.9500,29.697,58.3213,58.3213,0.000000,0
8.0000,39.828,64.8754,64.8754,0.000000,0
8.0500,30.730,64.8754,64.8754,0.000000,0
8.1000,33.536,61.6463,61.6463,0.000000,0
8.1500,29.769,61.6463,61.6463,0.000000,0
8.2000,31.814,62.0535,62.0535,0.000000,0
8.2500,36.335,62.0535,62.0535,0.000000,0
8.3000,33.254,59.6211,59.6211,0.000000,0
8.3500,37.196,59.6211,59.6211,0.000000,0
8.4000,31.045,61.2119,61.2119,0.000000,0
8.4500,41.378,61.2119,61.2119,0.000000,0
8.5000,27.951,70.4275,70.4275,0.000000,0
8.5500,38.057,70.4275,70.4275,0.000000,0
8.6000,27.376,55.6898,55.6898,0.000000,0
8.6500,31.984,55.6898,55.6898,0.000000,0
8.7000,31.430,61.6811,61.6811,0.000000,0
8.7500,35.429,61.6811,61.6811,0.000000,0
8.8000,31.635,61.8580,61.8580,0.000000,0
8.8500,36.115,61.8580,61.8580,0.000000,0
8.9000,39.225,73.5583,73.5583,0.000000,0
8.9500,27.784,73.5583,73.5583,0.000000,0
9.0000,33.693,53.4266,53.4266,0.000000,0
9.0500,33.808,53.4266,53.4266,0.000000,0
9.1000,35.699,63.4354,63.4354,0.000000,0
9.1500,36.414,63.4354,63.4354,0.000000,0
9.2000,33.633,67.6171,67.6171,0.000000,0
9.2500,33.693,67.6171,67.6171,0.000000,0
9.3000,27.462,70.5550,70.5550,0.000000,0
9.3500,34.749,70.5550,70.5550,0.000000,0
9.4000,33.510,58.0909,58.0909,0.000000,0
9.4500,27.615,58.0909,58.0909,0.000000,0
9.5000,33.400,63.0595,63.0595,0.000000,0
9.5500,32.151,63.0595,63.0595,0.000000,0
9.6000,37.671,72.5409,72.5409,0.000000,0
9.6500,33.864,72.5409,72.5409,0.000000,0
9.7000,29.808,69.9711,69.9711,0.000000,0
9.7500,37.348,69.9711,69.9711,0.000000,0
9.8000,27.510,63.9757,63.9757,0.000000,0
9.8500,31.830,63.9757,63.9757,0.000000,0
9.9000,33.075,66.2469,66.2469,0.000000,0
9.9500,29.915,66.2469,66.2469,0.000000,0
10.0000,30.742,69.8207,69.8207,0.000000,0
10.0500,32.095,69.8207,69.8207,0.000000,0
10.1000,33.787,68.4865,68.4865,0.000000,0
10.1500,31.977,68.4865,68.4865,0.000000,0
10.2000,38.946,63.2418,63.2418,0.000000,0
10.2500,26.763,63.2418,63.2418,0.000000,0
10.3000,35.891,54.8968,54.8968,0.000000,0
10.3500,26.021,54.8968,54.8968,0.000000,0
10.4000,31.985,64.8573,64.8573,0.000000,0
10.4500,28.749,64.8573,64.8573,0.000000,0
10.5000,44.260,62.0876,62.0876,0.000000,0
10.5500,45.981,62.0876,62.0876,0.000000,0
10.6000,27.989,62.7405,62.7405,0.000000,0
10.6500,49.919,62.7405,62.7405,0.000000,0
10.7000,47.243,57.5562,57.5562,0.000000,0
10.7500,47.530,57.5562,57.5562,0.000000,0
10.8000,35.497,66.4960,66.4960,0.000000,0
10.8500,27.336,66.4960,66.4960,0.000000,0
10.9000,33.881,62.2881,62.2881,0.000000,0
10.9500,27.757,62.2881,62.2881,0.000000,0
11.0000,27.883,77.3688,77.3688,0.000000,0
11.0500,35.686,77.3688,77.3688,0.000000,0
11.1000,27.858,88.0933,88.0933,0.000000,0
11.1500,30.805,88.0933,88.0933,0.000000,0
11.2000,29.469,67.8100,67.8100,0.000000,0
11.2500,28.807,67.8100,67.8100,0.000000,0
11.3000,34.116,19.2651,19.2651,0.000000,0
11.3500,33.833,19.2651,19.2651,0.000000,0
11.4000,33.876,52.3030,52.3030,0.000000,0
11.4500,33.395,52.3030,52.3030,0.000000,0
11.5000,37.635,39.5589,39.5589,0.000000,0
11.5500,26.572,39.5589,39.5589,0.000000,0
11.6000,25.048,37.6218,37.6218,0.000000,0
11.6500,27.491,37.6218,37.6218,0.000000,0
11.7000,34.787,46.0693,46.0693,0.000000,0
11.7500,101.394,46.0693,46.0693,0.000000,0
11.8000,61.511,51.0280,51.0280,0.000000,0
11.8500,34.418,51.0280,51.0280,0.000000,0
11.9000,39.547,49.7088,49.7088,0.000000,0
11.9500,35.511,49.7088,49.7088,0.000000,0
12.0000,31.596,56.5463,56.5463,0.000000,0
12.0500,40.829,56.5463,56.5463,0.000000,0
12.1000,31.848,54.5829,54.5829,0.000000,0
12.1500,32.277,54.5829,54.5829,0.000000,0
12.2000,29.867,50.4627,50.4627,0.000000,0
12.2500,29.670,50.4627,50.4627,0.000000,0
12.3000,27.677,50.9942,50.9942,0.000000,0
12.3500,40.376,50.9942,50.9942,0.000000,0
12.4000,40.182,61.0215,61.0215,0.000000,0
12.4500,33.330,61.0215,61.0215,0.000000,0
12.5000,31.127,55.2338,55.2338,0.000000,0
12.5500,42.263,55.2338,55.2338,0.000000,0
12.6000,38.859,51.8891,51.8891,0.000000,0
12.6500,27.896,51.8891,51.8891,0.000000,0
12.7000,43.218,56.7887,56.7887,0.000000,0
12.7500,27.456,56.7887,56.7887,0.000000,0
12.8000,32.156,50.1852,50.1852,0.000000,0
12.8500,30.508,50.1852,50.1852,0.000000,0
12.9000,27.627,58.9308,58.9308,0.000000,0
12.9500,34.438,58.9308,58.9308,0.000000,0
13.0000,32.238,56.8122,56.8122,0.000000,0
13.0500,30.207,56.8122,56.8122,0.000000,0
13.1000,41.021,60.5488,60.5488,0.000000,0
13.1500,33.858,60.5488,60.5488,0.000000,0
13.2000,36.261,63.6003,63.6003,0.000000,0
13.2500,31.303,63.6003,63.6003,0.000000,0
13.3000,29.202,63.1432,63.1432,0.000000,0
13.3500,27.097,63.1432,63.1432,0.000000,0
13.4000,26.338,59.6241,59.6241,0.000000,0
13.4500,27.118,59.6241,59.6241,0.000000,0
13.5000,27.372,67.3194,67.3194,0.000000,0
13.5500,38.881,67.3194,67.3194,0.000000,0
13.6000,30.690,55.0655,55.0655,0.000000,0
13.6500,38.881,55.0655,55.0655,0.000000,0
13.7000,31.752,59.1053,59.1053,0.000000,0
13.7500,40.683,59.1053,59.1053,0.000000,0
13.8000,37.832,58.1257,58.1257,0.000000,0
13.8500,40.480,58.1257,58.1257,0.000000,0
13.9000,39.505,66.0018,66.0018,0.000000,0
13.9500,30.378,66.0018,66.0018,0.000000,0
14.0000,37.509,59.9638,59.9638,0.000000,0
14.0500,39.969,59.9638,59.9638,0.000000,0
14.1000,27.663,73.8519,73.8519,0.000000,0
14.1500,33.987,73.8519,73.8519,0.000000,0
14.2000,28.546,54.5668,54.5668,0.000000,0
14.2500,35.697,54.5668,54.5668,0.000000,0
14.3000,33.265,63.3328,63.3328,0.000000,0
14.3500,37.043,63.3328,63.3328,0.000000,0
14.4000,35.972,63.8833,63.8833,0.000000,0
14.4500,35.904,63.8833,63.8833,0.000000,0
14.5000,35.179,64.7861,64.7861,0.000000,0
14.5500,33.943,64.7861,64.7861,0.000000,0
14.6000,29.616,64.3547,64.3547,0.000000,0
14.6500,36.078,64.3547,64.3547,0.000000,0
14.7000,31.879,63.4205,63.4205,0.000000,0
14.7500,30.229,63.4205,63.4205,0.000000,0
14.8000,27.318,66.3145,66.3145,0.000000,0
14.8500,29.841,66.3145,66.3145,0.000000,0
14.9000,31.711,65.6993,65.6993,0.000000,0
14.9500,39.919,65.6993,65.6993,0.000000,0
15.0000,35.279,63.7232,63.7232,0.000000,0
15.0500,33.362,63.7232,63.7232,0.000000,0
15.1000,31.754,69.6475,69.6475,0.000000,0
15.1500,33.117,69.6475,69.6475,0.000000,0
15.2000,34.345,72.2790,72.2790,0.000000,0
15.2500,29.707,72.2790,72.2790,0.000000,0
15.3000,46.203,50.5754,50.5754,0.000000,0
15.3500,29.753,50.5754,50.5754,0.000000,0
15.4000,28.833,76.5722,76.5722,0.000000,0
15.4500,29.955,76.5722,76.5722,0.000000,0
15.5000,33.857,53.4074,53.4074,0.000000,0
15.5500,31.615,53.4074,53.4074,0.000000,0
15.6000,39.509,60.8250,60.8250,0.000000,0
15.6500,31.690,60.8250,60.8250,0.000000,0
15.7000,32.176,57.6204,57.6204,0.000000,0
15.7500,31.412,57.6204,57.6204,0.000000,0
15.8000,27.433,70.4815,70.4815,0.000000,0
15.8500,27.794,70.4815,70.4815,0.000000,0
15.9000,27.502,42.6982,42.6982,0.000000,0
15.9500,28.184,42.6982,42.6982,0.000000,0
16.0000,37.662,64.4961,64.4961,0.000000,0
16.0500,39.020,64.4961,64.4961,0.000000,0
16.1000,28.174,50.4960,50.4960,0.000000,0
16.1500,37.194,50.4960,50.4960,0.000000,0
16.2000,38.424,35.3878,35.3878,0.000000,0
16.2500,34.022,35.3878,35.3878,0.000000,0
16.3000,44.151,58.8184,58.8184,0.000000,0
16.3500,41.973,58.8184,58.8184,0.000000,0
16.4000,34.942,38.7168,38.7168,0.000000,0
16.4500,53.955,38.7168,38.7168,0.000000,0
16.5000,43.171,50.7144,50.7144,0.000000,0
16.5500,31.862,50.7144,50.7144,0.000000,0
16.6000,29.256,53.3935,53.3935,0.000000,0
16.6500,35.457,53.3935,53.3935,0.000000,0
16.7000,27.700,49.9922,49.9922,0.000000,0
16.7500,29.597,49.9922,49.9922,0.000000,0
16.8000,31.293,50.1157,50.1157,0.000000,0
16.8500,35.950,50.1157,50.1157,0.000000,0
16.9000,33.750,49.2232,49.2232,0.000000,0
16.9500,24.834,49.2232,49.2232,0.000000,0
17.0000,31.269,56.7317,56.7317,0.000000,0
17.0500,34.234,56.7317,56.7317,0.000000,0
17.1000,27.730,45.3350,45.3350,0.000000,0
17.1500,24.544,45.3350,45.3350,0.000000,0
17.2000,35.752,53.3143,53.3143,0.000000,0
17.2500,31.615,53.3143,53.3143,0.000000,0
17.3000,27.188,51.1944,51.1944,0.000000,0
17.3500,33.352,51.1944,51.1944,0.000000,0
17.4000,28.558,57.0637,57.0637,0.000000,0
17.4500,32.170,57.0637,57.0637,0.000000,0
17.5000,30.841,54.4019,54.4019,0.000000,0
17.5500,29.862,54.4019,54.4019,0.000000,0
17.6000,27.279,54.5178,54.5178,0.000000,0
17.6500,33.845,54.5178,54.5178,0.000000,0
17.7000,32.957,45.4959,45.4959,0.000000,0
17.7500,34.117,45.4959,45.4959,0.000000,0
17.8000,33.362,57.7600,57.7600,0.000000,0
17.8500,29.634,57.7600,57.7600,0.000000,0
17.9000,29.914,62.0708,62.0708,0.000000,0
17.9500,31.979,62.0708,62.0708,0.000000,0
18.0000,31.980,53.2803,53.2803,0.000000,0
18.0500,31.853,53.2803,53.2803,0.000000,0
18.1000,27.906,54.2255,54.2255,0.000000,0
18.1500,35.697,54.2255,54.2255,0.000000,0
18.2000,45.651,46.3141,46.3141,0.000000,0
18.2500,29.534,46.3141,46.3141,0.000000,0
18.3000,34.312,47.7155,47.7155,0.000000,0
18.3500,37.395,47.7155,47.7155,0.000000,0
18.4000,31.137,55.2196,55.2196,0.000000,0
18.4500,43.977,55.2196,55.2196,0.000000,0
18.5000,36.186,50.2515,50.2515,0.000000,0
18.5500,29.512,50.2515,50.2515,0.000000,0
18.6000,40.442,46.8821,46.8821,0.000000,0
18.6500,29.283,46.8821,46.8821,0.000000,0
18.7000,42.822,37.8134,37.8134,0.000000,0
18.7500,37.621,37.8134,37.8134,0.000000,0
18.8000,53.907,56.4592,56.4592,0.000000,0
18.8500,37.458,56.4592,56.4592,0.000000,0
18.9000,41.623,55.3356,55.3356,0.000000,0
18.9500,53.847,55.3356,55.3356,0.000000,0
19.0000,47.949,35.9103,35.9103,0.000000,0
19.0500,40.849,35.9103,35.9103,0.000000,0
19.1000,32.980,41.1074,41.1074,0.000000,0
19.1500,31.257,41.1074,41.1074,0.000000,0
19.2000,31.760,31.7667,31.7667,0.000000,0
19.2500,43.980,31.7667,31.7667,0.000000,0
19.3000,30.621,26.1374,26.1374,0.000000,0
19.3500,37.994,26.1374,26.1374,0.000000,0
19.4000,48.232,26.4678,26.4678,0.000000,0
19.4500,41.297,26.4678,26.4678,0.000000,0
19.5000,38.558,61.5094,61.5094,0.000000,0
19.5500,33.624,61.5094,61.5094,0.000000,0
19.6000,43.382,24.3300,24.3300,0.000000,0
19.6500,32.607,24.3300,24.3300,0.000000,0
19.7000,33.735,21.5097,21.5097,0.000000,0
19.7500,28.932,21.5097,21.5097,0.000000,0
19.8000,31.876,17.3507,17.3507,0.000000,0
19.8500,35.123,17.3507,17.3507,0.000000,0
19.9000,35.611,37.9582,37.9582,0.000000,0
19.9500,59.695,37.9582,37.9582,0.000000,0
20.0000,53.049,23.0914,23.0914,0.000000,0
20.0500,40.616,23.0914,23.0914,0.000000,0
20.1000,38.344,34.5798,34.5798,0.000000,0
20.1500,39.297,34.5798,34.5798,0.000000,0
20.2000,44.499,32.8922,32.8922,0.000000,0
20.2500,39.472,32.8922,32.8922,0.000000,0
20.3000,36.210,23.3486,23.3486,0.000000,0
20.3500,37.551,23.3486,23.3486,0.000000,0
20.4000,52.029,36.9597,36.9597,0.000000,0
20.4500,29.226,36.9597,36.9597,0.000000,0
20.5000,40.608,44.3819,44.3819,0.000000,0
20.5500,51.459,44.3819,44.3819,0.000000,0
20.6000,39.401,25.3073,25.3073,0.000000,0
20.6500,41.983,25.3073,25.3073,0.000000,0
20.7000,57.147,27.8616,27.8616,0.000000,0
20.7500,49.008,27.8616,27.8616,0.000000,0
20.8000,43.701,31.5389,31.5389,0.000000,0
20.8500,48.962,31.5389,31.5389,0.000000,0
20.9000,28.277,27.9294,27.9294,0.000000,0
20.9500,41.767,27.9294,27.9294,0.000000,0
21.0000,44.493,24.7729,24.7729,0.000000,0
21.0500,33.994,24.7729,24.7729,0.000000,0
21.1000,40.488,34.1419,34.1419,0.000000,0
21.1500,40.462,34.1419,34.1419,0.000000,0
21.2000,45.904,30.3235,30.3235,0.000000,0
21.2500,40.626,30.3235,30.3235,0.000000,0
21.3000,47.199,33.6511,33.6511,0.000000,0
21.3500,42.943,33.6511,33.6511,0.000000,0
21.4000,57.401,41.2287,41.2287,0.000000,0
21.4500,67.207,41.2287,41.2287,0.000000,0
21.5000,53.677,44.7208,44.7208,0.000000,0
21.5500,44.661,44.7208,44.7208,0.000000,0
21.6000,28.865,35.1423,35.1423,0.000000,0
21.6500,29.084,35.1423,35.1423,0.000000,0
21.7000,33.843,25.6863,25.6863,0.000000,0
21.7500,31.967,25.6863,25.6863,0.000000,0
21.8000,32.126,44.3793,44.3793,0.000000,0
21.8500,29.986,44.3793,44.3793,0.000000,0
21.9000,46.678,39.2070,39.2070,0.000000,0
21.9500,39.152,39.2070,39.2070,0.000000,0
22.0000,32.496,41.2143,41.2143,0.000000,0
22.0500,33.457,41.2143,41.2143,0.000000,0
22.1000,36.147,39.3153,39.3153,0.000000,0
22.1500,43.737,39.3153,39.3153,0.000000,0
22.2000,43.488,37.1723,37.1723,0.000000,0
22.2500,41.978,37.1723,37.1723,0.000000,0
22.3000,36.031,44.0392,44.0392,0.000000,0
22.3500,54.145,44.0392,44.0392,0.000000,0
22.4000,46.362,38.0727,38.0727,0.000000,0
22.4500,40.469,38.0727,38.0727,0.000000,0
22.5000,53.723,43.6017,43.6017,0.000000,0
22.5500,58.107,43.6017,43.6017,0.000000,0
22.6000,40.013,41.3079,41.3079,0.000000,0
22.6500,43.736,41.3079,41.3079,0.000000,0
22.7000,35.668,37.2984,37.2984,0.000000,0
22.7500,33.378,37.2984,37.2984,0.000000,0
22.8000,35.478,45.1632,45.1632,0.000000,0
22.8500,35.619,45.1632,45.1632,0.000000,0
22.9000,33.945,27.4869,27.4869,0.000000,0
22.9500,44.386,27.4869,27.4869,0.000000,0
23.0000,50.010,34.4665,34.4665,0.000000,0
23.0500,35.902,34.4665,34.4665,0.000000,0
23.1000,38.057,45.7341,45.7341,0.000000,0
23.1500,31.917,45.7341,45.7341,0.000000,0
23.2000,55.824,50.4572,50.4572,0.000000,0
23.2500,44.173,50.4572,50.4572,0.000000,0
23.3000,43.676,49.5690,49.5690,0.000000,0
23.3500,42.700,49.5690,49.5690,0.000000,0
23.4000,41.311,31.1988,31.1988,0.000000,0
23.4500,39.706,31.1988,31.1988,0.000000,0
23.5000,36.825,36.1513,36.1513,0.000000,0
23.5500,35.855,36.1513,36.1513,0.000000,0
23.6000,41.154,49.5636,49.5636,0.000000,0
23.6500,38.406,49.5636,49.5636,0.000000,0
23.7000,40.878,42.7908,42.7908,0.000000,0
23.7500,37.732,42.7908,42.7908,0.000000,0
23.8000,35.232,43.1454,43.1454,0.000000,0
23.8500,43.649,43.1454,43.1454,0.000000,0
23.9000,38.908,53.9546,53.9546,0.000000,0
23.9500,35.675,53.9546,53.9546,0.000000,0
24.0000,49.741,40.0970,40.0970,0.000000,0
24.0500,37.744,40.0970,40.0970,0.000000,0
24.1000,30.272,54.2391,54.2391,0.000000,0
24.1500,62.003,54.2391,54.2391,0.000000,0
24.2000,46.038,43.3602,43.3602,0.000000,0
24.2500,61.521,43.3602,43.3602,0.000000,0
24.3000,32.602,38.8468,38.8468,0.000000,0
24.3500,34.235,38.8468,38.8468,0.000000,0
24.4000,45.114,29.2861,29.2861,0.000000,0
24.4500,45.920,29.2861,29.2861,0.000000,0
24.5000,43.994,38.3072,38.3072,0.000000,0
24.5500,34.813,38.3072,38.3072,0.000000,0
24.6000,34.858,43.2667,43.2667,0.000000,0
24.6500,33.820,43.2667,43.2667,0.000000,0
24.7000,53.597,34.3003,34.3003,0.000000,0
24.7500,45.583,34.3003,34.3003,0.000000,0
24.8000,42.547,34.2129,34.2129,0.000000,0
24.8500,28.997,34.2129,34.2129,0.000000,0
24.9000,29.462,37.0217,37.0217,0.000000,0
24.9500,37.109,37.0217,37.0217,0.000000,0
25.0000,27.674,20.0019,20.0019,0.000000,0
25.0500,34.075,20.0019,20.0019,0.000000,0
25.1000,31.690,42.2444,42.2444,0.000000,0
25.1500,37.091,42.2444,42.2444,0.000000,0
25.2000,32.385,36.5583,36.5583,0.000000,0
25.2500,34.299,36.5583,36.5583,0.000000,0
25.3000,25.651,27.4088,27.4088,0.000000,0
25.3500,34.188,27.4088,27.4088,0.000000,0
25.4000,30.476,38.9061,38.9061,0.000000,0
25.4500,31.228,38.9061,38.9061,0.000000,0
25.5000,37.628,36.4920,36.4920,0.000000,0
25.5500,32.715,36.4920,36.4920,0.000000,0
25.6000,31.233,32.0921,32.0921,0.000000,0
25.6500,32.204,32.0921,32.0921,0.000000,0
25.7000,34.629,30.2989,30.2989,0.000000,0
25.7500,35.119,30.2989,30.2989,0.000000,0
25.8000,34.471,35.0328,35.0328,0.000000,0
25.8500,45.263,35.0328,35.0328,0.000000,0
25.9000,35.456,26.8040,26.8040,0.000000,0
25.9500,54.864,26.8040,26.8040,0.000000,0
26.0000,42.750,26.5862,26.5862,0.000000,0
26.0500,27.117,26.5862,26.5862,0.000000,0
26.1000,42.454,10.3358,10.3358,0.000000,0
26.1500,36.890,10.3358,10.3358,0.000000,0
26.2000,31.354,4.2778,4.2778,0.000000,0
26.2500,32.764,4.2778,4.2778,0.000000,0
26.3000,37.677,2.9375,2.9375,0.000000,0
26.3500,34.017,2.9375,2.9375,0.000000,0
26.4000,31.060,0.8988,0.8988,0.000000,0
26.4500,34.267,0.8988,0.8988,0.000000,0
26.5000,32.535,4.9559,4.9559,0.000000,0
26.5500,31.584,4.9559,4.9559,0.000000,0
26.6000,51.307,6.5332,6.5332,0.000000,0
26.6500,37.288,6.5332,6.5332,0.000000,0
26.7000,44.652,5.6322,5.6322,0.000000,0
26.7500,145.642,5.6322,5.6322,0.000000,0
26.8000,273.312,1.1293,1.1293,0.000000,0
26.8500,321.268,1.1293,1.1293,0.000000,0
26.9000,395.718,2.7026,2.7026,0.000000,0
26.9500,429.336,2.7026,2.7026,0.000000,0
27.0000,423.540,7.5300,7.5300,0.000000,0
27.0500,433.631,7.5300,7.5300,0.000000,0
27.1000,425.391,4.3931,4.3931,0.000000,0
27.1500,429.255,4.3931,4.3931,0.000000,0
27.2000,419.398,4.0549,4.0549,0.000000,0
27.2500,427.265,4.0549,4.0549,0.000000,0
27.3000,427.487,0.9011,0.9011,0.000000,0
27.3500,427.527,0.9011,0.9011,0.000000,0
27.4000,423.617,2.7033,2.7033,0.000000,0
27.4500,415.149,2.7033,2.7033,0.000000,0
27.5000,415.250,7.6597,7.6597,0.000000,0
27.5500,415.250,7.6597,7.6597,0.000000,0
27.6000,425.382,8.5609,8.5609,0.000000,0
27.6500,429.167,8.5609,8.5609,0.000000,0
27.7000,429.594,2.9284,2.9284,0.000000,0
27.7500,425.382,2.9284,2.9284,0.000000,0
27.8000,425.561,2.9286,2.9286,0.000000,0
27.8500,421.228,2.9286,2.9286,0.000000,0
27.9000,427.362,3.7262,3.7262,0.000000,0
27.9500,417.820,3.7262,3.7262,0.000000,0
28.0000,417.512,4.8317,4.8317,0.000000,0
28.0500,419.571,4.8317,4.8317,0.000000,0
28.1000,415.587,6.7582,6.7582,0.000000,0
28.1500,415.410,6.7582,6.7582,0.000000,0
28.2000,419.828,3.3796,3.3796,0.000000,0
28.2500,419.651,3.3796,3.3796,0.000000,0
28.3000,435.574,2.7034,2.7034,0.000000,0
28.3500,409.740,2.7034,2.7034,0.000000,0
28.4000,415.697,5.1814,5.1814,0.000000,0
28.4500,417.105,5.1814,5.1814,0.000000,0
28.5000,423.678,8.3582,8.3582,0.000000,0
28.5500,421.812,8.3582,8.3582,0.000000,0
28.6000,417.361,2.6957,2.6957,0.000000,0
28.6500,415.543,2.6957,2.6957,0.000000,0
28.7000,433.591,3.1626,3.1626,0.000000,0
28.7500,427.644,3.1626,3.1626,0.000000,0
28.8000,426.913,3.2581,3.2581,0.000000,0
28.8500,424.125,3.2581,3.2581,0.000000,0
28.9000,415.125,4.8434,4.8434,0.000000,0
28.9500,425.662,4.8434,4.8434,0.000000,0
29.0000,429.406,8.3354,8.3354,0.000000,0
29.0500,428.276,8.3354,8.3354,0.000000,0
29.1000,427.704,3.1541,3.1541,0.000000,0
29.1500,417.446,3.1541,3.1541,0.000000,0
29.2000,425.765,2.2525,2.2525,0.000000,0
29.2500,420.032,2.2525,2.2525,0.000000,0
29.3000,399.302,4.4051,4.4051,0.000000,0
29.3500,427.985,4.4051,4.4051,0.000000,0
29.4000,431.651,5.5043,5.5043,0.000000,0
29.4500,419.910,5.5043,5.5043,0.000000,0
29.5000,423.487,5.4069,5.4069,0.000000,0
29.5500,431.480,5.4069,5.4069,0.000000,0
29.6000,425.681,8.3354,8.3354,0.000000,0
29.6500,419.600,8.3354,8.3354,0.000000,0
29.7000,420.288,11.0384,11.0384,0.000000,0
29.7500,400.325,11.0384,11.0384,0.000000,0
29.8000,396.362,8.6733,8.6733,0.000000,0
29.8500,379.716,8.6733,8.6733,0.000000,0
29.9000,391.619,6.4205,6.4205,0.000000,0
29.9500,377.067,6.4205,6.4205,0.000000,0
30.0000,362.268,10.3915,10.3915,0.000000,0
30.0500,369.810,10.3915,10.3915,0.000000,0
30.1000,361.878,11.2331,11.2331,0.000000,0
30.1500,389.494,11.2331,11.2331,0.000000,0
30.2000,381.976,3.3791,3.3791,0.000000,0
30.2500,359.741,3.3791,3.3791,0.000000,0
30.3000,379.819,3.8299,3.8299,0.000000,0
30.3500,359.743,3.8299,3.8299,0.000000,0
30.4000,363.374,7.8848,7.8848,0.000000,0
30.4500,380.984,7.8848,7.8848,0.000000,0
30.5000,365.394,3.3792,3.3792,0.000000,0
30.5500,351.418,3.3792,3.3792,0.000000,0
30.6000,369.823,4.0550,4.0550,0.000000,0
30.6500,346.401,4.0550,4.0550,0.000000,0
30.7000,365.415,2.2528,2.2528,0.000000,0
30.7500,373.183,2.2528,2.2528,0.000000,0
30.8000,415.221,5.1810,5.1810,0.000000,0
30.8500,405.343,5.1810,5.1810,0.000000,0
30.9000,393.711,7.8852,7.8852,0.000000,0
30.9500,373.332,7.8852,7.8852,0.000000,0
31.0000,361.467,5.6321,5.6321,0.000000,0
31.0500,385.755,5.6321,5.6321,0.000000,0
31.1000,433.148,8.1101,8.1101,0.000000,0
31.1500,409.281,8.1101,8.1101,0.000000,0
31.2000,395.356,14.6436,14.6436,0.000000,0
31.2500,387.798,14.6436,14.6436,0.000000,0
31.3000,371.636,18.5237,18.5237,0.000000,0
31.3500,353.810,18.5237,18.5237,0.000000,0
31.4000,367.508,10.3358,10.3358,0.000000,0
31.4500,348.061,10.3358,10.3358,0.000000,0
31.5000,407.343,18.2444,18.2444,0.000000,0
31.5500,409.991,18.2444,18.2444,0.000000,0
31.6000,405.693,13.0665,13.0665,0.000000,0
31.6500,379.745,13.0665,13.0665,0.000000,0
31.7000,366.912,15.5875,15.5875,0.000000,0
31.7500,357.197,15.5875,15.5875,0.000000,0
31.8000,370.089,9.6604,9.6604,0.000000,0
31.8500,375.727,9.6604,9.6604,0.000000,0
31.9000,373.795,13.1787,13.1787,0.000000,0
31.9500,361.776,13.1787,13.1787,0.000000,0
32.0000,357.743,12.2780,12.2780,0.000000,0
32.0500,399.561,12.2780,12.2780,0.000000,0
32.1000,407.191,10.5884,10.5884,0.000000,0
32.1500,387.606,10.5884,10.5884,0.000000,0
32.2000,376.071,14.1912,14.1912,0.000000,0
32.2500,367.467,14.1912,14.1912,0.000000,0
32.3000,355.620,15.7699,15.7699,0.000000,0
32.3500,365.250,15.7699,15.7699,0.000000,0
32.4000,384.982,16.8963,16.8963,0.000000,0
32.4500,383.447,16.8963,16.8963,0.000000,0
32.5000,361.495,16.0273,16.0273,0.000000,0
32.5500,353.453,16.0273,16.0273,0.000000,0
32.6000,394.132,12.3663,12.3663,0.000000,0
32.6500,415.347,12.3663,12.3663,0.000000,0
32.7000,419.688,9.9119,9.9119,0.000000,0
32.7500,401.536,9.9119,9.9119,0.000000,0
32.8000,387.388,7.4344,7.4344,0.000000,0
32.8500,367.555,7.4344,7.4344,0.000000,0
32.9000,355.329,1.5770,1.5770,0.000000,0
32.9500,353.422,1.5770,1.5770,0.000000,0
33.0000,407.568,2.0273,2.0273,0.000000,0
33.0500,421.422,2.0273,2.0273,0.000000,0
33.1000,395.655,9.2369,9.2369,0.000000,0
33.1500,387.729,9.2369,9.2369,0.000000,0
33.2000,383.425,9.4849,9.4849,0.000000,0
33.2500,361.465,9.4849,9.4849,0.000000,0
33.3000,355.507,4.7169,4.7169,0.000000,0
33.3500,381.303,4.7169,4.7169,0.000000,0
33.4000,413.663,14.8770,14.8770,0.000000,0
33.4500,395.102,14.8770,14.8770,0.000000,0
33.5000,389.206,12.1654,12.1654,0.000000,0
33.5500,369.902,12.1654,12.1654,0.000000,0
33.6000,351.395,16.8955,16.8955,0.000000,0
33.6500,370.001,16.8955,16.8955,0.000000,0
33.7000,359.138,12.6158,12.6158,0.000000,0
33.7500,347.403,12.6158,12.6158,0.000000,0
33.8000,361.775,15.7009,15.7009,0.000000,0
33.8500,413.799,15.7009,15.7009,0.000000,0
33.9000,424.040,14.4894,14.4894,0.000000,0
33.9500,415.180,14.4894,14.4894,0.000000,0
34.0000,431.366,16.9406,16.9406,0.000000,0
34.0500,430.857,16.9406,16.9406,0.000000,0
34.1000,418.032,17.5261,17.5261,0.000000,0
34.1500,391.723,17.5261,17.5261,0.000000,0
34.2000,371.456,19.5900,19.5900,0.000000,0
34.2500,359.232,19.5900,19.5900,0.000000,0
34.3000,356.021,24.5683,24.5683,0.000000,0
34.3500,386.911,24.5683,24.5683,0.000000,0
34.4000,400.925,19.3072,19.3072,0.000000,0
34.4500,389.956,19.3072,19.3072,0.000000,0
34.5000,371.835,19.9449,19.9449,0.000000,0
34.5500,361.512,19.9449,19.9449,0.000000,0
34.6000,351.500,20.4445,20.4445,0.000000,0
34.6500,407.539,20.4445,20.4445,0.000000,0
34.7000,397.503,21.2319,21.2319,0.000000,0
34.7500,389.787,21.2319,21.2319,0.000000,0
34.8000,375.764,21.3965,21.3965,0.000000,0
34.8500,367.753,21.3965,21.3965,0.000000,0
34.9000,360.888,20.4931,20.4931,0.000000,0
34.9500,375.216,20.4931,20.4931,0.000000,0
35.0000,407.664,25.4755,25.4755,0.000000,0
35.0500,393.390,25.4755,25.4755,0.000000,0
35.1000,381.789,18.1969,18.1969,0.000000,0
35.1500,373.972,18.1969,18.1969,0.000000,0
35.2000,361.831,24.8919,24.8919,0.000000,0
35.2500,349.614,24.8919,24.8919,0.000000,0
35.3000,413.751,22.7038,22.7038,0.000000,0
35.3500,405.430,22.7038,22.7038,0.000000,0
35.4000,379.648,25.7238,25.7238,0.000000,0
35.4500,367.999,25.7238,25.7238,0.000000,0
35.5000,363.913,26.4707,26.4707,0.000000,0
35.5500,362.099,26.4707,26.4707,0.000000,0
35.6000,397.583,25.6814,25.6814,0.000000,0
35.6500,381.536,25.6814,25.6814,0.000000,0
35.7000,371.445,27.4847,27.4847,0.000000,0
35.7500,353.232,27.4847,27.4847,0.000000,0
35.8000,375.958,22.3027,22.3027,0.000000,0
35.8500,363.182,22.3027,22.3027,0.000000,0
35.9000,423.818,15.0938,15.0938,0.000000,0
35.9500,425.681,15.0938,15.0938,0.000000,0
36.0000,409.521,22.7524,22.7524,0.000000,0
36.0500,404.083,22.7524,22.7524,0.000000,0
36.1000,395.968,23.6452,23.6452,0.000000,0
36.1500,372.719,23.6452,23.6452,0.000000,0
36.2000,359.288,24.5661,24.5661,0.000000,0
36.2500,387.549,24.5661,24.5661,0.000000,0
36.3000,421.432,24.9628,24.9628,0.000000,0
36.3500,413.411,24.9628,24.9628,0.000000,0
36.4000,397.960,27.5074,27.5074,0.000000,0
36.4500,383.193,27.5074,27.5074,0.000000,0
36.5000,365.561,26.0955,26.0955,0.000000,0
36.5500,357.511,26.0955,26.0955,0.000000,0
36.6000,367.673,36.1836,36.1836,0.000000,0
36.6500,375.395,36.1836,36.1836,0.000000,0
36.7000,355.659,36.6087,36.6087,0.000000,0
36.7500,345.043,36.6087,36.6087,0.000000,0
36.8000,369.606,29.1418,29.1418,0.000000,0
36.8500,411.466,29.1418,29.1418,0.000000,0
36.9000,408.461,36.7103,36.7103,0.000000,0
36.9500,393.319,36.7103,36.7103,0.000000,0
37.0000,375.362,40.2378,40.2378,0.000000,0
37.0500,373.497,40.2378,40.2378,0.000000,0
37.1000,355.367,44.1619,44.1619,0.000000,0
37.1500,371.281,44.1619,44.1619,0.000000,0
37.2000,423.282,32.2371,32.2371,0.000000,0
37.2500,417.311,32.2371,32.2371,0.000000,0
37.3000,397.341,48.4333,48.4333,0.000000,0
37.3500,391.682,48.4333,48.4333,0.000000,0
37.4000,365.758,40.8908,40.8908,0.000000,0
37.4500,357.741,40.8908,40.8908,0.000000,0
37.5000,355.311,43.7959,43.7959,0.000000,0
37.5500,413.370,43.7959,43.7959,0.000000,0
37.6000,410.047,45.8547,45.8547,0.000000,0
37.6500,403.270,45.8547,45.8547,0.000000,0
37.7000,386.197,43.2689,43.2689,0.000000,0
37.7500,381.994,43.2689,43.2689,0.000000,0
37.8000,365.693,44.8415,44.8415,0.000000,0
37.8500,345.972,44.8415,44.8415,0.000000,0
37.9000,393.531,51.5721,51.5721,0.000000,0
37.9500,419.832,51.5721,51.5721,0.000000,0
38.0000,405.840,53.7082,53.7082,0.000000,0
38.0500,372.046,53.7082,53.7082,0.000000,0
38.1000,366.191,46.6334,46.6334,0.000000,0
38.1500,375.717,46.6334,46.6334,0.000000,0
38.2000,362.511,0.0000,0.0000,0.000000,0
38.2500,362.068,0.0000,0.0000,0.000000,0
38.3000,427.240,0.0000,0.0000,0.000000,0
38.3500,449.556,0.0000,0.0000,0.000000,0
38.4000,389.704,0.0000,0.0000,0.000000,0
38.4500,385.385,0.0000,0.0000,0.000000,0
38.5000,383.450,45.5079,45.5079,0.000000,0
38.5500,365.603,45.5079,45.5079,0.000000,0
38.6000,433.144,0.0000,0.0000,0.000000,0
38.6500,433.144,0.0000,0.0000,0.000000,0
38.7000,405.878,0.0000,0.0000,0.000000,0
38.7500,381.685,0.0000,0.0000,0.000000,0
38.8000,365.800,46.5450,46.5450,0.000000,0
38.8500,339.780,46.5450,46.5450,0.000000,0
38.9000,359.616,16.3326,16.3326,0.000000,0
38.9500,417.196,16.3326,16.3326,0.000000,0
39.0000,417.196,0.0000,0.0000,0.000000,0
39.0500,417.196,0.0000,0.0000,0.000000,0
39.1000,407.552,0.0000,0.0000,0.000000,0
39.1500,399.774,0.0000,0.0000,0.000000,0
39.2000,393.440,0.0000,0.0000,0.000000,0
39.2500,379.502,0.0000,0.0000,0.000000,0
39.3000,367.782,0.0000,0.0000,0.000000,0
39.3500,355.758,0.0000,0.0000,0.000000,0
39.4000,426.863,0.5621,0.5621,0.000000,0
39.4500,421.885,0.5621,0.5621,0.000000,0
39.5000,421.562,24.8364,24.8364,0.000000,0
39.5500,420.003,24.8364,24.8364,0.000000,0
39.6000,420.003,6.4061,6.4061,0.000000,0
39.6500,405.464,6.4061,6.4061,0.000000,0
39.7000,381.667,4.5054,4.5054,0.000000,0
39.7500,375.385,4.5054,4.5054,0.000000,0
39.8000,357.598,0.5647,0.5647,0.000000,0
39.8500,345.759,0.5647,0.5647,0.000000,0
39.9000,343.884,2.1346,2.1346,0.000000,0
39.9500,378.186,2.1346,2.1346,0.000000,0
40.0000,364.235,3.8300,3.8300,0.000000,0
40.0500,367.918,3.8300,3.8300,0.000000,0
40.1000,436.419,7.6594,7.6594,0.000000,0
40.1500,421.768,7.6594,7.6594,0.000000,0
40.2000,431.535,3.4919,3.4919,0.000000,0
40.2500,411.667,3.4919,3.4919,0.000000,0
40.3000,409.614,1.2390,1.2390,0.000000,0
40.3500,401.712,1.2390,1.2390,0.000000,0
40.4000,375.388,1.3517,1.3517,0.000000,0
40.4500,365.160,1.3517,1.3517,0.000000,0
40.5000,365.535,10.8138,10.8138,0.000000,0
40.5500,383.747,10.8138,10.8138,0.000000,0
40.6000,373.866,3.8298,3.8298,0.000000,0
40.6500,351.713,3.8298,3.8298,0.000000,0
40.7000,395.758,0.9031,0.9031,0.000000,0
40.7500,387.650,0.9031,0.9031,0.000000,0
40.8000,365.266,1.7982,1.7982,0.000000,0
40.8500,359.667,1.7982,1.7982,0.000000,0
40.9000,381.698,7.8843,7.8843,0.000000,0
40.9500,365.696,7.8843,7.8843,0.000000,0
41.0000,365.548,4.7308,4.7308,0.000000,0
41.0500,419.611,4.7308,4.7308,0.000000,0
41.1000,411.523,3.1541,3.1541,0.000000,0
41.1500,403.654,3.1541,3.1541,0.000000,0
41.2000,382.085,1.5805,1.5805,0.000000,0
41.2500,361.021,1.5805,1.5805,0.000000,0
41.3000,351.468,0.6755,0.6755,0.000000,0
41.3500,348.388,0.6755,0.6755,0.000000,0
41.4000,329.511,0.0000,0.0000,0.000000,0
41.4500,329.511,0.0000,0.0000,0.000000,0
41.5000,329.511,11.9465,11.9465,0.000000,0
41.5500,436.946,11.9465,11.9465,0.000000,0
41.6000,428.993,5.6318,5.6318,0.000000,0
41.6500,428.458,5.6318,5.6318,0.000000,0
41.7000,426.866,2.8161,2.8161,0.000000,0
41.7500,433.973,2.8161,2.8161,0.000000,0
41.8000,428.208,2.2527,2.2527,0.000000,0
41.8500,430.406,2.2527,2.2527,0.000000,0
41.9000,429.403,3.4918,3.4918,0.000000,0
41.9500,421.313,3.4918,3.4918,0.000000,0
42.0000,414.612,10.1377,10.1377,0.000000,0
42.0500,416.884,10.1377,10.1377,0.000000,0
42.1000,436.498,3.1615,3.1615,0.000000,0
42.1500,418.638,3.1615,3.1615,0.000000,0
42.2000,428.446,3.6040,3.6040,0.000000,0
42.2500,415.591,3.6040,3.6040,0.000000,0
42.3000,428.306,4.0453,4.0453,0.000000,0
42.3500,410.355,4.0453,4.0453,0.000000,0
42.4000,403.876,5.4073,5.4073,0.000000,0
42.4500,418.492,5.4073,5.4073,0.000000,0
42.5000,410.060,6.0830,6.0830,0.000000,0
42.5500,407.306,6.0830,6.0830,0.000000,0
42.6000,428.021,3.8390,3.8390,0.000000,0
42.6500,415.597,3.8390,3.8390,0.000000,0
42.7000,423.929,6.0678,6.0678,0.000000,0
42.7500,400.698,6.0678,6.0678,0.000000,0
42.8000,404.307,7.2090,7.2090,0.000000,0
42.8500,381.358,7.2090,7.2090,0.000000,0
42.9000,378.297,5.6320,5.6320,0.000000,0
42.9500,387.284,5.6320,5.6320,0.000000,0
43.0000,395.332,3.1538,3.1538,0.000000,0
43.0500,394.081,3.1538,3.1538,0.000000,0
43.1000,413.620,5.1816,5.1816,0.000000,0
43.1500,437.137,5.1816,5.1816,0.000000,0
43.2000,415.201,5.1812,5.1812,0.000000,0
43.2500,429.165,5.1812,5.1812,0.000000,0
43.3000,426.093,5.1969,5.1969,0.000000,0
43.3500,439.854,5.1969,5.1969,0.000000,0
43.4000,394.996,3.5940,3.5940,0.000000,0
43.4500,389.393,3.5940,3.5940,0.000000,0
43.5000,391.719,2.9288,2.9288,0.000000,0
43.5500,389.567,2.9288,2.9288,0.000000,0
43.6000,425.177,5.1813,5.1813,0.000000,0
43.6500,427.880,5.1813,5.1813,0.000000,0
43.7000,435.267,10.8417,10.8417,0.000000,0
43.7500,440.271,10.8417,10.8417,0.000000,0
43.8000,416.803,25.9508,25.9508,0.000000,0
43.8500,388.692,25.9508,25.9508,0.000000,0
43.9000,360.596,5.0689,5.0689,0.000000,0
43.9500,321.215,5.0689,5.0689,0.000000,0
44.0000,321.215,3.1516,3.1516,0.000000,0
44.0500,321.215,3.1516,3.1516,0.000000,0
44.1000,321.215,3.6186,3.6186,0.000000,0
44.1500,321.215,3.6186,3.6186,0.000000,0
44.2000,321.215,6.0645,6.0645,0.000000,0
44.2500,321.215,6.0645,6.0645,0.000000,0
44.3000,83.155,8.5592,8.5592,0.000000,0
44.3500,91.544,8.5592,8.5592,0.000000,0
44.4000,127.258,4.9563,4.9563,0.000000,0
44.4500,139.884,4.9563,4.9563,0.000000,0
44.5000,137.616,2.7045,2.7045,0.000000,0
44.5500,157.015,2.7045,2.7045,0.000000,0
44.6000,155.367,6.2775,6.2775,0.000000,0
44.6500,138.499,6.2775,6.2775,0.000000,0
44.7000,119.794,3.3940,3.3940,0.000000,0
44.7500,97.728,3.3940,3.3940,0.000000,0
44.8000,99.985,5.6325,5.6325,0.000000,0
44.8500,98.261,5.6325,5.6325,0.000000,0
44.9000,136.131,4.2798,4.2798,0.000000,0
44.9500,87.871,4.2798,4.2798,0.000000,0
45.0000,98.523,4.0555,4.0555,0.000000,0
45.0500,95.570,4.0555,4.0555,0.000000,0
45.1000,114.716,4.5056,4.5056,0.000000,0
45.1500,113.583,4.5056,4.5056,0.000000,0
45.2000,132.269,5.8573,5.8573,0.000000,0
45.2500,135.937,5.8573,5.8573,0.000000,0
45.3000,117.216,4.9672,4.9672,0.000000,0
45.3500,114.696,4.9672,4.9672,0.000000,0
45.4000,124.137,20.0059,20.0059,0.000000,0
45.4500,116.098,20.0059,20.0059,0.000000,0
45.5000,113.547,4.2801,4.2801,0.000000,0
45.5500,118.476,4.2801,4.2801,0.000000,0
45.6000,109.878,6.5480,6.5480,0.000000,0
45.6500,134.638,6.5480,6.5480,0.000000,0
45.7000,128.356,2.9220,2.9220,0.000000,0
45.7500,109.478,2.9220,2.9220,0.000000,0
45.8000,84.563,4.2801,4.2801,0.000000,0
45.8500,47.881,4.2801,4.2801,0.000000,0
45.9000,55.905,5.4071,5.4071,0.000000,0
45.9500,69.734,5.4071,5.4071,0.000000,0
46.0000,67.999,5.4218,5.4218,0.000000,0
46.0500,65.681,5.4218,5.4218,0.000000,0
46.1000,84.496,3.8276,3.8276,0.000000,0
46.1500,77.643,3.8276,3.8276,0.000000,0
46.2000,80.933,5.3946,5.3946,0.000000,0
46.2500,90.074,5.3946,5.3946,0.000000,0
46.3000,92.544,4.7309,4.7309,0.000000,0
46.3500,90.794,4.7309,4.7309,0.000000,0
46.4000,92.958,4.2803,4.2803,0.000000,0
46.4500,97.432,4.2803,4.2803,0.000000,0
46.5000,90.311,5.4206,5.4206,0.000000,0
46.5500,87.989,5.4206,5.4206,0.000000,0
46.6000,91.102,2.9234,2.9234,0.000000,0
46.6500,79.545,2.9234,2.9234,0.000000,0
46.7000,66.768,4.9648,4.9648,0.000000,0
46.7500,69.509,4.9648,4.9648,0.000000,0
46.8000,72.525,8.5600,8.5600,0.000000,0
46.8500,65.506,8.5600,8.5600,0.000000,0
46.9000,68.340,10.7872,10.7872,0.000000,0
46.9500,61.705,10.7872,10.7872,0.000000,0
47.0000,65.505,16.7837,16.7837,0.000000,0
47.0500,84.223,16.7837,16.7837,0.000000,0
47.1000,72.370,7.7722,7.7722,0.000000,0
47.1500,75.284,7.7722,7.7722,0.000000,0
47.2000,89.685,3.3792,3.3792,0.000000,0
47.2500,65.205,3.3792,3.3792,0.000000,0
47.3000,52.829,2.7033,2.7033,0.000000,0
47.3500,62.179,2.7033,2.7033,0.000000,0
47.4000,76.573,4.7424,4.7424,0.000000,0
47.4500,79.161,4.7424,4.7424,0.000000,0
47.5000,55.087,12.1347,12.1347,0.000000,0
47.5500,64.517,12.1347,12.1347,0.000000,0
47.6000,99.545,11.7161,11.7161,0.000000,0
47.6500,108.121,11.7161,11.7161,0.000000,0
47.7000,112.264,16.7169,16.7169,0.000000,0
47.7500,109.577,16.7169,16.7169,0.000000,0
47.8000,116.897,5.5989,5.5989,0.000000,0
47.8500,111.611,5.5989,5.5989,0.000000,0
47.9000,135.631,8.8348,8.8348,0.000000,0
47.9500,128.980,8.8348,8.8348,0.000000,0
48.0000,116.222,13.0347,13.0347,0.000000,0
48.0500,108.544,13.0347,13.0347,0.000000,0
48.1000,106.134,17.1218,17.1218,0.000000,0
48.1500,98.761,17.1218,17.1218,0.000000,0
48.2000,86.409,12.6154,12.6154,0.000000,0
48.2500,84.575,12.6154,12.6154,0.000000,0
48.3000,99.016,23.4284,23.4284,0.000000,0
48.3500,85.773,23.4284,23.4284,0.000000,0
48.4000,78.392,2.2529,2.2529,0.000000,0
48.4500,75.330,2.2529,2.2529,0.000000,0
48.5000,75.082,5.1783,5.1783,0.000000,0
48.5500,67.358,5.1783,5.1783,0.000000,0
48.6000,65.615,3.2552,3.2552,0.000000,0
48.6500,41.576,3.2552,3.2552,0.000000,0
48.7000,69.540,1.9227,1.9227,0.000000,0
48.7500,44.377,1.9227,1.9227,0.000000,0
48.8000,99.676,13.0657,13.0657,0.000000,0
48.8500,134.677,13.0657,13.0657,0.000000,0
48.9000,165.315,2.7036,2.7036,0.000000,0
48.9500,178.104,2.7036,2.7036,0.000000,0
49.0000,176.332,5.1935,5.1935,0.000000,0
49.0500,185.700,5.1935,5.1935,0.000000,0
49.1000,193.815,2.4777,2.4777,0.000000,0
49.1500,197.163,2.4777,2.4777,0.000000,0
49.2000,195.530,11.0146,11.0146,0.000000,0
49.2500,198.889,11.0146,11.0146,0.000000,0
49.3000,190.564,25.9836,25.9836,0.000000,0
49.3500,189.552,25.9836,25.9836,0.000000,0
49.4000,182.323,21.3975,21.3975,0.000000,0
49.4500,186.407,21.3975,21.3975,0.000000,0
49.5000,188.961,22.9160,22.9160,0.000000,0
49.5500,192.732,22.9160,22.9160,0.000000,0
49.6000,185.552,27.0333,27.0333,0.000000,0
49.6500,183.616,27.0333,27.0333,0.000000,0
49.7000,180.544,22.8169,22.8169,0.000000,0
49.7500,178.666,22.8169,22.8169,0.000000,0
49.8000,189.724,23.6445,23.6445,0.000000,0
49.8500,195.613,23.6445,23.6445,0.000000,0
49.9000,188.527,26.3583,26.3583,0.000000,0
49.9500,186.835,26.3583,26.3583,0.000000,0
50.0000,197.312,17.0794,17.0794,0.000000,0
50.0500,189.266,17.0794,17.0794,0.000000,0
50.1000,201.648,27.3209,27.3209,0.000000,0
50.1500,217.492,27.3209,27.3209,0.000000,0
50.2000,229.509,19.1056,19.1056,0.000000,0
50.2500,228.375,19.1056,19.1056,0.000000,0
50.3000,242.433,28.8370,28.8370,0.000000,0
50.3500,241.184,28.8370,28.8370,0.000000,0
50.4000,249.407,28.0118,28.0118,0.000000,0
50.4500,267.228,28.0118,28.0118,0.000000,0
50.5000,261.051,24.7015,24.7015,0.000000,0
50.5500,269.890,24.7015,24.7015,0.000000,0
50.6000,285.122,22.7617,22.7617,0.000000,0
50.6500,271.590,22.7617,22.7617,0.000000,0
50.7000,263.983,26.5830,26.5830,0.000000,0
50.7500,272.340,26.5830,26.5830,0.000000,0
50.8000,292.390,31.4022,31.4022,0.000000,0
50.8500,348.529,31.4022,31.4022,0.000000,0
50.9000,379.476,36.8277,36.8277,0.000000,0
50.9500,424.811,36.8277,36.8277,0.000000,0
51.0000,407.894,36.3891,36.3891,0.000000,0
51.0500,430.971,36.3891,36.3891,0.000000,0
51.1000,422.399,37.2812,37.2812,0.000000,0
51.1500,411.276,37.2812,37.2812,0.000000,0
51.2000,420.893,43.9026,43.9026,0.000000,0
51.2500,422.911,43.9026,43.9026,0.000000,0
51.3000,431.340,39.5521,39.5521,0.000000,0
51.3500,419.625,39.5521,39.5521,0.000000,0
51.4000,427.822,26.2839,26.2839,0.000000,0
51.4500,421.291,26.2839,26.2839,0.000000,0
51.5000,429.792,26.2441,26.2441,0.000000,0
51.5500,426.944,26.2441,26.2441,0.000000,0
51.6000,436.834,38.5212,38.5212,0.000000,0
51.6500,423.827,38.5212,38.5212,0.000000,0
51.7000,400.109,43.9015,43.9015,0.000000,0
51.7500,397.256,43.9015,43.9015,0.000000,0
51.8000,413.265,40.6870,40.6870,0.000000,0
51.8500,438.518,40.6870,40.6870,0.000000,0
51.9000,424.125,50.1531,50.1531,0.000000,0
51.9500,426.807,50.1531,50.1531,0.000000,0
52.0000,430.888,55.3989,55.3989,0.000000,0
52.0500,423.965,55.3989,55.3989,0.000000,0
52.1000,432.661,45.5118,45.5118,0.000000,0
52.1500,425.339,45.5118,45.5118,0.000000,0
52.2000,439.355,55.4365,55.4365,0.000000,0
52.2500,427.279,55.4365,55.4365,0.000000,0
52.3000,424.289,37.4066,37.4066,0.000000,0
52.3500,422.756,37.4066,37.4066,0.000000,0
52.4000,434.909,53.3589,53.3589,0.000000,0
52.4500,418.675,53.3589,53.3589,0.000000,0
52.5000,400.323,56.5167,56.5167,0.000000,0
52.5500,386.159,56.5167,56.5167,0.000000,0
52.6000,364.314,47.2584,47.2584,0.000000,0
52.6500,377.138,47.2584,47.2584,0.000000,0
52.7000,440.313,62.2333,62.2333,0.000000,0
52.7500,430.722,62.2333,62.2333,0.000000,0
52.8000,392.978,63.5601,63.5601,0.000000,0
52.8500,375.217,63.5601,63.5601,0.000000,0
52.9000,357.682,54.7179,54.7179,0.000000,0
52.9500,355.642,54.7179,54.7179,0.000000,0
53.0000,337.819,50.4612,50.4612,0.000000,0
53.0500,357.203,50.4612,50.4612,0.000000,0
53.1000,420.357,45.6087,45.6087,0.000000,0
53.1500,402.186,45.6087,45.6087,0.000000,0
53.2000,383.336,3.7170,3.7170,0.000000,0
53.2500,383.336,3.7170,3.7170,0.000000,0
53.3000,383.336,3.1538,3.1538,0.000000,0
53.3500,383.336,3.1538,3.1538,0.000000,0
53.4000,383.336,3.8297,3.8297,0.000000,0
53.4500,383.336,3.8297,3.8297,0.000000,0
53.5000,383.336,12.1954,12.1954,0.000000,0
53.5500,107.986,12.1954,12.1954,0.000000,0
53.6000,137.137,28.3958,28.3958,0.000000,0
53.6500,194.141,28.3958,28.3958,0.000000,0
53.7000,255.349,12.3856,12.3856,0.000000,0
53.7500,231.145,12.3856,12.3856,0.000000,0
53.8000,250.889,11.2684,11.2684,0.000000,0
53.8500,281.606,11.2684,11.2684,0.000000,0
53.9000,295.951,17.2985,17.2985,0.000000,0
53.9500,298.676,17.2985,17.2985,0.000000,0
54.0000,319.747,26.8833,26.8833,0.000000,0
54.0500,338.423,26.8833,26.8833,0.000000,0
54.1000,336.312,29.4302,29.4302,0.000000,0
54.1500,350.301,29.4302,29.4302,0.000000,0
54.2000,352.819,26.5846,26.5846,0.000000,0
54.2500,345.876,26.5846,26.5846,0.000000,0
54.3000,354.147,46.2710,46.2710,0.000000,0
54.3500,351.755,46.2710,46.2710,0.000000,0
54.4000,351.854,3.3807,3.3807,0.000000,0
54.4500,318.011,3.3807,3.3807,0.000000,0
54.5000,307.510,2.7092,2.7092,0.000000,0
54.5500,307.510,2.7092,2.7092,0.000000,0
54.6000,307.510,12.2512,12.2512,0.000000,0
54.6500,307.510,12.2512,12.2512,0.000000,0
54.7000,307.510,28.3839,28.3839,0.000000,0
54.7500,81.110,28.3839,28.3839,0.000000,0
54.8000,127.010,31.9926,31.9926,0.000000,0
54.8500,183.797,31.9926,31.9926,0.000000,0
54.9000,170.158,28.6754,28.6754,0.000000,0
54.9500,137.028,28.6754,28.6754,0.000000,0
55.0000,119.186,46.7685,46.7685,0.000000,0
55.0500,99.834,46.7685,46.7685,0.000000,0
55.1000,87.529,60.8226,60.8226,0.000000,0
55.1500,101.828,60.8226,60.8226,0.000000,0
55.2000,100.347,74.0919,74.0919,0.000000,0
55.2500,97.813,74.0919,74.0919,0.000000,0
55.3000,91.615,90.1965,90.1965,0.000000,0
55.3500,90.847,90.1965,90.1965,0.000000,0
55.4000,71.484,92.7743,92.7743,0.000000,0
55.4500,79.899,92.7743,92.7743,0.000000,0
55.5000,90.052,93.9418,93.9418,0.000000,0
55.5500,81.692,93.9418,93.9418,0.000000,0
55.6000,90.142,129.0893,129.0893,0.000000,0
55.6500,103.776,129.0893,129.0893,0.000000,0
55.7000,97.397,103.7165,103.7165,0.000000,0
55.7500,117.008,103.7165,103.7165,0.000000,0
55.8000,114.342,118.6396,118.6396,0.000000,0
55.8500,112.575,118.6396,118.6396,0.000000,0
55.9000,92.625,105.5205,105.5205,0.000000,0
55.9500,102.585,105.5205,105.5205,0.000000,0
56.0000,90.518,94.1821,94.1821,0.000000,0
56.0500,87.860,94.1821,94.1821,0.000000,0
56.1000,112.648,148.8812,148.8812,0.000000,0
56.1500,121.231,148.8812,148.8812,0.000000,0
56.2000,140.043,123.1722,123.1722,0.000000,0
56.2500,134.846,123.1722,123.1722,0.000000,0
56.3000,167.367,84.5943,84.5943,0.000000,0
56.3500,193.930,84.5943,84.5943,0.000000,0
56.4000,195.030,40.7769,40.7769,0.000000,0
56.4500,215.903,40.7769,40.7769,0.000000,0
56.5000,235.713,2.1401,2.1401,0.000000,0
56.5500,286.286,2.1401,2.1401,0.000000,0
56.6000,367.464,4.1674,4.1674,0.000000,0
56.6500,391.574,4.1674,4.1674,0.000000,0
56.7000,403.341,10.5830,10.5830,0.000000,0
56.7500,412.241,10.5830,10.5830,0.000000,0
56.8000,419.659,31.2184,31.2184,0.000000,0
56.8500,421.253,31.2184,31.2184,0.000000,0
56.9000,421.458,36.5908,36.5908,0.000000,0
56.9500,423.172,36.5908,36.5908,0.000000,0
57.0000,415.232,29.8282,29.8282,0.000000,0
57.0500,415.494,29.8282,29.8282,0.000000,0
57.1000,421.436,5.1673,5.1673,0.000000,0
57.1500,407.085,5.1673,5.1673,0.000000,0
57.2000,383.707,20.0527,20.0527,0.000000,0
57.2500,367.458,20.0527,20.0527,0.000000,0
57.3000,365.142,32.8741,32.8741,0.000000,0
57.3500,356.992,32.8741,32.8741,0.000000,0
57.4000,341.445,36.6357,36.6357,0.000000,0
57.4500,329.129,36.6357,36.6357,0.000000,0
57.5000,321.177,71.2797,71.2797,0.000000,0
57.5500,307.401,71.2797,71.2797,0.000000,0
57.6000,291.808,121.2369,121.2369,0.000000,0
57.6500,272.275,121.2369,121.2369,0.000000,0
57.7000,239.669,111.2179,111.2179,0.000000,0
57.7500,219.389,111.2179,111.2179,0.000000,0
57.8000,200.096,155.1053,155.1053,0.000000,0
57.8500,179.639,155.1053,155.1053,0.000000,0
57.9000,155.798,161.8604,161.8604,0.000000,0
57.9500,121.294,161.8604,161.8604,0.000000,0
58.0000,93.982,169.7570,169.7570,0.000000,0
58.0500,93.982,169.7570,169.7570,0.000000,0
58.1000,50.106,47.0492,47.0492,0.000000,0
58.1500,39.649,47.0492,47.0492,0.000000,0
58.2000,40.213,100.0146,100.0146,0.000000,0
58.2500,41.631,100.0146,100.0146,0.000000,0
58.3000,43.076,0.0000,0.0000,0.000000,0
58.3500,41.482,0.0000,0.0000,0.000000,0
58.4000,46.108,133.6846,133.6846,0.000000,0
58.4500,37.526,133.6846,133.6846,0.000000,0
58.5000,52.820,72.5387,72.5387,0.000000,0
58.5500,44.891,72.5387,72.5387,0.000000,0
58.6000,39.388,21.3999,21.3999,0.000000,0
58.6500,41.849,21.3999,21.3999,0.000000,0
58.7000,40.174,0.0000,0.0000,0.000000,0
58.7500,33.980,0.0000,0.0000,0.000000,0
58.8000,39.315,0.0000,0.0000,0.000000,0
58.8500,36.245,0.0000,0.0000,0.000000,0
58.9000,34.499,0.0000,0.0000,0.000000,0
58.9500,33.058,0.0000,0.0000,0.000000,0
59.0000,27.238,100.6951,100.6951,0.000000,0
59.0500,28.282,100.6951,100.6951,0.000000,0
59.1000,31.830,61.8493,61.8493,0.000000,0
59.1500,29.251,61.8493,61.8493,0.000000,0
59.2000,31.569,22.3739,22.3739,0.000000,0
59.2500,40.074,22.3739,22.3739,0.000000,0
59.3000,31.636,15.8848,15.8848,0.000000,0
59.3500,35.710,15.8848,15.8848,0.000000,0
59.4000,35.626,37.1898,37.1898,0.000000,0
59.4500,31.863,37.1898,37.1898,0.000000,0
59.5000,49.796,43.7959,43.7959,0.000000,0
59.5500,31.993,43.7959,43.7959,0.000000,0
59.6000,33.530,72.3156,72.3156,0.000000,0
59.6500,29.981,72.3156,72.3156,0.000000,0
59.7000,41.118,44.3637,44.3637,0.000000,0
59.7500,37.666,44.3637,44.3637,0.000000,0
59.8000,29.736,35.4647,35.4647,0.000000,0
59.8500,34.177,35.4647,35.4647,0.000000,0
59.9000,30.032,17.1213,17.1213,0.000000,0
59.9500,36.420,17.1213,17.1213,0.000000,0
60.0000,33.811,27.1476,27.1476,0.000000,0
60.0500,35.960,27.1476,27.1476,0.000000,0
60.1000,32.624,46.6311,46.6311,0.000000,0
60.1500,47.512,46.6311,46.6311,0.000000,0
60.2000,42.024,32.2080,32.2080,0.000000,0
60.2500,38.800,32.2080,32.2080,0.000000,0
60.3000,49.011,83.7798,83.7798,0.000000,0
60.3500,37.029,83.7798,83.7798,0.000000,0
60.4000,32.395,6.7614,6.7614,0.000000,0
60.4500,30.119,6.7614,6.7614,0.000000,0
60.5000,38.540,60.4662,60.4662,0.000000,0
60.5500,35.820,60.4662,60.4662,0.000000,0
60.6000,29.087,20.9923,20.9923,0.000000,0
60.6500,38.123,20.9923,20.9923,0.000000,0
60.7000,39.015,5.5170,5.5170,0.000000,0
60.7500,34.440,5.5170,5.5170,0.000000,0
60.8000,33.767,12.1673,12.1673,0.000000,0
60.8500,32.250,12.1673,12.1673,0.000000,0
60.9000,60.885,36.8330,36.8330,0.000000,0
60.9500,36.036,36.8330,36.8330,0.000000,0
61.0000,43.348,60.9157,60.9157,0.000000,0
61.0500,36.274,60.9157,60.9157,0.000000,0
61.1000,39.525,94.4131,94.4131,0.000000,0
61.1500,40.423,94.4131,94.4131,0.000000,0
61.2000,31.601,63.1288,63.1288,0.000000,0
61.2500,33.755,63.1288,63.1288,0.000000,0
61.3000,33.748,44.1553,44.1553,0.000000,0
61.3500,40.283,44.1553,44.1553,0.000000,0
61.4000,39.926,22.8112,22.8112,0.000000,0
61.4500,43.653,22.8112,22.8112,0.000000,0
61.5000,26.576,11.1461,11.1461,0.000000,0
61.5500,39.091,11.1461,11.1461,0.000000,0
61.6000,49.531,21.0187,21.0187,0.000000,0
61.6500,35.452,21.0187,21.0187,0.000000,0
61.7000,35.506,23.2036,23.2036,0.000000,0
61.7500,27.522,23.2036,23.2036,0.000000,0
61.8000,38.038,34.9167,34.9167,0.000000,0
61.8500,41.568,34.9167,34.9167,0.000000,0
61.9000,35.299,43.3690,43.3690,0.000000,0
61.9500,35.869,43.3690,43.3690,0.000000,0
62.0000,34.431,65.8984,65.8984,0.000000,0
62.0500,47.498,65.8984,65.8984,0.000000,0
62.1000,33.691,84.8741,84.8741,0.000000,0
62.1500,38.681,84.8741,84.8741,0.000000,0
62.2000,36.040,93.2329,93.2329,0.000000,0
62.2500,32.500,93.2329,93.2329,0.000000,0
62.3000,31.736,102.1635,102.1635,0.000000,0
62.3500,32.687,102.1635,102.1635,0.000000,0
62.4000,32.014,104.7562,104.7562,0.000000,0
62.4500,35.601,104.7562,104.7562,0.000000,0
62.5000,30.729,114.7813,114.7813,0.000000,0
62.5500,31.996,114.7813,114.7813,0.000000,0
62.6000,52.396,126.1934,126.1934,0.000000,0
62.6500,42.282,126.1934,126.1934,0.000000,0
62.7000,27.523,117.2231,117.2231,0.000000,0
62.7500,46.060,117.2231,117.2231,0.000000,0
62.8000,33.643,144.1835,144.1835,0.000000,0
62.8500,41.889,144.1835,144.1835,0.000000,0
62.9000,42.583,143.9510,143.9510,0.000000,0
62.9500,41.194,143.9510,143.9510,0.000000,0
63.0000,40.648,134.5123,134.5123,0.000000,0
63.0500,51.329,134.5123,134.5123,0.000000,0
63.1000,33.994,169.9425,169.9425,0.000000,0
63.1500,46.178,169.9425,169.9425,0.000000,0
63.2000,47.916,115.7939,115.7939,0.000000,0
63.2500,47.913,115.7939,115.7939,0.000000,0
63.3000,40.220,26.8487,26.8487,0.000000,0
63.3500,50.130,26.8487,26.8487,0.000000,0
63.4000,38.496,7.2258,7.2258,0.000000,0
63.4500,42.555,7.2258,7.2258,0.000000,0
63.5000,44.117,41.4532,41.4532,0.000000,0
63.5500,29.168,41.4532,41.4532,0.000000,0
63.6000,62.158,31.3526,31.3526,0.000000,0
63.6500,50.808,31.3526,31.3526,0.000000,0
63.7000,32.943,23.9918,23.9918,0.000000,0
63.7500,33.185,23.9918,23.9918,0.000000,0
63.8000,39.651,88.0556,88.0556,0.000000,0
63.8500,33.104,88.0556,88.0556,0.000000,0
63.9000,31.993,6.4059,6.4059,0.000000,0
63.9500,37.070,6.4059,6.4059,0.000000,0
64.0000,34.152,98.4353,98.4353,0.000000,0
64.0500,29.947,98.4353,98.4353,0.000000,0
64.1000,25.675,46.7055,46.7055,0.000000,0
64.1500,34.302,46.7055,46.7055,0.000000,0
64.2000,35.702,15.6921,15.6921,0.000000,0
64.2500,52.118,15.6921,15.6921,0.000000,0
64.3000,29.622,10.7838,10.7838,0.000000,0
64.3500,29.384,10.7838,10.7838,0.000000,0
64.4000,31.877,30.9537,30.9537,0.000000,0
64.4500,27.936,30.9537,30.9537,0.000000,0
64.5000,45.139,44.0290,44.0290,0.000000,0
64.5500,31.259,44.0290,44.0290,0.000000,0
64.6000,29.603,58.1655,58.1655,0.000000,0
64.6500,27.934,58.1655,58.1655,0.000000,0
64.7000,41.495,63.2068,63.2068,0.000000,0
64.7500,36.031,63.2068,63.2068,0.000000,0
64.8000,29.812,8.6744,8.6744,0.000000,0
64.8500,33.090,8.6744,8.6744,0.000000,0
64.9000,25.921,26.7263,26.7263,0.000000,0
64.9500,29.885,26.7263,26.7263,0.000000,0
65.0000,30.446,55.5094,55.5094,0.000000,0
65.0500,39.723,55.5094,55.5094,0.000000,0
65.1000,37.815,17.1716,17.1716,0.000000,0
65.1500,30.321,17.1716,17.1716,0.000000,0
65.2000,33.550,14.5809,14.5809,0.000000,0
65.2500,32.889,14.5809,14.5809,0.000000,0
65.3000,29.562,39.1893,39.1893,0.000000,0
65.3500,27.623,39.1893,39.1893,0.000000,0
65.4000,29.551,39.1979,39.1979,0.000000,0
65.4500,31.306,39.1979,39.1979,0.000000,0
65.5000,30.554,60.6306,60.6306,0.000000,0
65.5500,31.372,60.6306,60.6306,0.000000,0
65.6000,39.760,72.5297,72.5297,0.000000,0
65.6500,35.196,72.5297,72.5297,0.000000,0
65.7000,29.552,71.1846,71.1846,0.000000,0
65.7500,35.263,71.1846,71.1846,0.000000,0
65.8000,29.386,43.3192,43.3192,0.000000,0
65.8500,31.652,43.3192,43.3192,0.000000,0
65.9000,32.007,0.0000,0.0000,0.000000,0
65.9500,29.957,0.0000,0.0000,0.000000,0
66.0000,29.897,0.0000,0.0000,0.000000,0
66.0500,37.173,0.0000,0.0000,0.000000,0
66.1000,34.044,112.0790,112.0790,0.000000,0
66.1500,43.972,112.0790,112.0790,0.000000,0
66.2000,38.463,80.3679,80.3679,0.000000,0
66.2500,37.853,80.3679,80.3679,0.000000,0
66.3000,39.277,117.0306,117.0306,0.000000,0
66.3500,33.787,117.0306,117.0306,0.000000,0
66.4000,26.073,109.3713,109.3713,0.000000,0
66.4500,31.872,109.3713,109.3713,0.000000,0
66.5000,34.158,22.7442,22.7442,0.000000,0
66.5500,42.034,22.7442,22.7442,0.000000,0
66.6000,34.520,106.0776,106.0776,0.000000,0
66.6500,32.328,106.0776,106.0776,0.000000,0
66.7000,34.399,14.6435,14.6435,0.000000,0
66.7500,43.897,14.6435,14.6435,0.000000,0
66.8000,45.335,6.0829,6.0829,0.000000,0
66.8500,38.143,6.0829,6.0829,0.000000,0
66.9000,36.983,48.7517,48.7517,0.000000,0
66.9500,36.298,48.7517,48.7517,0.000000,0
67.0000,41.922,7.6811,7.6811,0.000000,0
67.0500,29.960,7.6811,7.6811,0.000000,0
67.1000,51.423,8.8987,8.8987,0.000000,0
67.1500,33.015,8.8987,8.8987,0.000000,0
67.2000,31.484,21.3406,21.3406,0.000000,0
67.2500,29.525,21.3406,21.3406,0.000000,0
67.3000,35.578,49.4724,49.4724,0.000000,0
67.3500,37.268,49.4724,49.4724,0.000000,0
67.4000,38.347,23.8246,23.8246,0.000000,0
67.4500,27.217,23.8246,23.8246,0.000000,0
67.5000,31.530,11.5172,11.5172,0.000000,0
67.5500,35.674,11.5172,11.5172,0.000000,0
67.6000,29.509,10.1415,10.1415,0.000000,0
67.6500,36.418,10.1415,10.1415,0.000000,0
67.7000,26.062,89.4460,89.4460,0.000000,0
67.7500,31.508,89.4460,89.4460,0.000000,0
67.8000,28.170,91.2229,91.2229,0.000000,0
67.8500,35.641,91.2229,91.2229,0.000000,0
67.9000,30.801,93.5336,93.5336,0.000000,0
67.9500,30.023,93.5336,93.5336,0.000000,0
68.0000,29.755,98.9864,98.9864,0.000000,0
68.0500,29.524,98.9864,98.9864,0.000000,0
68.1000,29.977,103.2898,103.2898,0.000000,0
68.1500,37.539,103.2898,103.2898,0.000000,0
68.2000,37.656,73.1999,73.1999,0.000000,0
68.2500,31.732,73.1999,73.1999,0.000000,0
68.3000,42.737,100.9537,100.9537,0.000000,0
68.3500,32.862,100.9537,100.9537,0.000000,0
68.4000,29.538,77.3814,77.3814,0.000000,0
68.4500,32.349,77.3814,77.3814,0.000000,0
68.5000,26.269,93.7553,93.7553,0.000000,0
68.5500,28.606,93.7553,93.7553,0.000000,0
68.6000,40.759,98.4402,98.4402,0.000000,0
68.6500,34.363,98.4402,98.4402,0.000000,0
68.7000,28.383,54.3970,54.3970,0.000000,0
68.7500,40.276,54.3970,54.3970,0.000000,0
68.8000,38.215,70.7351,70.7351,0.000000,0
68.8500,30.991,70.7351,70.7351,0.000000,0
68.9000,32.852,82.8144,82.8144,0.000000,0
68.9500,31.576,82.8144,82.8144,0.000000,0
69.0000,33.938,64.5272,64.5272,0.000000,0
69.0500,32.280,64.5272,64.5272,0.000000,0
69.1000,28.289,77.9313,77.9313,0.000000,0
69.1500,33.606,77.9313,77.9313,0.000000,0
69.2000,28.794,68.0897,68.0897,0.000000,0
69.2500,30.666,68.0897,68.0897,0.000000,0
69.3000,28.204,79.8266,79.8266,0.000000,0
69.3500,29.400,79.8266,79.8266,0.000000,0
69.4000,32.832,80.5312,80.5312,0.000000,0
69.4500,31.017,80.5312,80.5312,0.000000,0
69.5000,31.174,83.5872,83.5872,0.000000,0
69.5500,31.459,83.5872,83.5872,0.000000,0
69.6000,32.946,78.6671,78.6671,0.000000,0
69.6500,32.687,78.6671,78.6671,0.000000,0
69.7000,26.745,79.4901,79.4901,0.000000,0
69.7500,32.480,79.4901,79.4901,0.000000,0
69.8000,29.345,69.7151,69.7151,0.000000,0
69.8500,27.589,69.7151,69.7151,0.000000,0
69.9000,27.162,82.0216,82.0216,0.000000,0
69.9500,26.508,82.0216,82.0216,0.000000,0
70.0000,35.823,87.8302,87.8302,0.000000,0
70.0500,31.490,87.8302,87.8302,0.000000,0
70.1000,31.697,88.1945,88.1945,0.000000,0
70.1500,34.500,88.1945,88.1945,0.000000,0
70.2000,31.672,84.9645,84.9645,0.000000,0
70.2500,25.942,84.9645,84.9645,0.000000,0
70.3000,32.811,87.2768,87.2768,0.000000,0
70.3500,32.165,87.2768,87.2768,0.000000,0
70.4000,27.760,82.4154,82.4154,0.000000,0
70.4500,27.172,82.4154,82.4154,0.000000,0
70.5000,28.348,78.3028,78.3028,0.000000,0
70.5500,28.961,78.3028,78.3028,0.000000,0
70.6000,32.060,96.0182,96.0182,0.000000,0
70.6500,29.228,96.0182,96.0182,0.000000,0
70.7000,29.651,100.9886,100.9886,0.000000,0
70.7500,26.217,100.9886,100.9886,0.000000,0
70.8000,32.061,65.7377,65.7377,0.000000,0
70.8500,29.805,65.7377,65.7377,0.000000,0
70.9000,31.732,93.3742,93.3742,0.000000,0
70.9500,32.113,93.3742,93.3742,0.000000,0
71.0000,27.271,85.2242,85.2242,0.000000,0
71.0500,27.931,85.2242,85.2242,0.000000,0
71.1000,29.906,81.5228,81.5228,0.000000,0
71.1500,34.619,81.5228,81.5228,0.000000,0
71.2000,28.585,82.4822,82.4822,0.000000,0
71.2500,35.820,82.4822,82.4822,0.000000,0
71.3000,32.306,21.3352,21.3352,0.000000,0
71.3500,32.156,21.3352,21.3352,0.000000,0
71.4000,32.242,0.0000,0.0000,0.000000,0
71.4500,26.561,0.0000,0.0000,0.000000,0
71.5000,31.811,0.0000,0.0000,0.000000,0
71.5500,30.938,0.0000,0.0000,0.000000,0
71.6000,32.415,0.0000,0.0000,0.000000,0
71.6500,30.278,0.0000,0.0000,0.000000,0
71.7000,28.523,0.0000,0.0000,0.000000,0
71.7500,28.523,0.0000,0.0000,0.000000,0
71.8000,28.523,0.0000,0.0000,0.000000,0
71.8500,28.523,0.0000,0.0000,0.000000,0
71.9000,28.523,0.0000,0.0000,0.000000,0
71.9500,28.523,0.0000,0.0000,0.000000,0
72.0000,28.523,0.0000,0.0000,0.000000,0
72.0500,236.022,0.0000,0.0000,0.000000,0
72.1000,226.028,0.1125,0.1125,0.000000,0
72.1500,226.028,0.1125,0.1125,0.000000,0
72.2000,226.028,1.3547,1.3547,0.000000,0
72.2500,226.028,1.3547,1.3547,0.000000,0
72.3000,32.413,5.3956,5.3956,0.000000,0
72.3500,32.797,5.3956,5.3956,0.000000,0
72.4000,28.424,7.6580,7.6580,0.000000,0
72.4500,32.834,7.6580,7.6580,0.000000,0
72.5000,26.170,11.9690,11.9690,0.000000,0
72.5500,26.729,11.9690,11.9690,0.000000,0
72.6000,25.963,7.9779,7.9779,0.000000,0
72.6500,39.854,7.9779,7.9779,0.000000,0
72.7000,56.760,9.8003,9.8003,0.000000,0
72.7500,48.247,9.8003,9.8003,0.000000,0
72.8000,49.887,14.0797,14.0797,0.000000,0
72.8500,32.998,14.0797,14.0797,0.000000,0
72.9000,28.387,12.8403,12.8403,0.000000,0
72.9500,35.933,12.8403,12.8403,0.000000,0
73.0000,32.549,14.1925,14.1925,0.000000,0
73.0500,32.979,14.1925,14.1925,0.000000,0
73.1000,37.530,15.9963,15.9963,0.000000,0
73.1500,37.325,15.9963,15.9963,0.000000,0
73.2000,30.020,12.6147,12.6147,0.000000,0
73.2500,29.656,12.6147,12.6147,0.000000,0
73.3000,42.337,18.2916,18.2916,0.000000,0
73.3500,26.767,18.2916,18.2916,0.000000,0
73.4000,39.134,15.6203,15.6203,0.000000,0
73.4500,42.736,15.6203,15.6203,0.000000,0
73.5000,35.020,13.4407,13.4407,0.000000,0
73.5500,28.793,13.4407,13.4407,0.000000,0
73.6000,40.772,13.9297,13.9297,0.000000,0
73.6500,29.409,13.9297,13.9297,0.000000,0
73.7000,40.996,11.0653,11.0653,0.000000,0
73.7500,33.152,11.0653,11.0653,0.000000,0
73.8000,30.626,15.2818,15.2818,0.000000,0
73.8500,41.054,15.2818,15.2818,0.000000,0
73.9000,33.636,16.0396,16.0396,0.000000,0
73.9500,28.717,16.0396,16.0396,0.000000,0
74.0000,47.316,18.6984,18.6984,0.000000,0
74.0500,31.243,18.6984,18.6984,0.000000,0
74.1000,44.578,18.6462,18.6462,0.000000,0
74.1500,62.416,18.6462,18.6462,0.000000,0
74.2000,28.713,14.4178,14.4178,0.000000,0
74.2500,28.721,14.4178,14.4178,0.000000,0
74.3000,26.912,16.2647,16.2647,0.000000,0
74.3500,35.593,16.2647,16.2647,0.000000,0
74.4000,37.267,17.0750,17.0750,0.000000,0
74.4500,39.565,17.0750,17.0750,0.000000,0
74.5000,30.115,16.8946,16.8946,0.000000,0
74.5500,42.768,16.8946,16.8946,0.000000,0
74.6000,31.354,15.0944,15.0944,0.000000,0
74.6500,47.640,15.0944,15.0944,0.000000,0
74.7000,29.580,21.4623,21.4623,0.000000,0
74.7500,31.902,21.4623,21.4623,0.000000,0
74.8000,55.159,13.0296,13.0296,0.000000,0
74.8500,30.227,13.0296,13.0296,0.000000,0
74.9000,25.970,18.2480,18.2480,0.000000,0
74.9500,44.226,18.2480,18.2480,0.000000,0
75.0000,42.241,15.9939,15.9939,0.000000,0
75.0500,45.794,15.9939,15.9939,0.000000,0
75.1000,44.597,15.7702,15.7702,0.000000,0
75.1500,26.654,15.7702,15.7702,0.000000,0
75.2000,28.039,17.3464,17.3464,0.000000,0
75.2500,45.429,17.3464,17.3464,0.000000,0
75.3000,47.025,15.8056,15.8056,0.000000,0
75.3500,48.168,15.8056,15.8056,0.000000,0
75.4000,46.517,16.2275,16.2275,0.000000,0
75.4500,32.610,16.2275,16.2275,0.000000,0
75.5000,34.425,13.7041,13.7041,0.000000,0
75.5500,36.028,13.7041,13.7041,0.000000,0
75.6000,28.952,19.8731,19.8731,0.000000,0
75.6500,26.746,19.8731,19.8731,0.000000,0
75.7000,42.121,17.3052,17.3052,0.000000,0
75.7500,38.257,17.3052,17.3052,0.000000,0
75.8000,41.473,20.2750,20.2750,0.000000,0
75.8500,39.378,20.2750,20.2750,0.000000,0
75.9000,31.104,19.3737,19.3737,0.000000,0
75.9500,39.076,19.3737,19.3737,0.000000,0
76.0000,46.357,20.9523,20.9523,0.000000,0
76.0500,38.715,20.9523,20.9523,0.000000,0
76.1000,33.972,14.6429,14.6429,0.000000,0
76.1500,40.258,14.6429,14.6429,0.000000,0
76.2000,26.834,19.3743,19.3743,0.000000,0
76.2500,31.177,19.3743,19.3743,0.000000,0
76.3000,41.270,14.6428,14.6428,0.000000,0
76.3500,27.083,14.6428,14.6428,0.000000,0
76.4000,34.943,18.4735,18.4735,0.000000,0
76.4500,30.646,18.4735,18.4735,0.000000,0
76.5000,45.202,19.1488,19.1488,0.000000,0
76.5500,36.446,19.1488,19.1488,0.000000,0
76.6000,29.173,20.9512,20.9512,0.000000,0
76.6500,48.581,20.9512,20.9512,0.000000,0
76.7000,34.975,17.3881,17.3881,0.000000,0
76.7500,33.246,17.3881,17.3881,0.000000,0
76.8000,35.063,18.8773,18.8773,0.000000,0
76.8500,35.651,18.8773,18.8773,0.000000,0
76.9000,27.092,19.6556,19.6556,0.000000,0
76.9500,26.955,19.6556,19.6556,0.000000,0
77.0000,32.347,19.1469,19.1469,0.000000,0
77.0500,38.450,19.1469,19.1469,0.000000,0
77.1000,39.942,19.7717,19.7717,0.000000,0
77.1500,32.641,19.7717,19.7717,0.000000,0
77.2000,27.164,16.8958,16.8958,0.000000,0
77.2500,29.025,16.8958,16.8958,0.000000,0
77.3000,41.618,15.0936,15.0936,0.000000,0
77.3500,42.308,15.0936,15.0936,0.000000,0
77.4000,31.303,22.5894,22.5894,0.000000,0
77.4500,30.711,22.5894,22.5894,0.000000,0
77.5000,26.585,16.1762,16.1762,0.000000,0
77.5500,32.631,16.1762,16.1762,0.000000,0
77.6000,30.497,27.3384,27.3384,0.000000,0
77.6500,65.140,27.3384,27.3384,0.000000,0
77.7000,29.100,17.7448,17.7448,0.000000,0
77.7500,44.945,17.7448,17.7448,0.000000,0
77.8000,35.716,19.7112,19.7112,0.000000,0
77.8500,39.478,19.7112,19.7112,0.000000,0
77.9000,35.077,25.2311,25.2311,0.000000,0
77.9500,32.500,25.2311,25.2311,0.000000,0
78.0000,34.581,25.1910,25.1910,0.000000,0
78.0500,29.084,25.1910,25.1910,0.000000,0
78.1000,49.162,23.5907,23.5907,0.000000,0
78.1500,32.923,23.5907,23.5907,0.000000,0
78.2000,32.668,20.7146,20.7146,0.000000,0
78.2500,39.104,20.7146,20.7146,0.000000,0
78.3000,36.155,14.1987,14.1987,0.000000,0
78.3500,29.246,14.1987,14.1987,0.000000,0
78.4000,37.247,17.3473,17.3473,0.000000,0
78.4500,31.350,17.3473,17.3473,0.000000,0
78.5000,30.883,14.1919,14.1919,0.000000,0
78.5500,45.162,14.1919,14.1919,0.000000,0
78.6000,32.971,15.9952,15.9952,0.000000,0
78.6500,40.171,15.9952,15.9952,0.000000,0
78.7000,42.760,21.4027,21.4027,0.000000,0
78.7500,38.668,21.4027,21.4027,0.000000,0
78.8000,34.107,15.8044,15.8044,0.000000,0
78.8500,37.164,15.8044,15.8044,0.000000,0
78.9000,32.771,20.4543,20.4543,0.000000,0
78.9500,43.295,20.4543,20.4543,0.000000,0
79.0000,53.428,20.9512,20.9512,0.000000,0
79.0500,29.211,20.9512,20.9512,0.000000,0
79.1000,37.060,18.2484,18.2484,0.000000,0
79.1500,27.116,18.2484,18.2484,0.000000,0
79.2000,31.185,16.8958,16.8958,0.000000,0
79.2500,28.822,16.8958,16.8958,0.000000,0
79.3000,34.510,13.2918,13.2918,0.000000,0
79.3500,35.032,13.2918,13.2918,0.000000,0
79.4000,34.759,17.5711,17.5711,0.000000,0
79.4500,34.573,17.5711,17.5711,0.000000,0
79.5000,36.417,18.8109,18.8109,0.000000,0
79.5500,52.636,18.8109,18.8109,0.000000,0
79.6000,40.954,15.8824,15.8824,0.000000,0
79.6500,40.664,15.8824,15.8824,0.000000,0
79.7000,46.761,20.1016,20.1016,0.000000,0
79.7500,36.778,20.1016,20.1016,0.000000,0
79.8000,41.119,24.5036,24.5036,0.000000,0
79.8500,47.248,24.5036,24.5036,0.000000,0
79.9000,44.853,18.5771,18.5771,0.000000,0
79.9500,36.260,18.5771,18.5771,0.000000,0
80.0000,35.346,19.9375,19.9375,0.000000,0
80.0500,27.234,19.9375,19.9375,0.000000,0
80.1000,34.981,22.3027,22.3027,0.000000,0
80.1500,31.127,22.3027,22.3027,0.000000,0
80.2000,41.031,23.0910,23.0910,0.000000,0
80.2500,46.895,23.0910,23.0910,0.000000,0
80.3000,52.270,19.7122,19.7122,0.000000,0
80.3500,28.839,19.7122,19.7122,0.000000,0
80.4000,48.383,22.3023,22.3023,0.000000,0
80.4500,39.020,22.3023,22.3023,0.000000,0
80.5000,47.285,20.7260,20.7260,0.000000,0
80.5500,27.219,20.7260,20.7260,0.000000,0
80.6000,34.645,20.5005,20.5005,0.000000,0
80.6500,27.356,20.5005,20.5005,0.000000,0
80.7000,32.957,17.1203,17.1203,0.000000,0
80.7500,27.213,17.1203,17.1203,0.000000,0
80.8000,33.039,19.1505,19.1505,0.000000,0
80.8500,26.878,19.1505,19.1505,0.000000,0
80.9000,28.918,23.2024,23.2024,0.000000,0
80.9500,44.859,23.2024,23.2024,0.000000,0
81.0000,33.189,22.0783,22.0783,0.000000,0
81.0500,37.975,22.0783,22.0783,0.000000,0
81.1000,40.464,18.6971,18.6971,0.000000,0
81.1500,41.004,18.6971,18.6971,0.000000,0
81.2000,40.208,24.2195,24.2195,0.000000,0
81.2500,44.474,24.2195,24.2195,0.000000,0
81.3000,38.220,21.5123,21.5123,0.000000,0
81.3500,36.636,21.5123,21.5123,0.000000,0
81.4000,40.251,22.0783,22.0783,0.000000,0
81.4500,50.783,22.0783,22.0783,0.000000,0
81.5000,44.650,20.0495,20.0495,0.000000,0
81.5500,32.487,20.0495,20.0495,0.000000,0
81.6000,29.250,21.6878,21.6878,0.000000,0
81.6500,33.212,21.6878,21.6878,0.000000,0
81.7000,32.938,21.5661,21.5661,0.000000,0
81.7500,35.093,21.5661,21.5661,0.000000,0
81.8000,34.851,14.4533,14.4533,0.000000,0
81.8500,32.780,14.4533,14.4533,0.000000,0
81.9000,27.076,24.1139,24.1139,0.000000,0
81.9500,34.199,24.1139,24.1139,0.000000,0
82.0000,33.266,23.6997,23.6997,0.000000,0
82.0500,36.302,23.6997,23.6997,0.000000,0
82.1000,41.049,22.4790,22.4790,0.000000,0
82.1500,40.994,22.4790,22.4790,0.000000,0
82.2000,33.354,20.7813,20.7813,0.000000,0
82.2500,63.282,20.7813,20.7813,0.000000,0
82.3000,37.829,20.3905,20.3905,0.000000,0
82.3500,38.739,20.3905,20.3905,0.000000,0
82.4000,32.968,28.2687,28.2687,0.000000,0
82.4500,37.532,28.2687,28.2687,0.000000,0
82.5000,28.951,16.8300,16.8300,0.000000,0
82.5500,31.290,16.8300,16.8300,0.000000,0
82.6000,30.203,28.0476,28.0476,0.000000,0
82.6500,34.743,28.0476,28.0476,0.000000,0
82.7000,37.212,19.0240,19.0240,0.000000,0
82.7500,27.329,19.0240,19.0240,0.000000,0
82.8000,28.695,25.5762,25.5762,0.000000,0
82.8500,34.485,25.5762,25.5762,0.000000,0
82.9000,26.883,23.7104,23.7104,0.000000,0
82.9500,28.910,23.7104,23.7104,0.000000,0
83.0000,36.379,18.6986,18.6986,0.000000,0
83.0500,38.633,18.6986,18.6986,0.000000,0
83.1000,35.928,26.9191,26.9191,0.000000,0
83.1500,38.718,26.9191,26.9191,0.000000,0
83.2000,34.658,25.5706,25.5706,0.000000,0
83.2500,34.854,25.5706,25.5706,0.000000,0
83.3000,36.916,20.7260,20.7260,0.000000,0
83.3500,35.543,20.7260,20.7260,0.000000,0
83.4000,34.944,17.3441,17.3441,0.000000,0
83.4500,37.312,17.3441,17.3441,0.000000,0
83.5000,30.374,27.1473,27.1473,0.000000,0
83.5500,39.011,27.1473,27.1473,0.000000,0
83.6000,29.108,26.4720,26.4720,0.000000,0
83.6500,31.389,26.4720,26.4720,0.000000,0
83.7000,39.222,25.5281,25.5281,0.000000,0
83.7500,35.450,25.5281,25.5281,0.000000,0
83.8000,42.843,10.3338,10.3338,0.000000,0
83.8500,34.646,10.3338,10.3338,0.000000,0
83.9000,35.160,16.9429,16.9429,0.000000,0
83.9500,32.603,16.9429,16.9429,0.000000,0
84.0000,27.475,17.3466,17.3466,0.000000,0
84.0500,45.040,17.3466,17.3466,0.000000,0
84.1000,46.950,23.1395,23.1395,0.000000,0
84.1500,45.049,23.1395,23.1395,0.000000,0
84.2000,44.057,31.3155,31.3155,0.000000,0
84.2500,30.613,31.3155,31.3155,0.000000,0
84.3000,97.262,24.5533,24.5533,0.000000,0
84.3500,73.367,24.5533,24.5533,0.000000,0
84.4000,49.533,23.0917,23.0917,0.000000,0
84.4500,31.586,23.0917,23.0917,0.000000,0
84.5000,41.940,23.4249,23.4249,0.000000,0
84.5500,48.883,23.4249,23.4249,0.000000,0
84.6000,31.008,18.8133,18.8133,0.000000,0
84.6500,30.765,18.8133,18.8133,0.000000,0
84.7000,32.971,18.7072,18.7072,0.000000,0
84.7500,36.205,18.7072,18.7072,0.000000,0
84.8000,35.979,20.8885,20.8885,0.000000,0
84.8500,33.870,20.8885,20.8885,0.000000,0
84.9000,36.142,16.9613,16.9613,0.000000,0
84.9500,30.621,16.9613,16.9613,0.000000,0
85.0000,52.272,22.7540,22.7540,0.000000,0
85.0500,31.702,22.7540,22.7540,0.000000,0
85.1000,45.523,22.5278,22.5278,0.000000,0
85.1500,33.712,22.5278,22.5278,0.000000,0
85.2000,36.100,17.7969,17.7969,0.000000,0
85.2500,61.847,17.7969,17.7969,0.000000,0
85.3000,65.020,18.9241,18.9241,0.000000,0
85.3500,45.398,18.9241,18.9241,0.000000,0
85.4000,36.650,27.5495,27.5495,0.000000,0
85.4500,46.907,27.5495,27.5495,0.000000,0
85.5000,29.762,25.2394,25.2394,0.000000,0
85.5500,54.098,25.2394,25.2394,0.000000,0
85.6000,32.478,15.2778,15.2778,0.000000,0
85.6500,32.416,15.2778,15.2778,0.000000,0
85.7000,34.793,26.7690,26.7690,0.000000,0
85.7500,33.426,26.7690,26.7690,0.000000,0
85.8000,76.388,18.8075,18.8075,0.000000,0
85.8500,42.127,18.8075,18.8075,0.000000,0
85.9000,37.490,26.1781,26.1781,0.000000,0
85.9500,53.788,26.1781,26.1781,0.000000,0
86.0000,30.979,25.7530,25.7530,0.000000,0
86.0500,37.173,25.7530,25.7530,0.000000,0
86.1000,53.365,14.0799,14.0799,0.000000,0
86.1500,39.605,14.0799,14.0799,0.000000,0
86.2000,43.323,24.2633,24.2633,0.000000,0
86.2500,37.273,24.2633,24.2633,0.000000,0
86.3000,30.988,0.0000,0.0000,0.000000,0
86.3500,35.146,0.0000,0.0000,0.000000,0
86.4000,45.718,0.0000,0.0000,0.000000,0
86.4500,43.367,0.0000,0.0000,0.000000,0
86.5000,35.789,0.0000,0.0000,0.000000,0
86.5500,32.579,0.0000,0.0000,0.000000,0
86.6000,58.898,0.0000,0.0000,0.000000,0
86.6500,43.551,0.0000,0.0000,0.000000,0
86.7000,37.291,0.0000,0.0000,0.000000,0
86.7500,37.291,0.0000,0.0000,0.000000,0
86.8000,37.291,0.0000,0.0000,0.000000,0
86.8500,37.291,0.0000,0.0000,0.000000,0
86.9000,37.291,0.0000,0.0000,0.000000,0
86.9500,37.291,0.0000,0.0000,0.000000,0
87.0000,37.291,0.0000,0.0000,0.000000,0
87.0500,37.291,0.0000,0.0000,0.000000,0
87.1000,456.279,0.0000,0.0000,0.000000,0
87.1500,426.231,0.0000,0.0000,0.000000,0
87.2000,426.231,0.1127,0.1127,0.000000,0
87.2500,426.231,0.1127,0.1127,0.000000,0
87.3000,426.231,1.3500,1.3500,0.000000,0
87.3500,426.231,1.3500,1.3500,0.000000,0
87.4000,426.231,5.6492,5.6492,0.000000,0
87.4500,116.186,5.6492,5.6492,0.000000,0
87.5000,76.850,10.6728,10.6728,0.000000,0
87.5500,63.307,10.6728,10.6728,0.000000,0
87.6000,60.292,6.9891,6.9891,0.000000,0
87.6500,29.600,6.9891,6.9891,0.000000,0
87.7000,39.947,10.1379,10.1379,0.000000,0
87.7500,27.392,10.1379,10.1379,0.000000,0
87.8000,34.179,12.8403,12.8403,0.000000,0
87.8500,44.326,12.8403,12.8403,0.000000,0
87.9000,27.014,14.1926,14.1926,0.000000,0
87.9500,27.976,14.1926,14.1926,0.000000,0
88.0000,34.442,14.1928,14.1928,0.000000,0
88.0500,32.799,14.1928,14.1928,0.000000,0
88.1000,39.322,15.1360,15.1360,0.000000,0
88.1500,33.178,15.1360,15.1360,0.000000,0
88.2000,39.692,10.2204,10.2204,0.000000,0
88.2500,39.182,10.2204,10.2204,0.000000,0
88.3000,27.631,15.7031,15.7031,0.000000,0
88.3500,33.305,15.7031,15.7031,0.000000,0
88.4000,32.800,19.0965,19.0965,0.000000,0
88.4500,37.482,19.0965,19.0965,0.000000,0
88.5000,53.500,21.3385,21.3385,0.000000,0
88.5500,49.541,21.3385,21.3385,0.000000,0
88.6000,49.227,25.3546,25.3546,0.000000,0
88.6500,42.585,25.3546,25.3546,0.000000,0
88.7000,33.093,27.4828,27.4828,0.000000,0
88.7500,36.054,27.4828,27.4828,0.000000,0
88.8000,37.352,18.0866,18.0866,0.000000,0
88.8500,31.743,18.0866,18.0866,0.000000,0
88.9000,35.200,26.6563,26.6563,0.000000,0
88.9500,37.627,26.6563,26.6563,0.000000,0
89.0000,32.253,24.1500,24.1500,0.000000,0
89.0500,31.506,24.1500,24.1500,0.000000,0
89.1000,30.040,38.0716,38.0716,0.000000,0
89.1500,42.072,38.0716,38.0716,0.000000,0
89.2000,29.881,21.1903,21.1903,0.000000,0
89.2500,48.204,21.1903,21.1903,0.000000,0
89.3000,29.776,36.3552,36.3552,0.000000,0
89.3500,46.773,36.3552,36.3552,0.000000,0
89.4000,29.130,25.4946,25.4946,0.000000,0
89.4500,40.147,25.4946,25.4946,0.000000,0
89.5000,34.754,42.3573,42.3573,0.000000,0
89.5500,42.438,42.3573,42.3573,0.000000,0
89.6000,45.436,40.5699,40.5699,0.000000,0
89.6500,40.696,40.5699,40.5699,0.000000,0
89.7000,38.971,41.5438,41.5438,0.000000,0
89.7500,39.083,41.5438,41.5438,0.000000,0
89.8000,35.738,37.7042,37.7042,0.000000,0
89.8500,32.582,37.7042,37.7042,0.000000,0
89.9000,56.155,58.5409,58.5409,0.000000,0
89.9500,33.136,58.5409,58.5409,0.000000,0
90.0000,38.487,44.7051,44.7051,0.000000,0
90.0500,38.241,44.7051,44.7051,0.000000,0
90.1000,43.609,74.0015,74.0015,0.000000,0
90.1500,49.851,74.0015,74.0015,0.000000,0
90.2000,51.078,51.9709,51.9709,0.000000,0
90.2500,31.271,51.9709,51.9709,0.000000,0
90.3000,54.431,73.4746,73.4746,0.000000,0
90.3500,40.345,73.4746,73.4746,0.000000,0
90.4000,47.468,74.4117,74.4117,0.000000,0
90.4500,42.863,74.4117,74.4117,0.000000,0
90.5000,33.584,90.2246,90.2246,0.000000,0
90.5500,30.498,90.2246,90.2246,0.000000,0
90.6000,40.898,109.6798,109.6798,0.000000,0
90.6500,37.986,109.6798,109.6798,0.000000,0
90.7000,38.061,101.8883,101.8883,0.000000,0
90.7500,36.458,101.8883,101.8883,0.000000,0
90.8000,36.848,104.1910,104.1910,0.000000,0
90.8500,35.052,104.1910,104.1910,0.000000,0
90.9000,32.745,113.4693,113.4693,0.000000,0
90.9500,31.677,113.4693,113.4693,0.000000,0
91.0000,38.016,76.7338,76.7338,0.000000,0
91.0500,35.329,76.7338,76.7338,0.000000,0
91.1000,42.044,104.5009,104.5009,0.000000,0
91.1500,29.615,104.5009,104.5009,0.000000,0
91.2000,28.891,137.7546,137.7546,0.000000,0
91.2500,29.977,137.7546,137.7546,0.000000,0
91.3000,35.250,122.3543,122.3543,0.000000,0
91.3500,36.134,122.3543,122.3543,0.000000,0
91.4000,45.197,119.5845,119.5845,0.000000,0
91.4500,51.104,119.5845,119.5845,0.000000,0
91.5000,58.237,123.5473,123.5473,0.000000,0
91.5500,38.489,123.5473,123.5473,0.000000,0
91.6000,52.649,111.7842,111.7842,0.000000,0
91.6500,33.676,111.7842,111.7842,0.000000,0
91.7000,44.219,153.0845,153.0845,0.000000,0
91.7500,38.626,153.0845,153.0845,0.000000,0
91.8000,39.189,88.4348,88.4348,0.000000,0
91.8500,61.124,88.4348,88.4348,0.000000,0
91.9000,42.855,58.8310,58.8310,0.000000,0
91.9500,34.617,58.8310,58.8310,0.000000,0
92.0000,51.690,63.2645,63.2645,0.000000,0
92.0500,47.943,63.2645,63.2645,0.000000,0
92.1000,38.008,68.7283,68.7283,0.000000,0
92.1500,45.314,68.7283,68.7283,0.000000,0
92.2000,38.095,77.5585,77.5585,0.000000,0
92.2500,32.685,77.5585,77.5585,0.000000,0
92.3000,43.331,30.7846,30.7846,0.000000,0
92.3500,82.335,30.7846,30.7846,0.000000,0
92.4000,87.319,130.4470,130.4470,0.000000,0
92.4500,54.473,130.4470,130.4470,0.000000,0
92.5000,37.234,47.3725,47.3725,0.000000,0
92.5500,76.558,47.3725,47.3725,0.000000,0
92.6000,48.868,35.4827,35.4827,0.000000,0
92.6500,31.690,35.4827,35.4827,0.000000,0
92.7000,31.646,51.3635,51.3635,0.000000,0
92.7500,32.077,51.3635,51.3635,0.000000,0
92.8000,35.648,43.1242,43.1242,0.000000,0
92.8500,36.181,43.1242,43.1242,0.000000,0
92.9000,40.564,52.4080,52.4080,0.000000,0
92.9500,29.332,52.4080,52.4080,0.000000,0
93.0000,39.861,57.8057,57.8057,0.000000,0
93.0500,29.502,57.8057,57.8057,0.000000,0
93.1000,30.781,45.4925,45.4925,0.000000,0
93.1500,35.845,45.4925,45.4925,0.000000,0
93.2000,57.475,48.6546,48.6546,0.000000,0
93.2500,28.993,48.6546,48.6546,0.000000,0
93.3000,29.211,27.8581,27.8581,0.000000,0
93.3500,35.112,27.8581,27.8581,0.000000,0
93.4000,30.227,35.4846,35.4846,0.000000,0
93.4500,40.507,35.4846,35.4846,0.000000,0
93.5000,32.523,33.8904,33.8904,0.000000,0
93.5500,46.589,33.8904,33.8904,0.000000,0
93.6000,51.837,34.3476,34.3476,0.000000,0
93.6500,36.847,34.3476,34.3476,0.000000,0
93.7000,45.041,12.9480,12.9480,0.000000,0
93.7500,39.603,12.9480,12.9480,0.000000,0
93.8000,36.369,51.5177,51.5177,0.000000,0
93.8500,32.689,51.5177,51.5177,0.000000,0
93.9000,34.543,20.4988,20.4988,0.000000,0
93.9500,39.518,20.4988,20.4988,0.000000,0
94.0000,59.977,30.7600,30.7600,0.000000,0
94.0500,32.704,30.7600,30.7600,0.000000,0
94.1000,66.249,20.3982,20.3982,0.000000,0
94.1500,56.296,20.3982,20.3982,0.000000,0
94.2000,48.106,30.2520,30.2520,0.000000,0
94.2500,39.175,30.2520,30.2520,0.000000,0
94.3000,45.086,28.8809,28.8809,0.000000,0
94.3500,46.769,28.8809,28.8809,0.000000,0
94.4000,32.190,37.9617,37.9617,0.000000,0
94.4500,53.959,37.9617,37.9617,0.000000,0
94.5000,40.491,30.7397,30.7397,0.000000,0
94.5500,36.619,30.7397,30.7397,0.000000,0
94.6000,42.862,33.6148,33.6148,0.000000,0
94.6500,34.256,33.6148,33.6148,0.000000,0
94.7000,34.823,36.3508,36.3508,0.000000,0
94.7500,46.817,36.3508,36.3508,0.000000,0
94.8000,51.025,31.5335,31.5335,0.000000,0
94.8500,30.376,31.5335,31.5335,0.000000,0
94.9000,36.598,24.1572,24.1572,0.000000,0
94.9500,39.205,24.1572,24.1572,0.000000,0
95.0000,39.893,30.8983,30.8983,0.000000,0
95.0500,35.724,30.8983,30.8983,0.000000,0
95.1000,29.848,26.8895,26.8895,0.000000,0
95.1500,33.887,26.8895,26.8895,0.000000,0
95.2000,35.430,26.2177,26.2177,0.000000,0
95.2500,49.696,26.2177,26.2177,0.000000,0
95.3000,38.661,36.0256,36.0256,0.000000,0
95.3500,29.326,36.0256,36.0256,0.000000,0
95.4000,66.292,26.4442,26.4442,0.000000,0
95.4500,56.483,26.4442,26.4442,0.000000,0
95.5000,38.874,35.3902,35.3902,0.000000,0
95.5500,34.825,35.3902,35.3902,0.000000,0
95.6000,33.059,19.6431,19.6431,0.000000,0
95.6500,32.462,19.6431,19.6431,0.000000,0
95.7000,44.105,26.4326,26.4326,0.000000,0
95.7500,34.685,26.4326,26.4326,0.000000,0
95.8000,36.916,34.9343,34.9343,0.000000,0
95.8500,42.768,34.9343,34.9343,0.000000,0
95.9000,34.642,29.1609,29.1609,0.000000,0
95.9500,42.415,29.1609,29.1609,0.000000,0
96.0000,53.221,37.4039,37.4039,0.000000,0
96.0500,38.344,37.4039,37.4039,0.000000,0
96.1000,70.408,29.8789,29.8789,0.000000,0
96.1500,39.269,29.8789,29.8789,0.000000,0
96.2000,31.935,39.4217,39.4217,0.000000,0
96.2500,31.207,39.4217,39.4217,0.000000,0
96.3000,35.539,29.2026,29.2026,0.000000,0
96.3500,30.347,29.2026,29.2026,0.000000,0
96.4000,42.951,35.9349,35.9349,0.000000,0
96.4500,35.266,35.9349,35.9349,0.000000,0
96.5000,36.212,27.2393,27.2393,0.000000,0
96.5500,31.280,27.2393,27.2393,0.000000,0
96.6000,29.704,27.7771,27.7771,0.000000,0
96.6500,29.289,27.7771,27.7771,0.000000,0
96.7000,54.033,30.7258,30.7258,0.000000,0
96.7500,33.742,30.7258,30.7258,0.000000,0
96.8000,28.296,40.5508,40.5508,0.000000,0
96.8500,37.497,40.5508,40.5508,0.000000,0
96.9000,47.924,31.5389,31.5389,0.000000,0
96.9500,29.099,31.5389,31.5389,0.000000,0
97.0000,46.298,27.2225,27.2225,0.000000,0
97.0500,53.789,27.2225,27.2225,0.000000,0
97.1000,33.698,37.9653,37.9653,0.000000,0
97.1500,29.190,37.9653,37.9653,0.000000,0
97.2000,35.272,29.8402,29.8402,0.000000,0
97.2500,33.093,29.8402,29.8402,0.000000,0
97.3000,72.137,25.8919,25.8919,0.000000,0
97.3500,39.437,25.8919,25.8919,0.000000,0
97.4000,30.500,31.3139,31.3139,0.000000,0
97.4500,56.112,31.3139,31.3139,0.000000,0
97.5000,38.458,32.3332,32.3332,0.000000,0
97.5500,38.130,32.3332,32.3332,0.000000,0
97.6000,37.804,29.1878,29.1878,0.000000,0
97.6500,33.824,29.1878,29.1878,0.000000,0
97.7000,30.141,39.5027,39.5027,0.000000,0
97.7500,36.608,39.5027,39.5027,0.000000,0
97.8000,32.086,31.2290,31.2290,0.000000,0
97.8500,32.572,31.2290,31.2290,0.000000,0
97.9000,54.438,29.9784,29.9784,0.000000,0
97.9500,52.466,29.9784,29.9784,0.000000,0
98.0000,37.582,29.5753,29.5753,0.000000,0
98.0500,28.717,29.5753,29.5753,0.000000,0
98.1000,31.188,39.2066,39.2066,0.000000,0
98.1500,31.589,39.2066,39.2066,0.000000,0
98.2000,37.282,36.3931,36.3931,0.000000,0
98.2500,40.685,36.3931,36.3931,0.000000,0
98.3000,57.490,20.9404,20.9404,0.000000,0
98.3500,28.699,20.9404,20.9404,0.000000,0
98.4000,45.159,41.3430,41.3430,0.000000,0
98.4500,36.256,41.3430,41.3430,0.000000,0
98.5000,41.456,39.7615,39.7615,0.000000,0
98.5500,35.662,39.7615,39.7615,0.000000,0
98.6000,29.403,34.9380,34.9380,0.000000,0
98.6500,45.858,34.9380,34.9380,0.000000,0
98.7000,63.884,34.4544,34.4544,0.000000,0
98.7500,38.052,34.4544,34.4544,0.000000,0
98.8000,33.827,32.0883,32.0883,0.000000,0
98.8500,35.419,32.0883,32.0883,0.000000,0
98.9000,33.948,48.8747,48.8747,0.000000,0
98.9500,32.268,48.8747,48.8747,0.000000,0
99.0000,33.958,37.0578,37.0578,0.000000,0
99.0500,38.433,37.0578,37.0578,0.000000,0
99.1000,44.090,37.9476,37.9476,0.000000,0
99.1500,45.248,37.9476,37.9476,0.000000,0
99.2000,46.169,36.3996,36.3996,0.000000,0
99.2500,43.737,36.3996,36.3996,0.000000,0
99.3000,39.433,25.7974,25.7974,0.000000,0
99.3500,38.932,25.7974,25.7974,0.000000,0
99.4000,38.416,34.8958,34.8958,0.000000,0
99.4500,33.463,34.8958,34.8958,0.000000,0
99.5000,31.820,39.1870,39.1870,0.000000,0
99.5500,43.512,39.1870,39.1870,0.000000,0
99.6000,38.379,34.2559,34.2559,0.000000,0
99.6500,38.479,34.2559,34.2559,0.000000,0
99.7000,44.247,42.9150,42.9150,0.000000,0
99.7500,77.455,42.9150,42.9150,0.000000,0
99.8000,75.129,22.5161,22.5161,0.000000,0
99.8500,50.167,22.5161,22.5161,0.000000,0
99.9000,29.391,34.8051,34.8051,0.000000,0
99.9500,36.978,34.8051,34.8051,0.000000,0
100.0000,48.769,26.3646,26.3646,0.000000,0
100.0500,47.941,26.3646,26.3646,0.000000,0
100.1000,52.531,26.7404,26.7404,0.000000,0
100.1500,46.878,26.7404,26.7404,0.000000,0
100.2000,39.165,32.2167,32.2167,0.000000,0
100.2500,64.233,32.2167,32.2167,0.000000,0
100.3000,73.552,27.5962,27.5962,0.000000,0
100.3500,45.837,27.5962,27.5962,0.000000,0
100.4000,39.816,28.4630,28.4630,0.000000,0
100.4500,40.275,28.4630,28.4630,0.000000,0
100.5000,29.978,28.6450,28.6450,0.000000,0
100.5500,52.377,28.6450,28.6450,0.000000,0
100.6000,34.807,28.6897,28.6897,0.000000,0
100.6500,42.557,28.6897,28.6897,0.000000,0
100.7000,32.361,37.1712,37.1712,0.000000,0
100.7500,33.422,37.1712,37.1712,0.000000,0
100.8000,35.184,33.1046,33.1046,0.000000,0
100.8500,42.872,33.1046,33.1046,0.000000,0
100.9000,32.871,34.2743,34.2743,0.000000,0
100.9500,39.573,34.2743,34.2743,0.000000,0
101.0000,33.062,44.2662,44.2662,0.000000,0
101.0500,62.716,44.2662,44.2662,0.000000,0
101.1000,45.232,37.8400,37.8400,0.000000,0
101.1500,36.879,37.8400,37.8400,0.000000,0
101.2000,42.912,24.1507,24.1507,0.000000,0
101.2500,37.847,24.1507,24.1507,0.000000,0
101.3000,33.418,0.0000,0.0000,0.000000,0
101.3500,30.379,0.0000,0.0000,0.000000,0
101.4000,30.409,0.1127,0.1127,0.000000,0
101.4500,31.598,0.1127,0.1127,0.000000,0
101.5000,29.671,1.2422,1.2422,0.000000,0
101.5500,42.696,1.2422,1.2422,0.000000,0
101.6000,32.225,1.0111,1.0111,0.000000,0
101.6500,34.761,1.0111,1.0111,0.000000,0
101.7000,34.761,5.7568,5.7568,0.000000,0
101.7500,50.588,5.7568,5.7568,0.000000,0
101.8000,48.638,7.5531,7.5531,0.000000,0
101.8500,41.230,7.5531,7.5531,0.000000,0
101.9000,34.096,6.3054,6.3054,0.000000,0
101.9500,69.844,6.3054,6.3054,0.000000,0
102.0000,36.340,25.8444,25.8444,0.000000,0
102.0500,38.469,25.8444,25.8444,0.000000,0
102.1000,47.516,22.7533,22.7533,0.000000,0
102.1500,51.173,22.7533,22.7533,0.000000,0
102.2000,65.708,28.3830,28.3830,0.000000,0
102.2500,36.234,28.3830,28.3830,0.000000,0
102.3000,34.965,28.0160,28.0160,0.000000,0
102.3500,38.643,28.0160,28.0160,0.000000,0
102.4000,30.873,19.6570,19.6570,0.000000,0
102.4500,45.338,19.6570,19.6570,0.000000,0
102.5000,47.683,30.8364,30.8364,0.000000,0
102.5500,30.722,30.8364,30.8364,0.000000,0
102.6000,34.057,21.8508,21.8508,0.000000,0
102.6500,42.058,21.8508,21.8508,0.000000,0
102.7000,41.177,23.0279,23.0279,0.000000,0
102.7500,48.473,23.0279,23.0279,0.000000,0
102.8000,36.839,24.6237,24.6237,0.000000,0
102.8500,39.989,24.6237,24.6237,0.000000,0
102.9000,32.029,23.0274,23.0274,0.000000,0
102.9500,31.363,23.0274,23.0274,0.000000,0
103.0000,39.513,22.4778,22.4778,0.000000,0
103.0500,47.536,22.4778,22.4778,0.000000,0
103.1000,41.423,26.0603,26.0603,0.000000,0
103.1500,65.661,26.0603,26.0603,0.000000,0
103.2000,31.913,33.4341,33.4341,0.000000,0
103.2500,50.429,33.4341,33.4341,0.000000,0
103.3000,59.776,21.8527,21.8527,0.000000,0
103.3500,36.161,21.8527,21.8527,0.000000,0
103.4000,39.960,30.2574,30.2574,0.000000,0
103.4500,42.083,30.2574,30.2574,0.000000,0
103.5000,51.576,31.5405,31.5405,0.000000,0
103.5500,50.170,31.5405,31.5405,0.000000,0
103.6000,37.188,32.4155,32.4155,0.000000,0
103.6500,39.222,32.4155,32.4155,0.000000,0
103.7000,32.014,27.9314,27.9314,0.000000,0
103.7500,31.413,27.9314,27.9314,0.000000,0
103.8000,28.158,30.9957,30.9957,0.000000,0
103.8500,37.643,30.9957,30.9957,0.000000,0
103.9000,35.381,27.8045,27.8045,0.000000,0
103.9500,33.084,27.8045,27.8045,0.000000,0
104.0000,37.192,22.0101,22.0101,0.000000,0
104.0500,39.054,22.0101,22.0101,0.000000,0
104.1000,33.162,32.6682,32.6682,0.000000,0
104.1500,35.736,32.6682,32.6682,0.000000,0
104.2000,32.609,33.4314,33.4314,0.000000,0
104.2500,31.843,33.4314,33.4314,0.000000,0
104.3000,40.311,22.0708,22.0708,0.000000,0
104.3500,49.772,22.0708,22.0708,0.000000,0
104.4000,41.250,31.4624,31.4624,0.000000,0
104.4500,36.205,31.4624,31.4624,0.000000,0
104.5000,31.845,32.7455,32.7455,0.000000,0
104.5500,36.922,32.7455,32.7455,0.000000,0
104.6000,38.888,28.6521,28.6521,0.000000,0
104.6500,47.140,28.6521,28.6521,0.000000,0
104.7000,29.837,22.6933,22.6933,0.000000,0
104.7500,39.274,22.6933,22.6933,0.000000,0
104.8000,30.349,30.5702,30.5702,0.000000,0
104.8500,29.734,30.5702,30.5702,0.000000,0
104.9000,32.238,31.7648,31.7648,0.000000,0
104.9500,30.372,31.7648,31.7648,0.000000,0
105.0000,38.488,19.9363,19.9363,0.000000,0
105.0500,47.344,19.9363,19.9363,0.000000,0
105.1000,46.061,29.4005,29.4005,0.000000,0
105.1500,39.584,29.4005,29.4005,0.000000,0
105.2000,40.849,26.6118,26.6118,0.000000,0
105.2500,35.130,26.6118,26.6118,0.000000,0
105.3000,37.325,34.0394,34.0394,0.000000,0
105.3500,36.481,34.0394,34.0394,0.000000,0
105.4000,59.788,28.7855,28.7855,0.000000,0
105.4500,32.258,28.7855,28.7855,0.000000,0
105.5000,29.768,33.4387,33.4387,0.000000,0
105.5500,33.111,33.4387,33.4387,0.000000,0
105.6000,32.002,27.2905,27.2905,0.000000,0
105.6500,35.069,27.2905,27.2905,0.000000,0
105.7000,32.173,28.5768,28.5768,0.000000,0
105.7500,36.615,28.5768,28.5768,0.000000,0
105.8000,33.843,35.0298,35.0298,0.000000,0
105.8500,31.903,35.0298,35.0298,0.000000,0
105.9000,40.310,22.4272,22.4272,0.000000,0
105.9500,43.207,22.4272,22.4272,0.000000,0
106.0000,36.193,32.5517,32.5517,0.000000,0
106.0500,49.633,32.5517,32.5517,0.000000,0
106.1000,69.797,35.8199,35.8199,0.000000,0
106.1500,32.035,35.8199,35.8199,0.000000,0
106.2000,39.429,35.9192,35.9192,0.000000,0
106.2500,31.641,35.9192,35.9192,0.000000,0
106.3000,45.442,29.8315,29.8315,0.000000,0
106.3500,34.820,29.8315,29.8315,0.000000,0
106.4000,42.056,36.8296,36.8296,0.000000,0
106.4500,35.064,36.8296,36.8296,0.000000,0
106.5000,37.705,26.5982,26.5982,0.000000,0
106.5500,30.200,26.5982,26.5982,0.000000,0
106.6000,33.855,33.6681,33.6681,0.000000,0
106.6500,41.991,33.6681,33.6681,0.000000,0
106.7000,34.668,39.3230,39.3230,0.000000,0
106.7500,43.114,39.3230,39.3230,0.000000,0
106.8000,36.442,21.7929,21.7929,0.000000,0
106.8500,33.862,21.7929,21.7929,0.000000,0
106.9000,37.077,39.6640,39.6640,0.000000,0
106.9500,40.502,39.6640,39.6640,0.000000,0
107.0000,29.013,27.3954,27.3954,0.000000,0
107.0500,31.417,27.3954,27.3954,0.000000,0
107.1000,30.861,39.4268,39.4268,0.000000,0
107.1500,38.168,39.4268,39.4268,0.000000,0
107.2000,47.343,29.2557,29.2557,0.000000,0
107.2500,34.115,29.2557,29.2557,0.000000,0
107.3000,37.333,31.6748,31.6748,0.000000,0
107.3500,36.973,31.6748,31.6748,0.000000,0
107.4000,49.744,37.8421,37.8421,0.000000,0
107.4500,37.027,37.8421,37.8421,0.000000,0
107.5000,39.647,27.1014,27.1014,0.000000,0
107.5500,38.161,27.1014,27.1014,0.000000,0
107.6000,46.519,38.0864,38.0864,0.000000,0
107.6500,39.997,38.0864,38.0864,0.000000,0
107.7000,32.237,33.0250,33.0250,0.000000,0
107.7500,30.096,33.0250,33.0250,0.000000,0
107.8000,32.476,34.6949,34.6949,0.000000,0
107.8500,37.756,34.6949,34.6949,0.000000,0
107.9000,45.909,38.8823,38.8823,0.000000,0
107.9500,42.758,38.8823,38.8823,0.000000,0
108.0000,41.172,26.4898,26.4898,0.000000,0
108.0500,45.243,26.4898,26.4898,0.000000,0
108.1000,32.388,28.6000,28.6000,0.000000,0
108.1500,34.944,28.6000,28.6000,0.000000,0
108.2000,33.206,43.1497,43.1497,0.000000,0
108.2500,59.235,43.1497,43.1497,0.000000,0
108.3000,51.538,32.7769,32.7769,0.000000,0
108.3500,39.175,32.7769,32.7769,0.000000,0
108.4000,31.317,36.2960,36.2960,0.000000,0
108.4500,40.249,36.2960,36.2960,0.000000,0
108.5000,32.580,38.5052,38.5052,0.000000,0
108.5500,46.163,38.5052,38.5052,0.000000,0
108.6000,33.828,23.2127,23.2127,0.000000,0
108.6500,48.323,23.2127,23.2127,0.000000,0
108.7000,35.311,33.3244,33.3244,0.000000,0
108.7500,37.277,33.3244,33.3244,0.000000,0
108.8000,31.110,30.6630,30.6630,0.000000,0
108.8500,45.605,30.6630,30.6630,0.000000,0
108.9000,38.087,37.3994,37.3994,0.000000,0
108.9500,41.177,37.3994,37.3994,0.000000,0
109.0000,50.784,37.9502,37.9502,0.000000,0
109.0500,36.966,37.9502,37.9502,0.000000,0
109.1000,35.768,35.2558,35.2558,0.000000,0
109.1500,49.448,35.2558,35.2558,0.000000,0
109.2000,46.300,25.5800,25.5800,0.000000,0
109.2500,45.093,25.5800,25.5800,0.000000,0
109.3000,38.823,40.7973,40.7973,0.000000,0
109.3500,57.933,40.7973,40.7973,0.000000,0
109.4000,39.395,46.8437,46.8437,0.000000,0
109.4500,31.986,46.8437,46.8437,0.000000,0
109.5000,35.198,25.8325,25.8325,0.000000,0
109.5500,32.057,25.8325,25.8325,0.000000,0
109.6000,47.466,38.5196,38.5196,0.000000,0
109.6500,50.273,38.5196,38.5196,0.000000,0
109.7000,37.824,32.2112,32.2112,0.000000,0
109.7500,35.440,32.2112,32.2112,0.000000,0
109.8000,33.788,40.3269,40.3269,0.000000,0
109.8500,41.838,40.3269,40.3269,0.000000,0
109.9000,39.532,37.2722,37.2722,0.000000,0
109.9500,38.163,37.2722,37.2722,0.000000,0
110.0000,40.654,35.5722,35.5722,0.000000,0
110.0500,49.893,35.5722,35.5722,0.000000,0
110.1000,42.687,43.6104,43.6104,0.000000,0
110.1500,35.597,43.6104,43.6104,0.000000,0
110.2000,35.306,38.8686,38.8686,0.000000,0
110.2500,47.336,38.8686,38.8686,0.000000,0
110.3000,57.037,39.3135,39.3135,0.000000,0
110.3500,39.316,39.3135,39.3135,0.000000,0
110.4000,40.795,45.4093,45.4093,0.000000,0
110.4500,39.351,45.4093,45.4093,0.000000,0
110.5000,32.589,31.4514,31.4514,0.000000,0
110.5500,35.348,31.4514,31.4514,0.000000,0
110.6000,38.838,41.7907,41.7907,0.000000,0
110.6500,37.471,41.7907,41.7907,0.000000,0
110.7000,40.512,45.6334,45.6334,0.000000,0
110.7500,43.572,45.6334,45.6334,0.000000,0
110.8000,36.209,43.0189,43.0189,0.000000,0
110.8500,39.713,43.0189,43.0189,0.000000,0
110.9000,38.313,41.9093,41.9093,0.000000,0
110.9500,31.656,41.9093,41.9093,0.000000,0
111.0000,39.030,46.5203,46.5203,0.000000,0
111.0500,36.468,46.5203,46.5203,0.000000,0
111.1000,28.657,48.2118,48.2118,0.000000,0
111.1500,32.886,48.2118,48.2118,0.000000,0
111.2000,30.819,39.3933,39.3933,0.000000,0
111.2500,39.701,39.3933,39.3933,0.000000,0
111.3000,38.340,35.0721,35.0721,0.000000,0
111.3500,40.592,35.0721,35.0721,0.000000,0
111.4000,33.472,40.6622,40.6622,0.000000,0
111.4500,37.645,40.6622,40.6622,0.000000,0
111.5000,34.650,44.3810,44.3810,0.000000,0
111.5500,38.656,44.3810,44.3810,0.000000,0
111.6000,36.567,46.0498,46.0498,0.000000,0
111.6500,45.863,46.0498,46.0498,0.000000,0
111.7000,32.121,41.6579,41.6579,0.000000,0
111.7500,36.005,41.6579,41.6579,0.000000,0
111.8000,39.634,36.8659,36.8659,0.000000,0
111.8500,32.742,36.8659,36.8659,0.000000,0
111.9000,30.284,37.9381,37.9381,0.000000,0
111.9500,26.899,37.9381,37.9381,0.000000,0
112.0000,41.342,40.0010,40.0010,0.000000,0
112.0500,29.876,40.0010,40.0010,0.000000,0
112.1000,38.869,53.2798,53.2798,0.000000,0
112.1500,35.482,53.2798,53.2798,0.000000,0
112.2000,28.691,44.3936,44.3936,0.000000,0
112.2500,68.948,44.3936,44.3936,0.000000,0
112.3000,34.975,28.4166,28.4166,0.000000,0
112.3500,54.172,28.4166,28.4166,0.000000,0
112.4000,36.579,54.3614,54.3614,0.000000,0
112.4500,35.639,54.3614,54.3614,0.000000,0
112.5000,27.228,31.7480,31.7480,0.000000,0
112.5500,40.463,31.7480,31.7480,0.000000,0
112.6000,33.537,30.7799,30.7799,0.000000,0
112.6500,37.063,30.7799,30.7799,0.000000,0
112.7000,41.688,34.6689,34.6689,0.000000,0
112.7500,38.420,34.6689,34.6689,0.000000,0
112.8000,42.069,42.4497,42.4497,0.000000,0
112.8500,35.539,42.4497,42.4497,0.000000,0
112.9000,47.421,29.9757,29.9757,0.000000,0
112.9500,35.999,29.9757,29.9757,0.000000,0
113.0000,50.530,41.6743,41.6743,0.000000,0
113.0500,58.444,41.6743,41.6743,0.000000,0
113.1000,35.092,32.4429,32.4429,0.000000,0
113.1500,34.011,32.4429,32.4429,0.000000,0
113.2000,37.289,41.6531,41.6531,0.000000,0
113.2500,34.149,41.6531,41.6531,0.000000,0
113.3000,37.516,31.4132,31.4132,0.000000,0
113.3500,47.289,31.4132,31.4132,0.000000,0
113.4000,39.476,43.3429,43.3429,0.000000,0
113.4500,47.532,43.3429,43.3429,0.000000,0
113.5000,50.792,38.7646,38.7646,0.000000,0
113.5500,43.252,38.7646,38.7646,0.000000,0
113.6000,33.924,40.3227,40.3227,0.000000,0
113.6500,35.773,40.3227,40.3227,0.000000,0
113.7000,42.532,43.6816,43.6816,0.000000,0
113.7500,44.480,43.6816,43.6816,0.000000,0
113.8000,33.095,27.0385,27.0385,0.000000,0
113.8500,31.602,27.0385,27.0385,0.000000,0
113.9000,45.825,37.6357,37.6357,0.000000,0
113.9500,42.738,37.6357,37.6357,0.000000,0
114.0000,37.179,41.6740,41.6740,0.000000,0
114.0500,33.547,41.6740,41.6740,0.000000,0
114.1000,37.479,35.4722,35.4722,0.000000,0
114.1500,41.750,35.4722,35.4722,0.000000,0
114.2000,50.407,47.6013,47.6013,0.000000,0
114.2500,37.088,47.6013,47.6013,0.000000,0
114.3000,44.012,37.8614,37.8614,0.000000,0
114.3500,43.899,37.8614,37.8614,0.000000,0
114.4000,43.869,63.4814,63.4814,0.000000,0
114.4500,39.975,63.4814,63.4814,0.000000,0
114.5000,31.732,38.8735,38.8735,0.000000,0
114.5500,56.311,38.8735,38.8735,0.000000,0
114.6000,37.832,53.6435,53.6435,0.000000,0
114.6500,37.841,53.6435,53.6435,0.000000,0
114.7000,46.003,40.3203,40.3203,0.000000,0
114.7500,33.586,40.3203,40.3203,0.000000,0
114.8000,37.613,54.0172,54.0172,0.000000,0
114.8500,34.494,54.0172,54.0172,0.000000,0
114.9000,38.456,48.4914,48.4914,0.000000,0
114.9500,31.116,48.4914,48.4914,0.000000,0
115.0000,34.400,43.2245,43.2245,0.000000,0
115.0500,48.298,43.2245,43.2245,0.000000,0
115.1000,34.771,51.8149,51.8149,0.000000,0
115.1500,38.047,51.8149,51.8149,0.000000,0
115.2000,41.546,39.4287,39.4287,0.000000,0
115.2500,40.747,39.4287,39.4287,0.000000,0
115.3000,38.448,49.0603,49.0603,0.000000,0
115.3500,41.485,49.0603,49.0603,0.000000,0
115.4000,34.137,34.7916,34.7916,0.000000,0
115.4500,30.401,34.7916,34.7916,0.000000,0
115.5000,36.173,37.9703,37.9703,0.000000,0
115.5500,46.336,37.9703,37.9703,0.000000,0
115.6000,36.548,44.3815,44.3815,0.000000,0
115.6500,50.021,44.3815,44.3815,0.000000,0
115.7000,37.516,47.3041,47.3041,0.000000,0
115.7500,30.008,47.3041,47.3041,0.000000,0
115.8000,33.990,45.6388,45.6388,0.000000,0
115.8500,42.828,45.6388,45.6388,0.000000,0
115.9000,46.278,41.9993,41.9993,0.000000,0
115.9500,55.026,41.9993,41.9993,0.000000,0
116.0000,42.355,36.5986,36.5986,0.000000,0
116.0500,34.571,36.5986,36.5986,0.000000,0
116.1000,37.353,46.5942,46.5942,0.000000,0
116.1500,40.761,46.5942,46.5942,0.000000,0
116.2000,33.111,36.7375,36.7375,0.000000,0
116.2500,32.326,36.7375,36.7375,0.000000,0
116.3000,35.982,17.1182,17.1182,0.000000,0
116.3500,34.633,17.1182,17.1182,0.000000,0
116.4000,47.724,31.8109,31.8109,0.000000,0
116.4500,61.883,31.8109,31.8109,0.000000,0
116.5000,33.112,40.9186,40.9186,0.000000,0
116.5500,35.877,40.9186,40.9186,0.000000,0
116.6000,34.486,22.2573,22.2573,0.000000,0
116.6500,33.225,22.2573,22.2573,0.000000,0
116.7000,34.200,45.6197,45.6197,0.000000,0
116.7500,111.897,45.6197,45.6197,0.000000,0
116.8000,77.866,25.5695,25.5695,0.000000,0
116.8500,43.918,25.5695,25.5695,0.000000,0
116.9000,33.498,0.0000,0.0000,0.000000,0
116.9500,25.922,0.0000,0.0000,0.000000,0
117.0000,38.547,5.1840,5.1840,0.000000,0
117.0500,28.006,5.1840,5.1840,0.000000,0
117.1000,31.480,19.7792,19.7792,0.000000,0
117.1500,29.068,19.7792,19.7792,0.000000,0
117.2000,30.752,34.2217,34.2217,0.000000,0
117.2500,30.385,34.2217,34.2217,0.000000,0
117.3000,34.871,29.1968,29.1968,0.000000,0
117.3500,87.426,29.1968,29.1968,0.000000,0
117.4000,77.036,40.2245,40.2245,0.000000,0
117.4500,43.078,40.2245,40.2245,0.000000,0
117.5000,37.891,27.7069,27.7069,0.000000,0
117.5500,30.326,27.7069,27.7069,0.000000,0
117.6000,27.486,28.8361,28.8361,0.000000,0
117.6500,27.287,28.8361,28.8361,0.000000,0
117.7000,26.872,31.1925,31.1925,0.000000,0
117.7500,34.973,31.1925,31.1925,0.000000,0
117.8000,34.362,30.8221,30.8221,0.000000,0
117.8500,27.056,30.8221,30.8221,0.000000,0
117.9000,30.451,36.8420,36.8420,0.000000,0
117.9500,35.015,36.8420,36.8420,0.000000,0
118.0000,37.576,33.9532,33.9532,0.000000,0
118.0500,33.635,33.9532,33.9532,0.000000,0
118.1000,28.287,41.8039,41.8039,0.000000,0
118.1500,26.948,41.8039,41.8039,0.000000,0
118.2000,24.639,28.4175,28.4175,0.000000,0
118.2500,28.810,28.4175,28.4175,0.000000,0
118.3000,26.771,35.4683,35.4683,0.000000,0
118.3500,24.894,35.4683,35.4683,0.000000,0
118.4000,31.987,33.2301,33.2301,0.000000,0
118.4500,31.914,33.2301,33.2301,0.000000,0
118.5000,37.751,33.3580,33.3580,0.000000,0
118.5500,35.706,33.3580,33.3580,0.000000,0
118.6000,32.752,37.1663,37.1663,0.000000,0
118.6500,42.337,37.1663,37.1663,0.000000,0
118.7000,46.061,30.1875,30.1875,0.000000,0
118.7500,28.703,30.1875,30.1875,0.000000,0
118.8000,31.128,39.7603,39.7603,0.000000,0
118.8500,27.615,39.7603,39.7603,0.000000,0
118.9000,29.458,32.4640,32.4640,0.000000,0
118.9500,30.672,32.4640,32.4640,0.000000,0
119.0000,38.130,34.7945,34.7945,0.000000,0
119.0500,29.119,34.7945,34.7945,0.000000,0
119.1000,35.347,36.7108,36.7108,0.000000,0
119.1500,47.554,36.7108,36.7108,0.000000,0
119.2000,35.350,35.4973,35.4973,0.000000,0
119.2500,31.181,35.4973,35.4973,0.000000,0
119.3000,35.717,40.5760,40.5760,0.000000,0
119.3500,25.362,40.5760,40.5760,0.000000,0
119.4000,35.720,27.3106,27.3106,0.000000,0
119.4500,36.952,27.3106,27.3106,0.000000,0
119.5000,31.755,36.4150,36.4150,0.000000,0
119.5500,35.951,36.4150,36.4150,0.000000,0
119.6000,27.051,39.7774,39.7774,0.000000,0
119.6500,24.676,39.7774,39.7774,0.000000,0
119.7000,27.440,34.8108,34.8108,0.000000,0
