t_s,rtt_ms,capacity_mbps,cubic_goodput_mbps,loss_p,reconfig
0.0000,35.923,7.4365,7.4365,0.000000,0
0.0500,44.573,7.4365,7.4365,0.000000,0
0.1000,42.513,13.2780,13.2780,0.000000,0
0.1500,34.839,13.2780,13.2780,0.000000,0
0.2000,30.762,15.6220,15.6220,0.000000,0
0.2500,57.808,15.6220,15.6220,0.000000,0
0.3000,38.909,14.7991,14.7991,0.000000,0
0.3500,36.660,14.7991,14.7991,0.000000,0
0.4000,35.782,14.8738,14.8738,0.000000,0
0.4500,38.178,14.8738,14.8738,0.000000,0
0.5000,47.804,18.2513,18.2513,0.000000,0
0.5500,39.613,18.2513,18.2513,0.000000,0
0.6000,37.434,23.4272,23.4272,0.000000,0
0.6500,40.739,23.4272,23.4272,0.000000,0
0.7000,44.209,22.9797,22.9797,0.000000,0
0.7500,37.067,22.9797,22.9797,0.000000,0
0.8000,35.828,14.6392,14.6392,0.000000,0
0.8500,33.341,14.6392,14.6392,0.000000,0
0.9000,36.993,17.6410,17.6410,0.000000,0
0.9500,35.448,17.6410,17.6410,0.000000,0
1.0000,32.640,20.6026,20.6026,0.000000,0
1.0500,36.156,20.6026,20.6026,0.000000,0
1.1000,43.302,21.2915,21.2915,0.000000,0
1.1500,31.650,21.2915,21.2915,0.000000,0
1.2000,36.171,19.5483,19.5483,0.000000,0
1.2500,33.781,19.5483,19.5483,0.000000,0
1.3000,36.727,23.6268,23.6268,0.000000,0
1.3500,39.599,23.6268,23.6268,0.000000,0
1.4000,36.987,25.4399,25.4399,0.000000,0
1.4500,36.950,25.4399,25.4399,0.000000,0
1.5000,40.095,31.9148,31.9148,0.000000,0
1.5500,58.156,31.9148,31.9148,0.000000,0
1.6000,35.914,46.0520,46.0520,0.000000,0
1.6500,49.367,46.0520,46.0520,0.000000,0
1.7000,57.409,35.5877,35.5877,0.000000,0
1.7500,29.804,35.5877,35.5877,0.000000,0
1.8000,37.077,35.5000,35.5000,0.000000,0
1.8500,35.538,35.5000,35.5000,0.000000,0
1.9000,49.338,54.6282,54.6282,0.000000,0
1.9500,48.469,54.6282,54.6282,0.000000,0
2.0000,35.884,26.5841,26.5841,0.000000,0
2.0500,38.898,26.5841,26.5841,0.000000,0
2.1000,48.042,54.4057,54.4057,0.000000,0
2.1500,29.905,54.4057,54.4057,0.000000,0
2.2000,37.425,51.1883,51.1883,0.000000,0
2.2500,35.106,51.1883,51.1883,0.000000,0
2.3000,49.532,37.1824,37.1824,0.000000,0
2.3500,37.706,37.1824,37.1824,0.000000,0
2.4000,35.121,58.3551,58.3551,0.000000,0
2.4500,38.196,58.3551,58.3551,0.000000,0
2.5000,30.293,35.3501,35.3501,0.000000,0
2.5500,28.667,35.3501,35.3501,0.000000,0
2.6000,37.709,41.6212,41.6212,0.000000,0
2.6500,35.925,41.6212,41.6212,0.000000,0
2.7000,28.453,65.6206,65.6206,0.000000,0
2.7500,31.517,65.6206,65.6206,0.000000,0
2.8000,35.998,53.4439,53.4439,0.000000,0
2.8500,43.911,53.4439,53.4439,0.000000,0
2.9000,41.690,58.5804,58.5804,0.000000,0
2.9500,34.160,58.5804,58.5804,0.000000,0
3.0000,38.483,44.4861,44.4861,0.000000,0
3.0500,35.953,44.4861,44.4861,0.000000,0
3.1000,38.902,35.7072,35.7072,0.000000,0
3.1500,30.260,35.7072,35.7072,0.000000,0
3.2000,44.802,42.7148,42.7148,0.000000,0
3.2500,37.989,42.7148,42.7148,0.000000,0
3.3000,30.914,68.8240,68.8240,0.000000,0
3.3500,29.053,68.8240,68.8240,0.000000,0
3.4000,32.974,46.9906,46.9906,0.000000,0
3.4500,36.472,46.9906,46.9906,0.000000,0
3.5000,27.752,66.3408,66.3408,0.000000,0
3.5500,31.782,66.3408,66.3408,0.000000,0
3.6000,29.495,64.5083,64.5083,0.000000,0
3.6500,33.055,64.5083,64.5083,0.000000,0
3.7000,41.416,54.3958,54.3958,0.000000,0
3.7500,34.870,54.3958,54.3958,0.000000,0
3.8000,37.344,59.3521,59.3521,0.000000,0
3.8500,35.814,59.3521,59.3521,0.000000,0
3.9000,28.228,41.3608,41.3608,0.000000,0
3.9500,31.050,41.3608,41.3608,0.000000,0
4.0000,34.096,16.2172,16.2172,0.000000,0
4.0500,43.977,16.2172,16.2172,0.000000,0
4.1000,31.773,43.5738,43.5738,0.000000,0
4.1500,28.524,43.5738,43.5738,0.000000,0
4.2000,32.052,53.0350,53.0350,0.000000,0
4.2500,30.038,53.0350,53.0350,0.000000,0
4.3000,27.777,52.6092,52.6092,0.000000,0
4.3500,32.440,52.6092,52.6092,0.000000,0
4.4000,29.279,54.7551,54.7551,0.000000,0
4.4500,33.324,54.7551,54.7551,0.000000,0
4.5000,30.587,71.8924,71.8924,0.000000,0
4.5500,34.319,71.8924,71.8924,0.000000,0
4.6000,38.672,48.3003,48.3003,0.000000,0
4.6500,46.957,48.3003,48.3003,0.000000,0
4.7000,34.631,59.6926,59.6926,0.000000,0
4.7500,37.611,59.6926,59.6926,0.000000,0
4.8000,34.922,57.1994,57.1994,0.000000,0
4.8500,33.973,57.1994,57.1994,0.000000,0
4.9000,36.092,62.2060,62.2060,0.000000,0
4.9500,34.507,62.2060,62.2060,0.000000,0
5.0000,32.515,59.8048,59.8048,0.000000,0
5.0500,36.549,59.8048,59.8048,0.000000,0
5.1000,29.090,59.2451,59.2451,0.000000,0
5.1500,32.418,59.2451,59.2451,0.000000,0
5.2000,29.899,68.7042,68.7042,0.000000,0
5.2500,33.381,68.7042,68.7042,0.000000,0
5.3000,42.506,45.8394,45.8394,0.000000,0
5.3500,39.341,45.8394,45.8394,0.000000,0
5.4000,32.199,33.8109,33.8109,0.000000,0
5.4500,36.016,33.8109,33.8109,0.000000,0
5.5000,33.629,37.7829,37.7829,0.000000,0
5.5500,36.855,37.7829,37.7829,0.000000,0
5.6000,39.848,48.2861,48.2861,0.000000,0
5.6500,37.995,48.2861,48.2861,0.000000,0
5.7000,36.941,51.2697,51.2697,0.000000,0
5.7500,34.841,51.2697,51.2697,0.000000,0
5.8000,38.742,39.2878,39.2878,0.000000,0
5.8500,35.468,39.2878,39.2878,0.000000,0
5.9000,34.549,48.7255,48.7255,0.000000,0
5.9500,37.365,48.7255,48.7255,0.000000,0
6.0000,39.867,39.2245,39.2245,0.000000,0
6.0500,28.088,39.2245,39.2245,0.000000,0
6.1000,36.349,40.8961,40.8961,0.000000,0
6.1500,34.404,40.8961,40.8961,0.000000,0
6.2000,37.685,50.0417,50.0417,0.000000,0
6.2500,30.041,50.0417,50.0417,0.000000,0
6.3000,28.360,57.5136,57.5136,0.000000,0
6.3500,42.241,57.5136,57.5136,0.000000,0
6.4000,34.688,61.9514,61.9514,0.000000,0
6.4500,43.637,61.9514,61.9514,0.000000,0
6.5000,42.186,71.0475,71.0475,0.000000,0
6.5500,34.987,71.0475,71.0475,0.000000,0
6.6000,31.952,57.3361,57.3361,0.000000,0
6.6500,57.377,57.3361,57.3361,0.000000,0
6.7000,28.524,61.1223,61.1223,0.000000,0
6.7500,37.809,61.1223,61.1223,0.000000,0
6.8000,39.972,68.1055,68.1055,0.000000,0
6.8500,28.337,68.1055,68.1055,0.000000,0
6.9000,36.889,52.4976,52.4976,0.000000,0
6.9500,29.436,52.4976,52.4976,0.000000,0
7.0000,43.901,48.8701,48.8701,0.000000,0
7.0500,35.099,48.8701,48.8701,0.000000,0
7.1000,34.709,59.0228,59.0228,0.000000,0
7.1500,32.585,59.0228,59.0228,0.000000,0
7.2000,34.819,6.7318,6.7318,0.000000,0
7.2500,38.135,6.7318,6.7318,0.000000,0
7.3000,37.233,70.1271,70.1271,0.000000,0
7.3500,39.607,70.1271,70.1271,0.000000,0
7.4000,48.322,30.0758,30.0758,0.000000,0
7.4500,35.622,30.0758,30.0758,0.000000,0
7.5000,27.990,34.1048,34.1048,0.000000,0
7.5500,36.929,34.1048,34.1048,0.000000,0
7.6000,35.768,17.4589,17.4589,0.000000,0
7.6500,33.983,17.4589,17.4589,0.000000,0
7.7000,36.522,8.5667,8.5667,0.000000,0
7.7500,29.798,8.5667,8.5667,0.000000,0
7.8000,32.975,5.0830,5.0830,0.000000,0
7.8500,35.618,5.0830,5.0830,0.000000,0
7.9000,27.972,36.3873,36.3873,0.000000,0
7.9500,31.422,36.3873,36.3873,0.000000,0
8.0000,34.981,21.2505,21.2505,0.000000,0
8.0500,28.441,21.2505,21.2505,0.000000,0
8.1000,31.421,32.3264,32.3264,0.000000,0
8.1500,28.892,32.3264,32.3264,0.000000,0
8.2000,31.994,20.9525,20.9525,0.000000,0
8.2500,46.962,20.9525,20.9525,0.000000,0
8.3000,29.038,19.4155,19.4155,0.000000,0
8.3500,36.896,19.4155,19.4155,0.000000,0
8.4000,29.849,22.6105,22.6105,0.000000,0
8.4500,37.983,22.6105,22.6105,0.000000,0
8.5000,36.843,26.9215,26.9215,0.000000,0
8.5500,29.725,26.9215,26.9215,0.000000,0
8.6000,32.094,28.6097,28.6097,0.000000,0
8.6500,30.657,28.6097,28.6097,0.000000,0
8.7000,28.287,18.1739,18.1739,0.000000,0
8.7500,42.181,18.1739,18.1739,0.000000,0
8.8000,34.875,20.0686,20.0686,0.000000,0
8.8500,33.492,20.0686,20.0686,0.000000,0
8.9000,46.829,28.0143,28.0143,0.000000,0
8.9500,29.315,28.0143,28.0143,0.000000,0
9.0000,48.900,27.2826,27.2826,0.000000,0
9.0500,46.096,27.2826,27.2826,0.000000,0
9.1000,39.643,25.1268,25.1268,0.000000,0
9.1500,47.781,25.1268,25.1268,0.000000,0
9.2000,29.763,24.9731,24.9731,0.000000,0
9.2500,28.449,24.9731,24.9731,0.000000,0
9.3000,31.227,23.8911,23.8911,0.000000,0
9.3500,46.015,23.8911,23.8911,0.000000,0
9.4000,48.331,17.5699,17.5699,0.000000,0
9.4500,36.532,17.5699,17.5699,0.000000,0
9.5000,39.252,24.1341,24.1341,0.000000,0
9.5500,41.871,24.1341,24.1341,0.000000,0
9.6000,40.230,19.7225,19.7225,0.000000,0
9.6500,38.215,19.7225,19.7225,0.000000,0
9.7000,46.500,20.6837,20.6837,0.000000,0
9.7500,34.930,20.6837,20.6837,0.000000,0
9.8000,31.907,18.3577,18.3577,0.000000,0
9.8500,35.555,18.3577,18.3577,0.000000,0
9.9000,34.636,25.0149,25.0149,0.000000,0
9.9500,46.766,25.0149,25.0149,0.000000,0
10.0000,29.428,22.5314,22.5314,0.000000,0
10.0500,49.155,22.5314,22.5314,0.000000,0
10.1000,36.189,29.2812,29.2812,0.000000,0
10.1500,29.857,29.2812,29.2812,0.000000,0
10.2000,59.720,26.0170,26.0170,0.000000,0
10.2500,35.363,26.0170,26.0170,0.000000,0
10.3000,39.385,17.0697,17.0697,0.000000,0
10.3500,47.542,17.0697,17.0697,0.000000,0
10.4000,46.702,31.0611,31.0611,0.000000,0
10.4500,49.157,31.0611,31.0611,0.000000,0
10.5000,36.653,24.5563,24.5563,0.000000,0
10.5500,45.304,24.5563,24.5563,0.000000,0
10.6000,32.229,17.7013,17.7013,0.000000,0
10.6500,36.696,17.7013,17.7013,0.000000,0
10.7000,34.070,21.6339,21.6339,0.000000,0
10.7500,36.777,21.6339,21.6339,0.000000,0
10.8000,34.335,24.7652,24.7652,0.000000,0
10.8500,34.024,24.7652,24.7652,0.000000,0
10.9000,37.291,6.0642,6.0642,0.000000,0
10.9500,29.593,6.0642,6.0642,0.000000,0
11.0000,48.228,18.6154,18.6154,0.000000,0
11.0500,36.438,18.6154,18.6154,0.000000,0
11.1000,39.576,25.6301,25.6301,0.000000,0
11.1500,30.560,25.6301,25.6301,0.000000,0
11.2000,45.679,18.6501,18.6501,0.000000,0
11.2500,38.315,18.6501,18.6501,0.000000,0
11.3000,36.487,18.3005,18.3005,0.000000,0
11.3500,39.600,18.3005,18.3005,0.000000,0
11.4000,37.598,20.1153,20.1153,0.000000,0
11.4500,35.439,20.1153,20.1153,0.000000,0
11.5000,34.009,26.8174,26.8174,0.000000,0
11.5500,30.993,26.8174,26.8174,0.000000,0
11.6000,95.679,17.1218,17.1218,0.000000,0
11.6500,86.045,17.1218,17.1218,0.000000,0
11.7000,48.617,18.1748,18.1748,0.000000,0
11.7500,46.658,18.1748,18.1748,0.000000,0
11.8000,39.866,23.0697,23.0697,0.000000,0
11.8500,36.641,23.0697,23.0697,0.000000,0
11.9000,41.507,24.9154,24.9154,0.000000,0
11.9500,45.202,24.9154,24.9154,0.000000,0
12.0000,37.959,28.7157,28.7157,0.000000,0
12.0500,36.240,28.7157,28.7157,0.000000,0
12.1000,48.783,27.1481,27.1481,0.000000,0
12.1500,36.766,27.1481,27.1481,0.000000,0
12.2000,35.301,20.5118,20.5118,0.000000,0
12.2500,48.523,20.5118,20.5118,0.000000,0
12.3000,47.446,26.3296,26.3296,0.000000,0
12.3500,39.962,26.3296,26.3296,0.000000,0
12.4000,47.648,25.4579,25.4579,0.000000,0
12.4500,41.392,25.4579,25.4579,0.000000,0
12.5000,34.072,21.8589,21.8589,0.000000,0
12.5500,47.921,21.8589,21.8589,0.000000,0
12.6000,39.718,23.3402,23.3402,0.000000,0
12.6500,48.609,23.3402,23.3402,0.000000,0
12.7000,36.686,22.1967,22.1967,0.000000,0
12.7500,39.560,22.1967,22.1967,0.000000,0
12.8000,36.662,29.0487,29.0487,0.000000,0
12.8500,45.519,29.0487,29.0487,0.000000,0
12.9000,37.416,27.3726,27.3726,0.000000,0
12.9500,36.830,27.3726,27.3726,0.000000,0
13.0000,39.709,26.8158,26.8158,0.000000,0
13.0500,37.911,26.8158,26.8158,0.000000,0
13.1000,46.812,24.5359,24.5359,0.000000,0
13.1500,54.050,24.5359,24.5359,0.000000,0
13.2000,47.904,21.7816,21.7816,0.000000,0
13.2500,34.911,21.7816,21.7816,0.000000,0
13.3000,54.284,23.5088,23.5088,0.000000,0
13.3500,36.318,23.5088,23.5088,0.000000,0
13.4000,33.713,23.5439,23.5439,0.000000,0
13.4500,36.996,23.5439,23.5439,0.000000,0
13.5000,35.566,29.8622,29.8622,0.000000,0
13.5500,38.920,29.8622,29.8622,0.000000,0
13.6000,36.576,25.4271,25.4271,0.000000,0
13.6500,34.945,25.4271,25.4271,0.000000,0
13.7000,32.664,27.8462,27.8462,0.000000,0
13.7500,41.710,27.8462,27.8462,0.000000,0
13.8000,34.476,21.9448,21.9448,0.000000,0
13.8500,42.963,21.9448,21.9448,0.000000,0
13.9000,41.793,25.8134,25.8134,0.000000,0
13.9500,33.004,25.8134,25.8134,0.000000,0
14.0000,42.879,27.4643,27.4643,0.000000,0
14.0500,33.672,27.4643,27.4643,0.000000,0
14.1000,33.228,27.3712,27.3712,0.000000,0
14.1500,36.263,27.3712,27.3712,0.000000,0
14.2000,33.167,27.9476,27.9476,0.000000,0
14.2500,36.982,27.9476,27.9476,0.000000,0
14.3000,40.399,31.0793,31.0793,0.000000,0
14.3500,39.039,31.0793,31.0793,0.000000,0
14.4000,36.282,30.2999,30.2999,0.000000,0
14.4500,35.522,30.2999,30.2999,0.000000,0
14.5000,38.052,20.1676,20.1676,0.000000,0
14.5500,36.407,20.1676,20.1676,0.000000,0
14.6000,39.491,34.7950,34.7950,0.000000,0
14.6500,48.061,34.7950,34.7950,0.000000,0
14.7000,36.027,28.8333,28.8333,0.000000,0
14.7500,44.995,28.8333,28.8333,0.000000,0
14.8000,47.886,26.1361,26.1361,0.000000,0
14.8500,56.891,26.1361,26.1361,0.000000,0
14.9000,38.394,23.6511,23.6511,0.000000,0
14.9500,36.123,23.6511,23.6511,0.000000,0
15.0000,35.004,26.9231,26.9231,0.000000,0
15.0500,37.315,26.9231,26.9231,0.000000,0
15.1000,46.365,18.6917,18.6917,0.000000,0
15.1500,39.661,18.6917,18.6917,0.000000,0
15.2000,37.612,22.5366,22.5366,0.000000,0
15.2500,35.228,22.5366,22.5366,0.000000,0
15.3000,38.645,28.1209,28.1209,0.000000,0
15.3500,47.767,28.1209,28.1209,0.000000,0
15.4000,40.045,29.5516,29.5516,0.000000,0
15.4500,33.363,29.5516,29.5516,0.000000,0
15.5000,36.710,6.5114,6.5114,0.000000,0
15.5500,66.285,6.5114,6.5114,0.000000,0
15.6000,48.205,40.7866,40.7866,0.000000,0
15.6500,45.599,40.7866,40.7866,0.000000,0
15.7000,38.629,24.2244,24.2244,0.000000,0
15.7500,37.224,24.2244,24.2244,0.000000,0
15.8000,45.853,22.6633,22.6633,0.000000,0
15.8500,38.062,22.6633,22.6633,0.000000,0
15.9000,36.151,15.1457,15.1457,0.000000,0
15.9500,39.508,15.1457,15.1457,0.000000,0
16.0000,48.428,27.2769,27.2769,0.000000,0
16.0500,39.833,27.2769,27.2769,0.000000,0
16.1000,43.595,17.2322,17.2322,0.000000,0
16.1500,57.692,17.2322,17.2322,0.000000,0
16.2000,39.651,17.8434,17.8434,0.000000,0
16.2500,37.580,17.8434,17.8434,0.000000,0
16.3000,35.160,19.2213,19.2213,0.000000,0
16.3500,39.736,19.2213,19.2213,0.000000,0
16.4000,42.643,15.3183,15.3183,0.000000,0
16.4500,34.887,15.3183,15.3183,0.000000,0
16.5000,33.077,14.5883,14.5883,0.000000,0
16.5500,35.753,14.5883,14.5883,0.000000,0
16.6000,38.773,15.7694,15.7694,0.000000,0
16.6500,36.612,15.7694,15.7694,0.000000,0
16.7000,40.596,16.2824,16.2824,0.000000,0
16.7500,43.635,16.2824,16.2824,0.000000,0
16.8000,36.991,17.5703,17.5703,0.000000,0
16.8500,44.673,17.5703,17.5703,0.000000,0
16.9000,37.804,15.0350,15.0350,0.000000,0
16.9500,36.223,15.0350,15.0350,0.000000,0
17.0000,39.920,11.7170,11.7170,0.000000,0
17.0500,44.062,11.7170,11.7170,0.000000,0
17.1000,45.172,19.6048,19.6048,0.000000,0
17.1500,39.053,19.6048,19.6048,0.000000,0
17.2000,43.305,20.2722,20.2722,0.000000,0
17.2500,46.142,20.2722,20.2722,0.000000,0
17.3000,38.011,19.4376,19.4376,0.000000,0
17.3500,42.117,19.4376,19.4376,0.000000,0
17.4000,33.323,13.9153,13.9153,0.000000,0
17.4500,37.097,13.9153,13.9153,0.000000,0
17.5000,40.670,23.2157,23.2157,0.000000,0
17.5500,44.858,23.2157,23.2157,0.000000,0
17.6000,38.108,22.0660,22.0660,0.000000,0
17.6500,41.475,22.0660,22.0660,0.000000,0
17.7000,49.458,22.3896,22.3896,0.000000,0
17.7500,63.654,22.3896,22.3896,0.000000,0
17.8000,50.350,19.3088,19.3088,0.000000,0
17.8500,43.333,19.3088,19.3088,0.000000,0
17.9000,36.269,21.0282,21.0282,0.000000,0
17.9500,33.713,21.0282,21.0282,0.000000,0
18.0000,42.127,18.6902,18.6902,0.000000,0
18.0500,44.667,18.6902,18.6902,0.000000,0
18.1000,43.506,16.5672,16.5672,0.000000,0
18.1500,35.916,16.5672,16.5672,0.000000,0
18.2000,34.527,23.5363,23.5363,0.000000,0
18.2500,37.601,23.5363,23.5363,0.000000,0
18.3000,36.470,22.0035,22.0035,0.000000,0
18.3500,33.116,22.0035,22.0035,0.000000,0
18.4000,36.654,20.6783,20.6783,0.000000,0
18.4500,40.113,20.6783,20.6783,0.000000,0
18.5000,38.607,18.3662,18.3662,0.000000,0
18.5500,47.601,18.3662,18.3662,0.000000,0
18.6000,44.018,21.5056,21.5056,0.000000,0
18.6500,35.906,21.5056,21.5056,0.000000,0
18.7000,34.759,18.2930,18.2930,0.000000,0
18.7500,39.190,18.2930,18.2930,0.000000,0
18.8000,36.854,23.7415,23.7415,0.000000,0
18.8500,35.599,23.7415,23.7415,0.000000,0
18.9000,33.573,9.9155,9.9155,0.000000,0
18.9500,36.906,9.9155,9.9155,0.000000,0
19.0000,39.286,26.5748,26.5748,0.000000,0
19.0500,42.572,26.5748,26.5748,0.000000,0
19.1000,36.146,17.2356,17.2356,0.000000,0
19.1500,54.979,17.2356,17.2356,0.000000,0
19.2000,36.310,13.8030,13.8030,0.000000,0
19.2500,39.972,13.8030,13.8030,0.000000,0
19.3000,38.206,18.4341,18.4341,0.000000,0
19.3500,36.238,18.4341,18.4341,0.000000,0
19.4000,39.574,14.7522,14.7522,0.000000,0
19.4500,41.922,14.7522,14.7522,0.000000,0
19.5000,35.882,16.6222,16.6222,0.000000,0
19.5500,39.071,16.6222,16.6222,0.000000,0
19.6000,47.995,19.4355,19.4355,0.000000,0
19.6500,33.727,19.4355,19.4355,0.000000,0
19.7000,38.169,19.9377,19.9377,0.000000,0
19.7500,46.928,19.9377,19.9377,0.000000,0
19.8000,38.678,16.9513,16.9513,0.000000,0
19.8500,38.045,16.9513,16.9513,0.000000,0
19.9000,39.892,20.9458,20.9458,0.000000,0
19.9500,32.644,20.9458,20.9458,0.000000,0
20.0000,36.559,19.6678,19.6678,0.000000,0
20.0500,35.566,19.6678,19.6678,0.000000,0
20.1000,37.890,18.4689,18.4689,0.000000,0
20.1500,57.541,18.4689,18.4689,0.000000,0
20.2000,34.230,16.1678,16.1678,0.000000,0
20.2500,37.382,16.1678,16.1678,0.000000,0
20.3000,34.938,16.6616,16.6616,0.000000,0
20.3500,34.020,16.6616,16.6616,0.000000,0
20.4000,42.074,21.6379,21.6379,0.000000,0
20.4500,45.625,21.6379,21.6379,0.000000,0
20.5000,33.691,16.5810,16.5810,0.000000,0
20.5500,36.251,16.5810,16.5810,0.000000,0
20.6000,34.990,19.7497,19.7497,0.000000,0
20.6500,37.851,19.7497,19.7497,0.000000,0
20.7000,40.512,20.6594,20.6594,0.000000,0
20.7500,27.242,20.6594,20.6594,0.000000,0
20.8000,31.205,23.6435,23.6435,0.000000,0
20.8500,40.767,23.6435,23.6435,0.000000,0
20.9000,53.409,14.7780,14.7780,0.000000,0
20.9500,35.459,14.7780,14.7780,0.000000,0
21.0000,38.716,20.1400,20.1400,0.000000,0
21.0500,42.141,20.1400,20.1400,0.000000,0
21.1000,31.005,24.1062,24.1062,0.000000,0
21.1500,38.249,24.1062,24.1062,0.000000,0
21.2000,48.758,21.0335,21.0335,0.000000,0
21.2500,40.435,21.0335,21.0335,0.000000,0
21.3000,38.431,20.0439,20.0439,0.000000,0
21.3500,36.337,20.0439,20.0439,0.000000,0
21.4000,39.498,24.8922,24.8922,0.000000,0
21.4500,37.179,24.8922,24.8922,0.000000,0
21.5000,35.032,21.4347,21.4347,0.000000,0
21.5500,38.333,21.4347,21.4347,0.000000,0
21.6000,37.641,23.7430,23.7430,0.000000,0
21.6500,66.784,23.7430,23.7430,0.000000,0
21.7000,37.523,25.6964,25.6964,0.000000,0
21.7500,35.834,25.6964,25.6964,0.000000,0
21.8000,39.683,24.4436,24.4436,0.000000,0
21.8500,38.664,24.4436,24.4436,0.000000,0
21.9000,35.442,24.1025,24.1025,0.000000,0
21.9500,38.806,24.1025,24.1025,0.000000,0
22.0000,46.860,24.9061,24.9061,0.000000,0
22.0500,40.017,24.9061,24.9061,0.000000,0
22.1000,42.735,21.7002,21.7002,0.000000,0
22.1500,41.080,21.7002,21.7002,0.000000,0
22.2000,33.501,16.9480,16.9480,0.000000,0
22.2500,37.981,16.9480,16.9480,0.000000,0
22.3000,40.731,23.8847,23.8847,0.000000,0
22.3500,38.241,23.8847,23.8847,0.000000,0
22.4000,42.484,20.2358,20.2358,0.000000,0
22.4500,33.890,20.2358,20.2358,0.000000,0
22.5000,32.978,22.5588,22.5588,0.000000,0
22.5500,41.955,22.5588,22.5588,0.000000,0
22.6000,33.158,25.8712,25.8712,0.000000,0
22.6500,32.570,25.8712,25.8712,0.000000,0
22.7000,35.492,25.8134,25.8134,0.000000,0
22.7500,38.945,25.8134,25.8134,0.000000,0
22.8000,37.747,25.2219,25.2219,0.000000,0
22.8500,45.789,25.2219,25.2219,0.000000,0
22.9000,53.271,19.1482,19.1482,0.000000,0
22.9500,35.727,19.1482,19.1482,0.000000,0
23.0000,43.847,17.2776,17.2776,0.000000,0
23.0500,36.481,17.2776,17.2776,0.000000,0
23.1000,35.110,18.9305,18.9305,0.000000,0
23.1500,49.577,18.9305,18.9305,0.000000,0
23.2000,47.369,27.9325,27.9325,0.000000,0
23.2500,34.464,27.9325,27.9325,0.000000,0
23.3000,37.766,24.3075,24.3075,0.000000,0
23.3500,35.321,24.3075,24.3075,0.000000,0
23.4000,33.194,23.1264,23.1264,0.000000,0
23.4500,48.492,23.1264,23.1264,0.000000,0
23.5000,46.060,26.7981,26.7981,0.000000,0
23.5500,54.728,26.7981,26.7981,0.000000,0
23.6000,36.947,27.2602,27.2602,0.000000,0
23.6500,40.487,27.2602,27.2602,0.000000,0
23.7000,38.064,29.1579,29.1579,0.000000,0
23.7500,34.928,29.1579,29.1579,0.000000,0
23.8000,39.682,27.6062,27.6062,0.000000,0
23.8500,47.764,27.6062,27.6062,0.000000,0
23.9000,40.338,28.3759,28.3759,0.000000,0
23.9500,33.001,28.3759,28.3759,0.000000,0
24.0000,37.638,22.9864,22.9864,0.000000,0
24.0500,34.735,22.9864,22.9864,0.000000,0
24.1000,32.744,20.0686,20.0686,0.000000,0
24.1500,35.854,20.0686,20.0686,0.000000,0
24.2000,29.699,24.2484,24.2484,0.000000,0
24.2500,37.071,24.2484,24.2484,0.000000,0
24.3000,36.081,20.2667,20.2667,0.000000,0
24.3500,39.776,20.2667,20.2667,0.000000,0
24.4000,36.132,22.9717,22.9717,0.000000,0
24.4500,34.840,22.9717,22.9717,0.000000,0
24.5000,38.345,26.0052,26.0052,0.000000,0
24.5500,36.847,26.0052,26.0052,0.000000,0
24.6000,35.153,36.0589,36.0589,0.000000,0
24.6500,36.869,36.0589,36.0589,0.000000,0
24.7000,45.911,21.0915,21.0915,0.000000,0
24.7500,33.326,21.0915,21.0915,0.000000,0
24.8000,42.360,26.6890,26.6890,0.000000,0
24.8500,45.865,26.6890,26.6890,0.000000,0
24.9000,38.750,21.3346,21.3346,0.000000,0
24.9500,35.561,21.3346,21.3346,0.000000,0
25.0000,40.424,23.5363,23.5363,0.000000,0
25.0500,38.582,23.5363,23.5363,0.000000,0
25.1000,35.786,19.6015,19.6015,0.000000,0
25.1500,34.116,19.6015,19.6015,0.000000,0
25.2000,36.804,24.6484,24.6484,0.000000,0
25.2500,40.308,24.6484,24.6484,0.000000,0
25.3000,33.431,29.7445,29.7445,0.000000,0
25.3500,47.116,29.7445,29.7445,0.000000,0
25.4000,39.622,26.5820,26.5820,0.000000,0
25.4500,37.640,26.5820,26.5820,0.000000,0
25.5000,35.578,34.2330,34.2330,0.000000,0
25.5500,38.476,34.2330,34.2330,0.000000,0
25.6000,37.116,23.6703,23.6703,0.000000,0
25.6500,39.782,23.6703,23.6703,0.000000,0
25.7000,38.778,24.8009,24.8009,0.000000,0
25.7500,36.111,24.8009,24.8009,0.000000,0
25.8000,34.520,30.6197,30.6197,0.000000,0
25.8500,59.681,30.6197,30.6197,0.000000,0
25.9000,35.834,6.8456,6.8456,0.000000,0
25.9500,33.441,6.8456,6.8456,0.000000,0
26.0000,35.940,30.7627,30.7627,0.000000,0
26.0500,40.218,30.7627,30.7627,0.000000,0
26.1000,33.582,35.5821,35.5821,0.000000,0
26.1500,35.599,35.5821,35.5821,0.000000,0
26.2000,34.773,38.6502,38.6502,0.000000,0
26.2500,37.528,38.6502,38.6502,0.000000,0
26.3000,45.322,41.0980,41.0980,0.000000,0
26.3500,43.955,41.0980,41.0980,0.000000,0
26.4000,42.012,27.1460,27.1460,0.000000,0
26.4500,33.960,27.1460,27.1460,0.000000,0
26.5000,48.283,38.0845,38.0845,0.000000,0
26.5500,88.632,38.0845,38.0845,0.000000,0
26.6000,94.795,44.5004,44.5004,0.000000,0
26.6500,88.593,44.5004,44.5004,0.000000,0
26.7000,30.630,41.4673,41.4673,0.000000,0
26.7500,30.669,41.4673,41.4673,0.000000,0
26.8000,30.468,42.3162,42.3162,0.000000,0
26.8500,32.184,42.3162,42.3162,0.000000,0
26.9000,28.396,42.4784,42.4784,0.000000,0
26.9500,28.223,42.4784,42.4784,0.000000,0
27.0000,28.807,37.0637,37.0637,0.000000,0
27.0500,30.688,37.0637,37.0637,0.000000,0
27.1000,34.882,34.4644,34.4644,0.000000,0
27.1500,30.820,34.4644,34.4644,0.000000,0
27.2000,32.330,39.5212,39.5212,0.000000,0
27.2500,29.750,39.5212,39.5212,0.000000,0
27.3000,28.241,39.7898,39.7898,0.000000,0
27.3500,28.268,39.7898,39.7898,0.000000,0
27.4000,25.997,35.8876,35.8876,0.000000,0
27.4500,25.364,35.8876,35.8876,0.000000,0
27.5000,28.710,40.2625,40.2625,0.000000,0
27.5500,30.663,40.2625,40.2625,0.000000,0
27.6000,28.678,36.9315,36.9315,0.000000,0
27.6500,32.733,36.9315,36.9315,0.000000,0
27.7000,32.775,37.7635,37.7635,0.000000,0
27.7500,30.569,37.7635,37.7635,0.000000,0
27.8000,36.741,40.6614,40.6614,0.000000,0
27.8500,26.538,40.6614,40.6614,0.000000,0
27.9000,26.563,43.9463,43.9463,0.000000,0
27.9500,28.007,43.9463,43.9463,0.000000,0
28.0000,27.650,42.9000,42.9000,0.000000,0
28.0500,27.597,42.9000,42.9000,0.000000,0
28.1000,32.821,43.0255,43.0255,0.000000,0
28.1500,30.282,43.0255,43.0255,0.000000,0
28.2000,25.259,46.0702,46.0702,0.000000,0
28.2500,27.590,46.0702,46.0702,0.000000,0
28.3000,27.848,47.7613,47.7613,0.000000,0
28.3500,30.020,47.7613,47.7613,0.000000,0
28.4000,31.445,53.0879,53.0879,0.000000,0
28.4500,47.873,53.0879,53.0879,0.000000,0
28.5000,32.161,35.3442,35.3442,0.000000,0
28.5500,25.965,35.3442,35.3442,0.000000,0
28.6000,36.050,47.9037,47.9037,0.000000,0
28.6500,31.820,47.9037,47.9037,0.000000,0
28.7000,39.665,40.2617,40.2617,0.000000,0
28.7500,30.193,40.2617,40.2617,0.000000,0
28.8000,27.756,44.2981,44.2981,0.000000,0
28.8500,28.051,44.2981,44.2981,0.000000,0
28.9000,38.289,51.3928,51.3928,0.000000,0
28.9500,31.801,51.3928,51.3928,0.000000,0
29.0000,37.249,52.5619,52.5619,0.000000,0
29.0500,29.649,52.5619,52.5619,0.000000,0
29.1000,28.138,52.3576,52.3576,0.000000,0
29.1500,25.855,52.3576,52.3576,0.000000,0
29.2000,31.802,45.8812,45.8812,0.000000,0
29.2500,25.838,45.8812,45.8812,0.000000,0
29.3000,32.261,51.7756,51.7756,0.000000,0
29.3500,28.731,51.7756,51.7756,0.000000,0
29.4000,28.017,58.1432,58.1432,0.000000,0
29.4500,28.070,58.1432,58.1432,0.000000,0
29.5000,30.097,46.6520,46.6520,0.000000,0
29.5500,29.851,46.6520,46.6520,0.000000,0
29.6000,27.658,50.4784,50.4784,0.000000,0
29.6500,28.086,50.4784,50.4784,0.000000,0
29.7000,28.930,50.7657,50.7657,0.000000,0
29.7500,29.929,50.7657,50.7657,0.000000,0
29.8000,25.835,53.1694,53.1694,0.000000,0
29.8500,37.719,53.1694,53.1694,0.000000,0
29.9000,27.937,55.1936,55.1936,0.000000,0
29.9500,26.149,55.1936,55.1936,0.000000,0
30.0000,25.970,56.6070,56.6070,0.000000,0
30.0500,25.753,56.6070,56.6070,0.000000,0
30.1000,28.825,65.5180,65.5180,0.000000,0
30.1500,27.822,65.5180,65.5180,0.000000,0
30.2000,30.622,65.2388,65.2388,0.000000,0
30.2500,31.672,65.2388,65.2388,0.000000,0
30.3000,27.893,61.9291,61.9291,0.000000,0
30.3500,28.457,61.9291,61.9291,0.000000,0
30.4000,30.158,64.2530,64.2530,0.000000,0
30.4500,42.086,64.2530,64.2530,0.000000,0
30.5000,34.699,64.1766,64.1766,0.000000,0
30.5500,28.747,64.1766,64.1766,0.000000,0
30.6000,35.906,59.1401,59.1401,0.000000,0
30.6500,29.654,59.1401,59.1401,0.000000,0
30.7000,27.940,61.8375,61.8375,0.000000,0
30.7500,37.619,61.8375,61.8375,0.000000,0
30.8000,29.486,61.9142,61.9142,0.000000,0
30.8500,26.691,61.9142,61.9142,0.000000,0
30.9000,28.268,74.3937,74.3937,0.000000,0
30.9500,30.683,74.3937,74.3937,0.000000,0
31.0000,25.525,71.9777,71.9777,0.000000,0
31.0500,31.611,71.9777,71.9777,0.000000,0
31.1000,34.587,72.2831,72.2831,0.000000,0
31.1500,26.863,72.2831,72.2831,0.000000,0
31.2000,25.342,88.3398,88.3398,0.000000,0
31.2500,28.378,88.3398,88.3398,0.000000,0
31.3000,28.519,66.6629,66.6629,0.000000,0
31.3500,25.756,66.6629,66.6629,0.000000,0
31.4000,30.164,82.6271,82.6271,0.000000,0
31.4500,28.298,82.6271,82.6271,0.000000,0
31.5000,36.408,68.7962,68.7962,0.000000,0
31.5500,28.066,68.7962,68.7962,0.000000,0
31.6000,31.401,83.9193,83.9193,0.000000,0
31.6500,34.207,83.9193,83.9193,0.000000,0
31.7000,28.178,80.0854,80.0854,0.000000,0
31.7500,26.198,80.0854,80.0854,0.000000,0
31.8000,32.352,100.6388,100.6388,0.000000,0
31.8500,26.227,100.6388,100.6388,0.000000,0
31.9000,28.961,87.0211,87.0211,0.000000,0
31.9500,38.483,87.0211,87.0211,0.000000,0
32.0000,28.605,84.0370,84.0370,0.000000,0
32.0500,30.701,84.0370,84.0370,0.000000,0
32.1000,26.622,95.6159,95.6159,0.000000,0
32.1500,31.995,95.6159,95.6159,0.000000,0
32.2000,32.838,84.1456,84.1456,0.000000,0
32.2500,28.354,84.1456,84.1456,0.000000,0
32.3000,31.580,67.1281,67.1281,0.000000,0
32.3500,29.772,67.1281,67.1281,0.000000,0
32.4000,31.487,61.7712,61.7712,0.000000,0
32.4500,26.536,61.7712,61.7712,0.000000,0
32.5000,30.377,70.0499,70.0499,0.000000,0
32.5500,34.604,70.0499,70.0499,0.000000,0
32.6000,28.252,67.9472,67.9472,0.000000,0
32.6500,26.276,67.9472,67.9472,0.000000,0
32.7000,30.375,71.2319,71.2319,0.000000,0
32.7500,31.535,71.2319,71.2319,0.000000,0
32.8000,28.126,65.4386,65.4386,0.000000,0
32.8500,28.073,65.4386,65.4386,0.000000,0
32.9000,30.116,68.8134,68.8134,0.000000,0
32.9500,32.210,68.8134,68.8134,0.000000,0
33.0000,26.323,76.8697,76.8697,0.000000,0
33.0500,33.969,76.8697,76.8697,0.000000,0
33.1000,25.031,73.0697,73.0697,0.000000,0
33.1500,26.758,73.0697,73.0697,0.000000,0
33.2000,28.827,72.7022,72.7022,0.000000,0
33.2500,46.118,72.7022,72.7022,0.000000,0
33.3000,37.654,63.9162,63.9162,0.000000,0
33.3500,30.517,63.9162,63.9162,0.000000,0
33.4000,27.998,80.4217,80.4217,0.000000,0
33.4500,38.778,80.4217,80.4217,0.000000,0
33.5000,34.224,54.3164,54.3164,0.000000,0
33.5500,38.570,54.3164,54.3164,0.000000,0
33.6000,41.712,57.8657,57.8657,0.000000,0
33.6500,32.001,57.8657,57.8657,0.000000,0
33.7000,32.568,90.3247,90.3247,0.000000,0
33.7500,25.839,90.3247,90.3247,0.000000,0
33.8000,26.285,77.5845,77.5845,0.000000,0
33.8500,28.271,77.5845,77.5845,0.000000,0
33.9000,26.095,75.4930,75.4930,0.000000,0
33.9500,32.624,75.4930,75.4930,0.000000,0
34.0000,29.777,89.4353,89.4353,0.000000,0
34.0500,28.660,89.4353,89.4353,0.000000,0
34.1000,30.600,53.8425,53.8425,0.000000,0
34.1500,31.870,53.8425,53.8425,0.000000,0
34.2000,34.379,83.0157,83.0157,0.000000,0
34.2500,26.210,83.0157,83.0157,0.000000,0
34.3000,32.020,84.6825,84.6825,0.000000,0
34.3500,28.356,84.6825,84.6825,0.000000,0
34.4000,32.012,70.3218,70.3218,0.000000,0
34.4500,25.968,70.3218,70.3218,0.000000,0
34.5000,28.286,68.3888,68.3888,0.000000,0
34.5500,33.983,68.3888,68.3888,0.000000,0
34.6000,26.379,46.8170,46.8170,0.000000,0
34.6500,34.137,46.8170,46.8170,0.000000,0
34.7000,29.908,67.1630,67.1630,0.000000,0
34.7500,25.916,67.1630,67.1630,0.000000,0
34.8000,34.118,58.7042,58.7042,0.000000,0
34.8500,28.277,58.7042,58.7042,0.000000,0
34.9000,31.888,53.2681,53.2681,0.000000,0
34.9500,26.793,53.2681,53.2681,0.000000,0
35.0000,29.716,61.0704,61.0704,0.000000,0
35.0500,26.147,61.0704,61.0704,0.000000,0
35.1000,30.443,59.9203,59.9203,0.000000,0
35.1500,26.666,59.9203,59.9203,0.000000,0
35.2000,29.995,42.3713,42.3713,0.000000,0
35.2500,27.871,42.3713,42.3713,0.000000,0
35.3000,27.817,43.8940,43.8940,0.000000,0
35.3500,25.904,43.8940,43.8940,0.000000,0
35.4000,26.256,45.0151,45.0151,0.000000,0
35.4500,40.559,45.0151,45.0151,0.000000,0
35.5000,32.487,59.0384,59.0384,0.000000,0
35.5500,31.728,59.0384,59.0384,0.000000,0
35.6000,28.092,66.5616,66.5616,0.000000,0
35.6500,34.101,66.5616,66.5616,0.000000,0
35.7000,26.253,54.0564,54.0564,0.000000,0
35.7500,36.033,54.0564,54.0564,0.000000,0
35.8000,29.843,51.1421,51.1421,0.000000,0
35.8500,28.259,51.1421,51.1421,0.000000,0
35.9000,29.009,36.2788,36.2788,0.000000,0
35.9500,29.911,36.2788,36.2788,0.000000,0
36.0000,30.844,47.1844,47.1844,0.000000,0
36.0500,29.655,47.1844,47.1844,0.000000,0
36.1000,25.740,50.8032,50.8032,0.000000,0
36.1500,34.332,50.8032,50.8032,0.000000,0
36.2000,26.159,59.4680,59.4680,0.000000,0
36.2500,28.844,59.4680,59.4680,0.000000,0
36.3000,31.603,53.6107,53.6107,0.000000,0
36.3500,35.619,53.6107,53.6107,0.000000,0
36.4000,28.473,50.4698,50.4698,0.000000,0
36.4500,30.409,50.4698,50.4698,0.000000,0
36.5000,32.450,62.4213,62.4213,0.000000,0
36.5500,30.720,62.4213,62.4213,0.000000,0
36.6000,28.579,57.8819,57.8819,0.000000,0
36.6500,32.783,57.8819,57.8819,0.000000,0
36.7000,40.797,42.9146,42.9146,0.000000,0
36.7500,30.531,42.9146,42.9146,0.000000,0
36.8000,28.491,41.4532,41.4532,0.000000,0
36.8500,26.483,41.4532,41.4532,0.000000,0
36.9000,32.442,49.6544,49.6544,0.000000,0
36.9500,26.238,49.6544,49.6544,0.000000,0
37.0000,28.805,37.0404,37.0404,0.000000,0
37.0500,34.588,37.0404,37.0404,0.000000,0
37.1000,32.837,46.5157,46.5157,0.000000,0
37.1500,40.386,46.5157,46.5157,0.000000,0
37.2000,38.499,55.1891,55.1891,0.000000,0
37.2500,38.750,55.1891,55.1891,0.000000,0
37.3000,42.813,52.0386,52.0386,0.000000,0
37.3500,46.272,52.0386,52.0386,0.000000,0
37.4000,32.736,49.8980,49.8980,0.000000,0
37.4500,32.709,49.8980,49.8980,0.000000,0
37.5000,26.746,47.2316,47.2316,0.000000,0
37.5500,26.770,47.2316,47.2316,0.000000,0
37.6000,30.381,41.6476,41.6476,0.000000,0
37.6500,28.158,41.6476,41.6476,0.000000,0
37.7000,44.662,28.4982,28.4982,0.000000,0
37.7500,28.223,28.4982,28.4982,0.000000,0
37.8000,26.432,50.4617,50.4617,0.000000,0
37.8500,38.615,50.4617,50.4617,0.000000,0
37.9000,28.662,32.6672,32.6672,0.000000,0
37.9500,26.133,32.6672,32.6672,0.000000,0
38.0000,30.027,30.8634,30.8634,0.000000,0
38.0500,32.240,30.8634,30.8634,0.000000,0
38.1000,25.870,41.9012,41.9012,0.000000,0
38.1500,28.572,41.9012,41.9012,0.000000,0
38.2000,30.119,32.7704,32.7704,0.000000,0
38.2500,25.657,32.7704,32.7704,0.000000,0
38.3000,28.102,52.8424,52.8424,0.000000,0
38.3500,30.265,52.8424,52.8424,0.000000,0
38.4000,32.262,38.7482,38.7482,0.000000,0
38.4500,29.594,38.7482,38.7482,0.000000,0
38.5000,28.269,39.1891,39.1891,0.000000,0
38.5500,34.318,39.1891,39.1891,0.000000,0
38.6000,26.595,40.4485,40.4485,0.000000,0
38.6500,78.495,40.4485,40.4485,0.000000,0
38.7000,39.905,41.1567,41.1567,0.000000,0
38.7500,32.335,41.1567,41.1567,0.000000,0
38.8000,26.287,42.4248,42.4248,0.000000,0
38.8500,41.188,42.4248,42.4248,0.000000,0
38.9000,28.551,42.7385,42.7385,0.000000,0
38.9500,34.364,42.7385,42.7385,0.000000,0
39.0000,28.183,41.4797,41.4797,0.000000,0
39.0500,26.798,41.4797,41.4797,0.000000,0
39.1000,32.925,49.5195,49.5195,0.000000,0
39.1500,31.859,49.5195,49.5195,0.000000,0
39.2000,28.461,40.8378,40.8378,0.000000,0
39.2500,38.279,40.8378,40.8378,0.000000,0
39.3000,32.508,41.7899,41.7899,0.000000,0
39.3500,27.594,41.7899,41.7899,0.000000,0
39.4000,32.479,40.8895,40.8895,0.000000,0
39.4500,28.343,40.8895,40.8895,0.000000,0
39.5000,25.918,44.2271,44.2271,0.000000,0
39.5500,33.955,44.2271,44.2271,0.000000,0
39.6000,35.822,44.5343,44.5343,0.000000,0
39.6500,27.881,44.5343,44.5343,0.000000,0
39.7000,31.702,36.7126,36.7126,0.000000,0
39.7500,25.702,36.7126,36.7126,0.000000,0
39.8000,29.395,56.6732,56.6732,0.000000,0
39.8500,25.920,56.6732,56.6732,0.000000,0
39.9000,26.130,47.0487,47.0487,0.000000,0
39.9500,26.063,47.0487,47.0487,0.000000,0
40.0000,28.810,54.3316,54.3316,0.000000,0
40.0500,27.851,54.3316,54.3316,0.000000,0
40.1000,25.726,45.9571,45.9571,0.000000,0
40.1500,30.615,45.9571,45.9571,0.000000,0
40.2000,28.590,40.0008,40.0008,0.000000,0
40.2500,30.223,40.0008,40.0008,0.000000,0
40.3000,32.806,38.6224,38.6224,0.000000,0
40.3500,25.750,38.6224,38.6224,0.000000,0
40.4000,41.780,41.1004,41.1004,0.000000,0
40.4500,25.854,41.1004,41.1004,0.000000,0
40.5000,27.993,49.1258,49.1258,0.000000,0
40.5500,30.471,49.1258,49.1258,0.000000,0
40.6000,27.943,45.8431,45.8431,0.000000,0
40.6500,34.348,45.8431,45.8431,0.000000,0
40.7000,29.719,43.5629,43.5629,0.000000,0
40.7500,30.175,43.5629,43.5629,0.000000,0
40.8000,32.325,46.8995,46.8995,0.000000,0
40.8500,27.458,46.8995,46.8995,0.000000,0
40.9000,34.152,2.0254,2.0254,0.000000,0
40.9500,26.231,2.0254,2.0254,0.000000,0
41.0000,25.699,0.0000,0.0000,0.000000,0
41.0500,29.657,0.0000,0.0000,0.000000,0
41.1000,32.068,35.1310,35.1310,0.000000,0
41.1500,29.957,35.1310,35.1310,0.000000,0
41.2000,32.303,19.8231,19.8231,0.000000,0
41.2500,36.237,19.8231,19.8231,0.000000,0
41.3000,28.995,19.5023,19.5023,0.000000,0
41.3500,28.835,19.5023,19.5023,0.000000,0
41.4000,28.883,8.5621,8.5621,0.000000,0
41.4500,37.620,8.5621,8.5621,0.000000,0
41.5000,32.545,0.0000,0.0000,0.000000,0
41.5500,31.687,0.0000,0.0000,0.000000,0
41.6000,180.167,19.1387,19.1387,0.000000,0
41.6500,136.867,19.1387,19.1387,0.000000,0
41.7000,89.591,24.5398,24.5398,0.000000,0
41.7500,81.603,24.5398,24.5398,0.000000,0
41.8000,39.839,14.0876,14.0876,0.000000,0
41.8500,45.043,14.0876,14.0876,0.000000,0
41.9000,33.745,11.2132,11.2132,0.000000,0
41.9500,43.785,11.2132,11.2132,0.000000,0
42.0000,50.306,9.0180,9.0180,0.000000,0
42.0500,35.025,9.0180,9.0180,0.000000,0
42.1000,126.804,17.4533,17.4533,0.000000,0
42.1500,162.041,17.4533,17.4533,0.000000,0
42.2000,112.244,14.1317,14.1317,0.000000,0
42.2500,53.847,14.1317,14.1317,0.000000,0
42.3000,47.527,12.2265,12.2265,0.000000,0
42.3500,46.942,12.2265,12.2265,0.000000,0
42.4000,43.417,15.2688,15.2688,0.000000,0
42.4500,38.793,15.2688,15.2688,0.000000,0
42.5000,47.881,10.2147,10.2147,0.000000,0
42.5500,42.803,10.2147,10.2147,0.000000,0
42.6000,40.579,18.0143,18.0143,0.000000,0
42.6500,78.689,18.0143,18.0143,0.000000,0
42.7000,49.752,11.9524,11.9524,0.000000,0
42.7500,31.801,11.9524,11.9524,0.000000,0
42.8000,69.901,17.5114,17.5114,0.000000,0
42.8500,41.363,17.5114,17.5114,0.000000,0
42.9000,35.582,17.9101,17.9101,0.000000,0
42.9500,66.923,17.9101,17.9101,0.000000,0
43.0000,52.259,12.5638,12.5638,0.000000,0
43.0500,53.020,12.5638,12.5638,0.000000,0
43.1000,34.784,14.1969,14.1969,0.000000,0
43.1500,34.829,14.1969,14.1969,0.000000,0
43.2000,53.866,15.5479,15.5479,0.000000,0
43.2500,34.929,15.5479,15.5479,0.000000,0
43.3000,47.388,11.7177,11.7177,0.000000,0
43.3500,41.135,11.7177,11.7177,0.000000,0
43.4000,44.917,15.2627,15.2627,0.000000,0
43.4500,56.113,15.2627,15.2627,0.000000,0
43.5000,47.703,8.7527,8.7527,0.000000,0
43.5500,31.574,8.7527,8.7527,0.000000,0
43.6000,51.894,15.8711,15.8711,0.000000,0
43.6500,39.746,15.8711,15.8711,0.000000,0
43.7000,60.483,13.3370,13.3370,0.000000,0
43.7500,48.733,13.3370,13.3370,0.000000,0
43.8000,36.905,21.7935,21.7935,0.000000,0
43.8500,40.757,21.7935,21.7935,0.000000,0
43.9000,40.042,11.0389,11.0389,0.000000,0
43.9500,37.527,11.0389,11.0389,0.000000,0
44.0000,66.276,20.2641,20.2641,0.000000,0
44.0500,31.606,20.2641,20.2641,0.000000,0
44.1000,34.140,11.3897,11.3897,0.000000,0
44.1500,51.759,11.3897,11.3897,0.000000,0
44.2000,92.522,13.7288,13.7288,0.000000,0
44.2500,74.330,13.7288,13.7288,0.000000,0
44.3000,34.406,17.4650,17.4650,0.000000,0
44.3500,35.559,17.4650,17.4650,0.000000,0
44.4000,46.444,13.2897,13.2897,0.000000,0
44.4500,34.681,13.2897,13.2897,0.000000,0
44.5000,43.016,11.0434,11.0434,0.000000,0
44.5500,52.828,11.0434,11.0434,0.000000,0
44.6000,55.856,14.4132,14.4132,0.000000,0
44.6500,48.836,14.4132,14.4132,0.000000,0
44.7000,38.459,21.1702,21.1702,0.000000,0
44.7500,38.068,21.1702,21.1702,0.000000,0
44.8000,56.939,13.1107,13.1107,0.000000,0
44.8500,38.469,13.1107,13.1107,0.000000,0
44.9000,40.293,19.8250,19.8250,0.000000,0
44.9500,60.777,19.8250,19.8250,0.000000,0
45.0000,38.346,7.6379,7.6379,0.000000,0
45.0500,50.541,7.6379,7.6379,0.000000,0
45.1000,99.432,21.8080,21.8080,0.000000,0
45.1500,60.526,21.8080,21.8080,0.000000,0
45.2000,55.328,15.4988,15.4988,0.000000,0
45.2500,40.175,15.4988,15.4988,0.000000,0
45.3000,33.347,12.0549,12.0549,0.000000,0
45.3500,45.403,12.0549,12.0549,0.000000,0
45.4000,41.693,13.7292,13.7292,0.000000,0
45.4500,54.439,13.7292,13.7292,0.000000,0
45.5000,37.645,12.6123,12.6123,0.000000,0
45.5500,57.652,12.6123,12.6123,0.000000,0
45.6000,44.028,13.9724,13.9724,0.000000,0
45.6500,68.249,13.9724,13.9724,0.000000,0
45.7000,64.894,21.6425,21.6425,0.000000,0
45.7500,38.930,21.6425,21.6425,0.000000,0
45.8000,43.043,13.3254,13.3254,0.000000,0
45.8500,40.856,13.3254,13.3254,0.000000,0
45.9000,39.585,25.6827,25.6827,0.000000,0
45.9500,70.386,25.6827,25.6827,0.000000,0
46.0000,37.199,16.6142,16.6142,0.000000,0
46.0500,65.289,16.6142,16.6142,0.000000,0
46.1000,61.780,9.9040,9.9040,0.000000,0
46.1500,30.237,9.9040,9.9040,0.000000,0
46.2000,82.789,14.9996,14.9996,0.000000,0
46.2500,53.545,14.9996,14.9996,0.000000,0
46.3000,37.628,14.9786,14.9786,0.000000,0
46.3500,32.089,14.9786,14.9786,0.000000,0
46.4000,34.704,16.4997,16.4997,0.000000,0
46.4500,44.297,16.4997,16.4997,0.000000,0
46.5000,48.859,19.0805,19.0805,0.000000,0
46.5500,37.064,19.0805,19.0805,0.000000,0
46.6000,35.193,20.4607,20.4607,0.000000,0
46.6500,73.315,20.4607,20.4607,0.000000,0
46.7000,38.445,16.7298,16.7298,0.000000,0
46.7500,38.192,16.7298,16.7298,0.000000,0
46.8000,63.826,19.4396,19.4396,0.000000,0
46.8500,40.267,19.4396,19.4396,0.000000,0
46.9000,78.427,14.3676,14.3676,0.000000,0
46.9500,55.308,14.3676,14.3676,0.000000,0
47.0000,48.836,21.1767,21.1767,0.000000,0
47.0500,30.476,21.1767,21.1767,0.000000,0
47.1000,40.942,15.7641,15.7641,0.000000,0
47.1500,57.084,15.7641,15.7641,0.000000,0
47.2000,72.378,13.9778,13.9778,0.000000,0
47.2500,38.081,13.9778,13.9778,0.000000,0
47.3000,42.936,25.4363,25.4363,0.000000,0
47.3500,62.553,25.4363,25.4363,0.000000,0
47.4000,33.675,23.8687,23.8687,0.000000,0
47.4500,34.406,23.8687,23.8687,0.000000,0
47.5000,44.423,16.1020,16.1020,0.000000,0
47.5500,76.018,16.1020,16.1020,0.000000,0
47.6000,47.270,15.6634,15.6634,0.000000,0
47.6500,62.028,15.6634,15.6634,0.000000,0
47.7000,62.230,21.9888,21.9888,0.000000,0
47.7500,34.401,21.9888,21.9888,0.000000,0
47.8000,86.219,18.7660,18.7660,0.000000,0
47.8500,56.427,18.7660,18.7660,0.000000,0
47.9000,57.820,19.4087,19.4087,0.000000,0
47.9500,55.788,19.4087,19.4087,0.000000,0
48.0000,49.480,19.3326,19.3326,0.000000,0
48.0500,42.243,19.3326,19.3326,0.000000,0
48.1000,39.245,21.5220,21.5220,0.000000,0
48.1500,52.562,21.5220,21.5220,0.000000,0
48.2000,46.176,18.7425,18.7425,0.000000,0
48.2500,42.711,18.7425,18.7425,0.000000,0
48.3000,43.607,11.4120,11.4120,0.000000,0
48.3500,36.549,11.4120,11.4120,0.000000,0
48.4000,39.533,23.1654,23.1654,0.000000,0
48.4500,34.264,23.1654,23.1654,0.000000,0
48.5000,39.196,14.8566,14.8566,0.000000,0
48.5500,63.313,14.8566,14.8566,0.000000,0
48.6000,41.926,16.7283,16.7283,0.000000,0
48.6500,40.501,16.7283,16.7283,0.000000,0
48.7000,54.711,17.5650,17.5650,0.000000,0
48.7500,38.423,17.5650,17.5650,0.000000,0
48.8000,53.030,15.7612,15.7612,0.000000,0
48.8500,41.266,15.7612,15.7612,0.000000,0
48.9000,63.622,19.6027,19.6027,0.000000,0
48.9500,58.625,19.6027,19.6027,0.000000,0
49.0000,47.188,12.8384,12.8384,0.000000,0
49.0500,48.320,12.8384,12.8384,0.000000,0
49.1000,51.639,14.2060,14.2060,0.000000,0
49.1500,71.974,14.2060,14.2060,0.000000,0
49.2000,35.451,5.2781,5.2781,0.000000,0
49.2500,44.540,5.2781,5.2781,0.000000,0
49.3000,38.049,24.8661,24.8661,0.000000,0
49.3500,42.249,24.8661,24.8661,0.000000,0
49.4000,47.653,13.7881,13.7881,0.000000,0
49.4500,57.632,13.7881,13.7881,0.000000,0
49.5000,33.252,14.8744,14.8744,0.000000,0
49.5500,73.286,14.8744,14.8744,0.000000,0
49.6000,43.560,15.3627,15.3627,0.000000,0
49.6500,41.644,15.3627,15.3627,0.000000,0
49.7000,56.665,12.9590,12.9590,0.000000,0
49.7500,44.904,12.9590,12.9590,0.000000,0
49.8000,48.039,14.1323,14.1323,0.000000,0
49.8500,91.259,14.1323,14.1323,0.000000,0
49.9000,62.275,17.1757,17.1757,0.000000,0
49.9500,38.431,17.1757,17.1757,0.000000,0
50.0000,39.351,19.4369,19.4369,0.000000,0
50.0500,54.649,19.4369,19.4369,0.000000,0
50.1000,48.629,12.3923,12.3923,0.000000,0
50.1500,40.403,12.3923,12.3923,0.000000,0
50.2000,51.530,16.8351,16.8351,0.000000,0
50.2500,36.949,16.8351,16.8351,0.000000,0
50.3000,42.065,14.5902,14.5902,0.000000,0
50.3500,58.532,14.5902,14.5902,0.000000,0
50.4000,36.651,16.0582,16.0582,0.000000,0
50.4500,46.672,16.0582,16.0582,0.000000,0
50.5000,48.973,13.5038,13.5038,0.000000,0
50.5500,70.657,13.5038,13.5038,0.000000,0
50.6000,43.066,14.8709,14.8709,0.000000,0
50.6500,35.008,14.8709,14.8709,0.000000,0
50.7000,35.192,14.6470,14.6470,0.000000,0
50.7500,44.906,14.6470,14.6470,0.000000,0
50.8000,47.767,19.1036,19.1036,0.000000,0
50.8500,46.353,19.1036,19.1036,0.000000,0
50.9000,46.997,15.5937,15.5937,0.000000,0
50.9500,33.479,15.5937,15.5937,0.000000,0
51.0000,39.229,12.3942,12.3942,0.000000,0
51.0500,48.982,12.3942,12.3942,0.000000,0
51.1000,58.317,15.0910,15.0910,0.000000,0
51.1500,39.806,15.0910,15.0910,0.000000,0
51.2000,44.852,14.6445,14.6445,0.000000,0
51.2500,33.671,14.6445,14.6445,0.000000,0
51.3000,48.558,19.4412,19.4412,0.000000,0
51.3500,42.844,19.4412,19.4412,0.000000,0
51.4000,55.894,13.5219,13.5219,0.000000,0
51.4500,32.971,13.5219,13.5219,0.000000,0
51.5000,39.358,18.1869,18.1869,0.000000,0
51.5500,31.591,18.1869,18.1869,0.000000,0
51.6000,36.613,18.5343,18.5343,0.000000,0
51.6500,36.421,18.5343,18.5343,0.000000,0
51.7000,72.668,17.5013,17.5013,0.000000,0
51.7500,52.286,17.5013,17.5013,0.000000,0
51.8000,36.730,14.6971,14.6971,0.000000,0
51.8500,48.086,14.6971,14.6971,0.000000,0
51.9000,62.660,17.5086,17.5086,0.000000,0
51.9500,45.357,17.5086,17.5086,0.000000,0
52.0000,38.240,18.7617,18.7617,0.000000,0
52.0500,37.076,18.7617,18.7617,0.000000,0
52.1000,43.289,17.9624,17.9624,0.000000,0
52.1500,47.775,17.9624,17.9624,0.000000,0
52.2000,45.024,16.5042,16.5042,0.000000,0
52.2500,28.792,16.5042,16.5042,0.000000,0
52.3000,38.627,20.9508,20.9508,0.000000,0
52.3500,58.824,20.9508,20.9508,0.000000,0
52.4000,41.465,13.6256,13.6256,0.000000,0
52.4500,47.019,13.6256,13.6256,0.000000,0
52.5000,49.648,16.3433,16.3433,0.000000,0
52.5500,61.333,16.3433,16.3433,0.000000,0
52.6000,37.949,16.6036,16.6036,0.000000,0
52.6500,50.372,16.6036,16.6036,0.000000,0
52.7000,35.342,20.9536,20.9536,0.000000,0
52.7500,43.717,20.9536,20.9536,0.000000,0
52.8000,58.864,17.1807,17.1807,0.000000,0
52.8500,41.900,17.1807,17.1807,0.000000,0
52.9000,47.491,14.3735,14.3735,0.000000,0
52.9500,67.934,14.3735,14.3735,0.000000,0
53.0000,35.159,11.7098,11.7098,0.000000,0
53.0500,49.080,11.7098,11.7098,0.000000,0
53.1000,37.161,22.5047,22.5047,0.000000,0
53.1500,46.957,22.5047,22.5047,0.000000,0
53.2000,40.483,16.1101,16.1101,0.000000,0
53.2500,61.129,16.1101,16.1101,0.000000,0
53.3000,33.403,18.4643,18.4643,0.000000,0
53.3500,30.872,18.4643,18.4643,0.000000,0
53.4000,37.869,12.7855,12.7855,0.000000,0
53.4500,34.739,12.7855,12.7855,0.000000,0
53.5000,35.585,19.4644,19.4644,0.000000,0
53.5500,33.000,19.4644,19.4644,0.000000,0
53.6000,42.731,17.6411,17.6411,0.000000,0
53.6500,91.813,17.6411,17.6411,0.000000,0
53.7000,61.287,17.4465,17.4465,0.000000,0
53.7500,44.677,17.4465,17.4465,0.000000,0
53.8000,33.625,19.8116,19.8116,0.000000,0
53.8500,38.474,19.8116,19.8116,0.000000,0
53.9000,47.303,15.5909,15.5909,0.000000,0
53.9500,41.021,15.5909,15.5909,0.000000,0
54.0000,41.124,20.7440,20.7440,0.000000,0
54.0500,61.125,20.7440,20.7440,0.000000,0
54.1000,69.455,22.0785,22.0785,0.000000,0
54.1500,36.002,22.0785,22.0785,0.000000,0
54.2000,39.519,18.2457,18.2457,0.000000,0
54.2500,40.029,18.2457,18.2457,0.000000,0
54.3000,65.241,21.8886,21.8886,0.000000,0
54.3500,38.581,21.8886,21.8886,0.000000,0
54.4000,48.563,18.8842,18.8842,0.000000,0
54.4500,51.366,18.8842,18.8842,0.000000,0
54.5000,34.528,21.5336,21.5336,0.000000,0
54.5500,29.334,21.5336,21.5336,0.000000,0
54.6000,52.558,20.1313,20.1313,0.000000,0
54.6500,42.263,20.1313,20.1313,0.000000,0
54.7000,40.970,22.7528,22.7528,0.000000,0
54.7500,33.377,22.7528,22.7528,0.000000,0
54.8000,32.154,22.2256,22.2256,0.000000,0
54.8500,38.394,22.2256,22.2256,0.000000,0
54.9000,36.266,22.5228,22.5228,0.000000,0
54.9500,34.885,22.5228,22.5228,0.000000,0
55.0000,54.217,23.4404,23.4404,0.000000,0
55.0500,37.540,23.4404,23.4404,0.000000,0
55.1000,58.529,20.0361,20.0361,0.000000,0
55.1500,58.124,20.0361,20.0361,0.000000,0
55.2000,35.692,21.0789,21.0789,0.000000,0
55.2500,43.599,21.0789,21.0789,0.000000,0
55.3000,45.630,23.8592,23.8592,0.000000,0
55.3500,44.150,23.8592,23.8592,0.000000,0
55.4000,43.540,17.3028,17.3028,0.000000,0
55.4500,39.739,17.3028,17.3028,0.000000,0
55.5000,46.061,24.9199,24.9199,0.000000,0
55.5500,38.429,24.9199,24.9199,0.000000,0
55.6000,42.625,16.8967,16.8967,0.000000,0
55.6500,35.260,16.8967,16.8967,0.000000,0
55.7000,41.849,29.0539,29.0539,0.000000,0
55.7500,39.310,29.0539,29.0539,0.000000,0
55.8000,43.369,17.5629,17.5629,0.000000,0
55.8500,32.184,17.5629,17.5629,0.000000,0
55.9000,48.782,9.0926,9.0926,0.000000,0
55.9500,36.152,9.0926,9.0926,0.000000,0
56.0000,56.299,24.5477,24.5477,0.000000,0
56.0500,34.409,24.5477,24.5477,0.000000,0
56.1000,44.686,17.3438,17.3438,0.000000,0
56.1500,58.890,17.3438,17.3438,0.000000,0
56.2000,36.141,17.9202,17.9202,0.000000,0
56.2500,35.383,17.9202,17.9202,0.000000,0
56.3000,44.502,22.9046,22.9046,0.000000,0
56.3500,37.050,22.9046,22.9046,0.000000,0
56.4000,44.930,14.8481,14.8481,0.000000,0
56.4500,40.700,14.8481,14.8481,0.000000,0
56.5000,39.253,14.9864,14.9864,0.000000,0
56.5500,122.626,14.9864,14.9864,0.000000,0
56.6000,82.593,19.2434,19.2434,0.000000,0
56.6500,48.795,19.2434,19.2434,0.000000,0
56.7000,46.443,13.3363,13.3363,0.000000,0
56.7500,45.086,13.3363,13.3363,0.000000,0
56.8000,32.686,12.1649,12.1649,0.000000,0
56.8500,30.171,12.1649,12.1649,0.000000,0
56.9000,39.258,17.5196,17.5196,0.000000,0
56.9500,63.281,17.5196,17.5196,0.000000,0
57.0000,30.440,9.4961,9.4961,0.000000,0
57.0500,37.570,9.4961,9.4961,0.000000,0
57.1000,53.000,12.7907,12.7907,0.000000,0
57.1500,51.039,12.7907,12.7907,0.000000,0
57.2000,48.509,13.6324,13.6324,0.000000,0
57.2500,41.759,13.6324,13.6324,0.000000,0
57.3000,29.427,19.3330,19.3330,0.000000,0
57.3500,58.424,19.3330,19.3330,0.000000,0
57.4000,30.233,15.9339,15.9339,0.000000,0
57.4500,28.213,15.9339,15.9339,0.000000,0
57.5000,53.436,15.5983,15.5983,0.000000,0
57.5500,34.669,15.5983,15.5983,0.000000,0
57.6000,37.359,15.9373,15.9373,0.000000,0
57.6500,72.898,15.9373,15.9373,0.000000,0
57.7000,27.244,21.7437,21.7437,0.000000,0
57.7500,36.593,21.7437,21.7437,0.000000,0
57.8000,36.165,19.2564,19.2564,0.000000,0
57.8500,28.225,19.2564,19.2564,0.000000,0
57.9000,35.117,21.6351,21.6351,0.000000,0
57.9500,29.438,21.6351,21.6351,0.000000,0
58.0000,43.789,19.4388,19.4388,0.000000,0
58.0500,41.572,19.4388,19.4388,0.000000,0
58.1000,31.504,16.4103,16.4103,0.000000,0
58.1500,48.225,16.4103,16.4103,0.000000,0
58.2000,41.456,13.3198,13.3198,0.000000,0
58.2500,43.623,13.3198,13.3198,0.000000,0
58.3000,34.892,17.7352,17.7352,0.000000,0
58.3500,28.054,17.7352,17.7352,0.000000,0
58.4000,30.709,17.3007,17.3007,0.000000,0
58.4500,35.578,17.3007,17.3007,0.000000,0
58.5000,27.862,14.9259,14.9259,0.000000,0
58.5500,32.263,14.9259,14.9259,0.000000,0
58.6000,28.810,19.2193,19.2193,0.000000,0
58.6500,44.584,19.2193,19.2193,0.000000,0
58.7000,46.938,22.5269,22.5269,0.000000,0
58.7500,27.539,22.5269,22.5269,0.000000,0
58.8000,43.067,14.6438,14.6438,0.000000,0
58.8500,58.159,14.6438,14.6438,0.000000,0
58.9000,45.073,18.6919,18.6919,0.000000,0
58.9500,31.210,18.6919,18.6919,0.000000,0
59.0000,40.375,23.1176,23.1176,0.000000,0
59.0500,38.854,23.1176,23.1176,0.000000,0
59.1000,43.254,11.0767,11.0767,0.000000,0
59.1500,35.253,11.0767,11.0767,0.000000,0
59.2000,42.916,15.4972,15.4972,0.000000,0
59.2500,31.453,15.4972,15.4972,0.000000,0
59.3000,34.006,19.3741,19.3741,0.000000,0
59.3500,28.601,19.3741,19.3741,0.000000,0
59.4000,29.577,15.7625,15.7625,0.000000,0
59.4500,32.866,15.7625,15.7625,0.000000,0
59.5000,37.410,15.7795,15.7795,0.000000,0
59.5500,28.112,15.7795,15.7795,0.000000,0
59.6000,33.032,21.9289,21.9289,0.000000,0
59.6500,29.329,21.9289,21.9289,0.000000,0
59.7000,33.866,17.6566,17.6566,0.000000,0
59.7500,53.516,17.6566,17.6566,0.000000,0
59.8000,51.249,22.9026,22.9026,0.000000,0
59.8500,32.870,22.9026,22.9026,0.000000,0
59.9000,46.961,26.1231,26.1231,0.000000,0
59.9500,49.275,26.1231,26.1231,0.000000,0
60.0000,37.995,18.4021,18.4021,0.000000,0
60.0500,29.545,18.4021,18.4021,0.000000,0
60.1000,33.273,18.8002,18.8002,0.000000,0
60.1500,42.479,18.8002,18.8002,0.000000,0
60.2000,45.184,24.4664,24.4664,0.000000,0
60.2500,48.736,24.4664,24.4664,0.000000,0
60.3000,42.417,22.9884,22.9884,0.000000,0
60.3500,33.962,22.9884,22.9884,0.000000,0
60.4000,37.659,25.7907,25.7907,0.000000,0
60.4500,36.466,25.7907,25.7907,0.000000,0
60.5000,26.993,20.2340,20.2340,0.000000,0
60.5500,36.971,20.2340,20.2340,0.000000,0
60.6000,34.083,25.0066,25.0066,0.000000,0
60.6500,27.659,25.0066,25.0066,0.000000,0
60.7000,36.295,23.4564,23.4564,0.000000,0
60.7500,39.871,23.4564,23.4564,0.000000,0
60.8000,42.112,19.6625,19.6625,0.000000,0
60.8500,35.382,19.6625,19.6625,0.000000,0
60.9000,33.278,23.2148,23.2148,0.000000,0
60.9500,36.746,23.2148,23.2148,0.000000,0
61.0000,29.498,27.0331,27.0331,0.000000,0
61.0500,32.250,27.0331,27.0331,0.000000,0
61.1000,30.426,18.4685,18.4685,0.000000,0
61.1500,38.734,18.4685,18.4685,0.000000,0
61.2000,32.272,23.4639,23.4639,0.000000,0
61.2500,29.116,23.4639,23.4639,0.000000,0
61.3000,29.008,25.6809,25.6809,0.000000,0
61.3500,31.566,25.6809,25.6809,0.000000,0
61.4000,34.277,22.8337,22.8337,0.000000,0
61.4500,32.519,22.8337,22.8337,0.000000,0
61.5000,30.689,29.0620,29.0620,0.000000,0
61.5500,30.243,29.0620,29.0620,0.000000,0
61.6000,36.787,23.3176,23.3176,0.000000,0
61.6500,35.832,23.3176,23.3176,0.000000,0
61.7000,33.748,25.2362,25.2362,0.000000,0
61.7500,36.878,25.2362,25.2362,0.000000,0
61.8000,35.076,26.6733,26.6733,0.000000,0
61.8500,33.349,26.6733,26.6733,0.000000,0
61.9000,30.050,27.9621,27.9621,0.000000,0
61.9500,29.123,27.9621,27.9621,0.000000,0
62.0000,37.258,28.4911,28.4911,0.000000,0
62.0500,35.108,28.4911,28.4911,0.000000,0
62.1000,34.269,24.3336,24.3336,0.000000,0
62.1500,31.778,24.3336,24.3336,0.000000,0
62.2000,39.558,32.2252,32.2252,0.000000,0
62.2500,33.106,32.2252,32.2252,0.000000,0
62.3000,31.510,18.9567,18.9567,0.000000,0
62.3500,40.108,18.9567,18.9567,0.000000,0
62.4000,41.967,26.9176,26.9176,0.000000,0
62.4500,30.654,26.9176,26.9176,0.000000,0
62.5000,28.333,27.1498,27.1498,0.000000,0
62.5500,31.276,27.1498,27.1498,0.000000,0
62.6000,29.555,30.8492,30.8492,0.000000,0
62.6500,33.203,30.8492,30.8492,0.000000,0
62.7000,41.477,34.4872,34.4872,0.000000,0
62.7500,29.031,34.4872,34.4872,0.000000,0
62.8000,31.842,28.2481,28.2481,0.000000,0
62.8500,35.074,28.2481,28.2481,0.000000,0
62.9000,27.929,24.5693,24.5693,0.000000,0
62.9500,36.954,24.5693,24.5693,0.000000,0
63.0000,29.223,28.6054,28.6054,0.000000,0
63.0500,33.270,28.6054,28.6054,0.000000,0
63.1000,41.343,28.4994,28.4994,0.000000,0
63.1500,49.397,28.4994,28.4994,0.000000,0
63.2000,36.982,23.5206,23.5206,0.000000,0
63.2500,29.635,23.5206,23.5206,0.000000,0
63.3000,28.325,27.7092,27.7092,0.000000,0
63.3500,31.149,27.7092,27.7092,0.000000,0
63.4000,28.887,31.9907,31.9907,0.000000,0
63.4500,32.061,31.9907,31.9907,0.000000,0
63.5000,36.588,21.7642,21.7642,0.000000,0
63.5500,28.656,21.7642,21.7642,0.000000,0
63.6000,36.903,27.1424,27.1424,0.000000,0
63.6500,36.690,27.1424,27.1424,0.000000,0
63.7000,34.006,27.5905,27.5905,0.000000,0
63.7500,30.526,27.5905,27.5905,0.000000,0
63.8000,34.936,22.3076,22.3076,0.000000,0
63.8500,32.914,22.3076,22.3076,0.000000,0
63.9000,47.812,28.8386,28.8386,0.000000,0
63.9500,35.776,28.8386,28.8386,0.000000,0
64.0000,37.510,26.3683,26.3683,0.000000,0
64.0500,46.699,26.3683,26.3683,0.000000,0
64.1000,39.421,28.8232,28.8232,0.000000,0
64.1500,42.093,28.8232,28.8232,0.000000,0
64.2000,45.150,23.5420,23.5420,0.000000,0
64.2500,33.246,23.5420,23.5420,0.000000,0
64.3000,42.666,33.0042,33.0042,0.000000,0
64.3500,45.645,33.0042,33.0042,0.000000,0
64.4000,31.872,21.5091,21.5091,0.000000,0
64.4500,30.882,21.5091,21.5091,0.000000,0
64.5000,44.834,32.7899,32.7899,0.000000,0
64.5500,42.889,32.7899,32.7899,0.000000,0
64.6000,40.498,32.8784,32.8784,0.000000,0
64.6500,53.540,32.8784,32.8784,0.000000,0
64.7000,30.978,17.8019,17.8019,0.000000,0
64.7500,33.952,17.8019,17.8019,0.000000,0
64.8000,38.631,27.8034,27.8034,0.000000,0
64.8500,30.915,27.8034,27.8034,0.000000,0
64.9000,39.494,26.8081,26.8081,0.000000,0
64.9500,42.157,26.8081,26.8081,0.000000,0
65.0000,29.391,21.9893,21.9893,0.000000,0
65.0500,48.539,21.9893,21.9893,0.000000,0
65.1000,36.473,31.7799,31.7799,0.000000,0
65.1500,29.669,31.7799,31.7799,0.000000,0
65.2000,31.323,29.1872,29.1872,0.000000,0
65.2500,35.268,29.1872,29.1872,0.000000,0
65.3000,30.183,31.7601,31.7601,0.000000,0
65.3500,47.961,31.7601,31.7601,0.000000,0
65.4000,50.122,28.8350,28.8350,0.000000,0
65.4500,27.285,28.8350,28.8350,0.000000,0
65.5000,37.185,34.3507,34.3507,0.000000,0
65.5500,40.650,34.3507,34.3507,0.000000,0
65.6000,28.039,24.6403,24.6403,0.000000,0
65.6500,36.201,24.6403,24.6403,0.000000,0
65.7000,39.175,35.7033,35.7033,0.000000,0
65.7500,27.275,35.7033,35.7033,0.000000,0
65.8000,29.153,25.4783,25.4783,0.000000,0
65.8500,33.609,25.4783,25.4783,0.000000,0
65.9000,36.154,26.2293,26.2293,0.000000,0
65.9500,33.568,26.2293,26.2293,0.000000,0
66.0000,31.933,28.9323,28.9323,0.000000,0
66.0500,40.526,28.9323,28.9323,0.000000,0
66.1000,33.849,38.5242,38.5242,0.000000,0
66.1500,47.786,38.5242,38.5242,0.000000,0
66.2000,29.569,36.7314,36.7314,0.000000,0
66.2500,43.900,36.7314,36.7314,0.000000,0
66.3000,46.099,31.5257,31.5257,0.000000,0
66.3500,40.159,31.5257,31.5257,0.000000,0
66.4000,38.026,43.7632,43.7632,0.000000,0
66.4500,36.134,43.7632,43.7632,0.000000,0
66.5000,45.593,30.5276,30.5276,0.000000,0
66.5500,52.157,30.5276,30.5276,0.000000,0
66.6000,29.886,28.0478,28.0478,0.000000,0
66.6500,48.380,28.0478,28.0478,0.000000,0
66.7000,36.176,44.8379,44.8379,0.000000,0
66.7500,34.510,44.8379,44.8379,0.000000,0
66.8000,38.377,26.8319,26.8319,0.000000,0
66.8500,29.869,26.8319,26.8319,0.000000,0
66.9000,29.138,32.8765,32.8765,0.000000,0
66.9500,37.530,32.8765,32.8765,0.000000,0
67.0000,30.802,43.6502,43.6502,0.000000,0
67.0500,43.370,43.6502,43.6502,0.000000,0
67.1000,30.300,28.8902,28.8902,0.000000,0
67.1500,35.375,28.8902,28.8902,0.000000,0
67.2000,32.734,38.0373,38.0373,0.000000,0
67.2500,45.179,38.0373,38.0373,0.000000,0
67.3000,33.845,49.6882,49.6882,0.000000,0
67.3500,58.219,49.6882,49.6882,0.000000,0
67.4000,32.458,28.8200,28.8200,0.000000,0
67.4500,38.258,28.8200,28.8200,0.000000,0
67.5000,36.644,49.5710,49.5710,0.000000,0
67.5500,39.433,49.5710,49.5710,0.000000,0
67.6000,32.569,51.3948,51.3948,0.000000,0
67.6500,50.038,51.3948,51.3948,0.000000,0
67.7000,32.131,32.0947,32.0947,0.000000,0
67.7500,32.097,32.0947,32.0947,0.000000,0
67.8000,50.624,52.2487,52.2487,0.000000,0
67.8500,30.143,52.2487,52.2487,0.000000,0
67.9000,30.639,59.1011,59.1011,0.000000,0
67.9500,48.554,59.1011,59.1011,0.000000,0
68.0000,40.348,43.8323,43.8323,0.000000,0
68.0500,34.799,43.8323,43.8323,0.000000,0
68.1000,49.864,60.0515,60.0515,0.000000,0
68.1500,52.960,60.0515,60.0515,0.000000,0
68.2000,29.047,61.8217,61.8217,0.000000,0
68.2500,32.633,61.8217,61.8217,0.000000,0
68.3000,40.674,56.3443,56.3443,0.000000,0
68.3500,28.914,56.3443,56.3443,0.000000,0
68.4000,48.937,53.9141,53.9141,0.000000,0
68.4500,46.879,53.9141,53.9141,0.000000,0
68.5000,29.825,56.7870,56.7870,0.000000,0
68.5500,37.441,56.7870,56.7870,0.000000,0
68.6000,37.181,47.7141,47.7141,0.000000,0
68.6500,38.090,47.7141,47.7141,0.000000,0
68.7000,30.080,69.3642,69.3642,0.000000,0
68.7500,45.428,69.3642,69.3642,0.000000,0
68.8000,27.837,59.0428,59.0428,0.000000,0
68.8500,35.832,59.0428,59.0428,0.000000,0
68.9000,34.806,43.0844,43.0844,0.000000,0
68.9500,37.039,43.0844,43.0844,0.000000,0
69.0000,35.749,60.6199,60.6199,0.000000,0
69.0500,29.030,60.6199,60.6199,0.000000,0
69.1000,42.772,72.5899,72.5899,0.000000,0
69.1500,39.977,72.5899,72.5899,0.000000,0
69.2000,48.621,53.0366,53.0366,0.000000,0
69.2500,39.986,53.0366,53.0366,0.000000,0
69.3000,39.534,73.5502,73.5502,0.000000,0
69.3500,32.057,73.5502,73.5502,0.000000,0
69.4000,41.285,65.2959,65.2959,0.000000,0
69.4500,38.789,65.2959,65.2959,0.000000,0
69.5000,57.310,67.2207,67.2207,0.000000,0
69.5500,33.684,67.2207,67.2207,0.000000,0
69.6000,43.511,69.4586,69.4586,0.000000,0
69.6500,41.012,69.4586,69.4586,0.000000,0
69.7000,32.962,81.6493,81.6493,0.000000,0
69.7500,42.854,81.6493,81.6493,0.000000,0
69.8000,34.215,65.1150,65.1150,0.000000,0
69.8500,32.731,65.1150,65.1150,0.000000,0
69.9000,41.978,89.4693,89.4693,0.000000,0
69.9500,32.949,89.4693,89.4693,0.000000,0
70.0000,38.547,73.5179,73.5179,0.000000,0
70.0500,41.862,73.5179,73.5179,0.000000,0
70.1000,38.952,70.5176,70.5176,0.000000,0
70.1500,31.578,70.5176,70.5176,0.000000,0
70.2000,35.514,89.8001,89.8001,0.000000,0
70.2500,48.667,89.8001,89.8001,0.000000,0
70.3000,30.658,92.3177,92.3177,0.000000,0
70.3500,34.460,92.3177,92.3177,0.000000,0
70.4000,47.985,80.8974,80.8974,0.000000,0
70.4500,33.324,80.8974,80.8974,0.000000,0
70.5000,34.248,73.9738,73.9738,0.000000,0
70.5500,47.782,73.9738,73.9738,0.000000,0
70.6000,29.160,51.2415,51.2415,0.000000,0
70.6500,33.686,51.2415,51.2415,0.000000,0
70.7000,46.405,75.2307,75.2307,0.000000,0
70.7500,31.684,75.2307,75.2307,0.000000,0
70.8000,48.358,100.4512,100.4512,0.000000,0
70.8500,46.559,100.4512,100.4512,0.000000,0
70.9000,34.371,6.8440,6.8440,0.000000,0
70.9500,32.388,6.8440,6.8440,0.000000,0
71.0000,39.054,0.0000,0.0000,0.000000,0
71.0500,33.194,0.0000,0.0000,0.000000,0
71.1000,46.571,31.9952,31.9952,0.000000,0
71.1500,60.648,31.9952,31.9952,0.000000,0
71.2000,37.779,41.1828,41.1828,0.000000,0
71.2500,46.295,41.1828,41.1828,0.000000,0
71.3000,39.112,32.0010,32.0010,0.000000,0
71.3500,42.686,32.0010,32.0010,0.000000,0
71.4000,30.168,49.3477,49.3477,0.000000,0
71.4500,48.728,49.3477,49.3477,0.000000,0
71.5000,38.718,44.7091,44.7091,0.000000,0
71.5500,101.296,44.7091,44.7091,0.000000,0
71.6000,195.611,21.7716,21.7716,0.000000,0
71.6500,155.548,21.7716,21.7716,0.000000,0
71.7000,155.548,35.9393,35.9393,0.000000,0
71.7500,77.431,35.9393,35.9393,0.000000,0
71.8000,41.868,24.5223,24.5223,0.000000,0
71.8500,31.384,24.5223,24.5223,0.000000,0
71.9000,77.290,41.7613,41.7613,0.000000,0
71.9500,46.977,41.7613,41.7613,0.000000,0
72.0000,46.527,32.8817,32.8817,0.000000,0
72.0500,33.509,32.8817,32.8817,0.000000,0
72.1000,36.627,24.4346,24.4346,0.000000,0
72.1500,45.508,24.4346,24.4346,0.000000,0
72.2000,39.649,27.2616,27.2616,0.000000,0
72.2500,53.190,27.2616,27.2616,0.000000,0
72.3000,76.869,29.2841,29.2841,0.000000,0
72.3500,58.337,29.2841,29.2841,0.000000,0
72.4000,41.304,35.9354,35.9354,0.000000,0
72.4500,87.705,35.9354,35.9354,0.000000,0
72.5000,64.525,29.7425,29.7425,0.000000,0
72.5500,56.509,29.7425,29.7425,0.000000,0
72.6000,27.510,33.0097,33.0097,0.000000,0
72.6500,36.034,33.0097,33.0097,0.000000,0
72.7000,56.647,32.2141,32.2141,0.000000,0
72.7500,31.926,32.2141,32.2141,0.000000,0
72.8000,45.725,41.7840,41.7840,0.000000,0
72.8500,66.121,41.7840,41.7840,0.000000,0
72.9000,48.523,35.8245,35.8245,0.000000,0
72.9500,61.191,35.8245,35.8245,0.000000,0
73.0000,33.012,28.2729,28.2729,0.000000,0
73.0500,37.108,28.2729,28.2729,0.000000,0
73.1000,35.200,44.0422,44.0422,0.000000,0
73.1500,43.185,44.0422,44.0422,0.000000,0
73.2000,46.263,38.6363,38.6363,0.000000,0
73.2500,33.424,38.6363,38.6363,0.000000,0
73.3000,37.235,27.6015,27.6015,0.000000,0
73.3500,35.856,27.6015,27.6015,0.000000,0
73.4000,39.317,30.7491,30.7491,0.000000,0
73.4500,67.802,30.7491,30.7491,0.000000,0
73.5000,39.228,40.3360,40.3360,0.000000,0
73.5500,42.030,40.3360,40.3360,0.000000,0
73.6000,46.752,35.7062,35.7062,0.000000,0
73.6500,39.662,35.7062,35.7062,0.000000,0
73.7000,52.633,30.3930,30.3930,0.000000,0
73.7500,76.870,30.3930,30.3930,0.000000,0
73.8000,39.133,34.8305,34.8305,0.000000,0
73.8500,36.757,34.8305,34.8305,0.000000,0
73.9000,87.030,40.1833,40.1833,0.000000,0
73.9500,48.924,40.1833,40.1833,0.000000,0
74.0000,57.111,43.9695,43.9695,0.000000,0
74.0500,38.875,43.9695,43.9695,0.000000,0
74.1000,37.530,30.0816,30.0816,0.000000,0
74.1500,77.764,30.0816,30.0816,0.000000,0
74.2000,43.119,31.1919,31.1919,0.000000,0
74.2500,46.929,31.1919,31.1919,0.000000,0
74.3000,67.358,32.4997,32.4997,0.000000,0
74.3500,38.638,32.4997,32.4997,0.000000,0
74.4000,57.567,44.4004,44.4004,0.000000,0
74.4500,39.254,44.4004,44.4004,0.000000,0
74.5000,47.371,38.6756,38.6756,0.000000,0
74.5500,51.662,38.6756,38.6756,0.000000,0
74.6000,42.844,32.8922,32.8922,0.000000,0
74.6500,72.216,32.8922,32.8922,0.000000,0
74.7000,42.677,34.9170,34.9170,0.000000,0
74.7500,38.672,34.9170,34.9170,0.000000,0
74.8000,62.279,36.0455,36.0455,0.000000,0
74.8500,39.467,36.0455,36.0455,0.000000,0
74.9000,31.913,36.1213,36.1213,0.000000,0
74.9500,30.383,36.1213,36.1213,0.000000,0
75.0000,42.944,35.0858,35.0858,0.000000,0
75.0500,30.600,35.0858,35.0858,0.000000,0
75.1000,50.133,36.0199,36.0199,0.000000,0
75.1500,26.857,36.0199,36.0199,0.000000,0
75.2000,46.683,50.6189,50.6189,0.000000,0
75.2500,38.593,50.6189,50.6189,0.000000,0
75.3000,47.464,30.4070,30.4070,0.000000,0
75.3500,40.307,30.4070,30.4070,0.000000,0
75.4000,44.285,33.6905,33.6905,0.000000,0
75.4500,47.544,33.6905,33.6905,0.000000,0
75.5000,29.919,45.8925,45.8925,0.000000,0
75.5500,40.782,45.8925,45.8925,0.000000,0
75.6000,57.121,25.5957,25.5957,0.000000,0
75.6500,34.154,25.5957,25.5957,0.000000,0
75.7000,46.848,25.3167,25.3167,0.000000,0
75.7500,45.735,25.3167,25.3167,0.000000,0
75.8000,53.906,36.7192,36.7192,0.000000,0
75.8500,53.183,36.7192,36.7192,0.000000,0
75.9000,39.596,32.3040,32.3040,0.000000,0
75.9500,40.944,32.3040,32.3040,0.000000,0
76.0000,57.593,43.0591,43.0591,0.000000,0
76.0500,38.571,43.0591,43.0591,0.000000,0
76.1000,46.999,35.4781,35.4781,0.000000,0
76.1500,88.429,35.4781,35.4781,0.000000,0
76.2000,38.974,52.3886,52.3886,0.000000,0
76.2500,35.967,52.3886,52.3886,0.000000,0
76.3000,29.376,7.4326,7.4326,0.000000,0
76.3500,43.034,7.4326,7.4326,0.000000,0
76.4000,47.538,56.0612,56.0612,0.000000,0
76.4500,39.564,56.0612,56.0612,0.000000,0
76.5000,31.740,30.0924,30.0924,0.000000,0
76.5500,31.592,30.0924,30.0924,0.000000,0
76.6000,55.182,31.3080,31.3080,0.000000,0
76.6500,43.294,31.3080,31.3080,0.000000,0
76.7000,29.140,29.0625,29.0625,0.000000,0
76.7500,48.736,29.0625,29.0625,0.000000,0
76.8000,67.639,39.4455,39.4455,0.000000,0
76.8500,44.501,39.4455,39.4455,0.000000,0
76.9000,33.792,24.3581,24.3581,0.000000,0
76.9500,46.108,24.3581,24.3581,0.000000,0
77.0000,54.877,26.9230,26.9230,0.000000,0
77.0500,47.562,26.9230,26.9230,0.000000,0
77.1000,39.472,27.2516,27.2516,0.000000,0
77.1500,47.895,27.2516,27.2516,0.000000,0
77.2000,36.714,32.6722,32.6722,0.000000,0
77.2500,43.644,32.6722,32.6722,0.000000,0
77.3000,37.790,27.5060,27.5060,0.000000,0
77.3500,42.630,27.5060,27.5060,0.000000,0
77.4000,32.588,29.8462,29.8462,0.000000,0
77.4500,47.691,29.8462,29.8462,0.000000,0
77.5000,55.036,33.5565,33.5565,0.000000,0
77.5500,48.150,33.5565,33.5565,0.000000,0
77.6000,40.446,30.9749,30.9749,0.000000,0
77.6500,39.499,30.9749,30.9749,0.000000,0
77.7000,37.369,32.0953,32.0953,0.000000,0
77.7500,76.921,32.0953,32.0953,0.000000,0
77.8000,38.779,30.7549,30.7549,0.000000,0
77.8500,41.600,30.7549,30.7549,0.000000,0
77.9000,39.961,32.1037,32.1037,0.000000,0
77.9500,42.940,32.1037,32.1037,0.000000,0
78.0000,62.696,36.2665,36.2665,0.000000,0
78.0500,53.540,36.2665,36.2665,0.000000,0
78.1000,47.592,32.8906,32.8906,0.000000,0
78.1500,35.058,32.8906,32.8906,0.000000,0
78.2000,33.770,21.2469,21.2469,0.000000,0
78.2500,47.821,21.2469,21.2469,0.000000,0
78.3000,35.374,26.5422,26.5422,0.000000,0
78.3500,37.881,26.5422,26.5422,0.000000,0
78.4000,34.928,33.3344,33.3344,0.000000,0
78.4500,28.134,33.3344,33.3344,0.000000,0
78.5000,48.339,44.0444,44.0444,0.000000,0
78.5500,56.180,44.0444,44.0444,0.000000,0
78.6000,38.698,47.7125,47.7125,0.000000,0
78.6500,47.546,47.7125,47.7125,0.000000,0
78.7000,29.822,29.2861,29.2861,0.000000,0
78.7500,47.907,29.2861,29.2861,0.000000,0
78.8000,47.110,35.5942,35.5942,0.000000,0
78.8500,38.086,35.5942,35.5942,0.000000,0
78.9000,85.418,28.8567,28.8567,0.000000,0
78.9500,78.455,28.8567,28.8567,0.000000,0
79.0000,44.310,41.4770,41.4770,0.000000,0
79.0500,30.363,41.4770,41.4770,0.000000,0
79.1000,29.039,31.3067,31.3067,0.000000,0
79.1500,31.760,31.3067,31.3067,0.000000,0
79.2000,40.487,29.0405,29.0405,0.000000,0
79.2500,55.543,29.0405,29.0405,0.000000,0
79.3000,42.907,31.6651,31.6651,0.000000,0
79.3500,46.597,31.6651,31.6651,0.000000,0
79.4000,64.736,25.4584,25.4584,0.000000,0
79.4500,32.746,25.4584,25.4584,0.000000,0
79.5000,55.634,30.1890,30.1890,0.000000,0
79.5500,53.600,30.1890,30.1890,0.000000,0
79.6000,68.123,28.8487,28.8487,0.000000,0
79.6500,49.146,28.8487,28.8487,0.000000,0
79.7000,30.319,21.9558,21.9558,0.000000,0
79.7500,56.626,21.9558,21.9558,0.000000,0
79.8000,39.498,25.7889,25.7889,0.000000,0
79.8500,40.632,25.7889,25.7889,0.000000,0
79.9000,28.264,34.4966,34.4966,0.000000,0
79.9500,49.015,34.4966,34.4966,0.000000,0
80.0000,46.537,27.1460,27.1460,0.000000,0
80.0500,38.896,27.1460,27.1460,0.000000,0
80.1000,47.992,23.6686,23.6686,0.000000,0
80.1500,67.341,23.6686,23.6686,0.000000,0
80.2000,37.857,22.7585,22.7585,0.000000,0
80.2500,36.384,22.7585,22.7585,0.000000,0
80.3000,66.448,28.7226,28.7226,0.000000,0
80.3500,53.447,28.7226,28.7226,0.000000,0
80.4000,57.055,18.4689,18.4689,0.000000,0
80.4500,38.732,18.4689,18.4689,0.000000,0
80.5000,47.760,17.3092,17.3092,0.000000,0
80.5500,34.933,17.3092,17.3092,0.000000,0
80.6000,37.844,29.8290,29.8290,0.000000,0
80.6500,36.136,29.8290,29.8290,0.000000,0
80.7000,45.931,25.3396,25.3396,0.000000,0
80.7500,54.414,25.3396,25.3396,0.000000,0
80.8000,46.129,17.5715,17.5715,0.000000,0
80.8500,44.128,17.5715,17.5715,0.000000,0
80.9000,53.794,22.7788,22.7788,0.000000,0
80.9500,56.682,22.7788,22.7788,0.000000,0
81.0000,76.823,20.7129,20.7129,0.000000,0
81.0500,48.104,20.7129,20.7129,0.000000,0
81.1000,56.957,26.0123,26.0123,0.000000,0
81.1500,37.985,26.0123,26.0123,0.000000,0
81.2000,47.177,26.2274,26.2274,0.000000,0
81.2500,44.630,26.2274,26.2274,0.000000,0
81.3000,42.091,22.1976,22.1976,0.000000,0
81.3500,35.166,22.1976,22.1976,0.000000,0
81.4000,34.130,25.4755,25.4755,0.000000,0
81.4500,36.361,25.4755,25.4755,0.000000,0
81.5000,66.696,20.4099,20.4099,0.000000,0
81.5500,32.437,20.4099,20.4099,0.000000,0
81.6000,35.677,26.5881,26.5881,0.000000,0
81.6500,39.308,26.5881,26.5881,0.000000,0
81.7000,37.535,20.1211,20.1211,0.000000,0
81.7500,66.685,20.1211,20.1211,0.000000,0
81.8000,37.781,15.5384,15.5384,0.000000,0
81.8500,47.145,15.5384,15.5384,0.000000,0
81.9000,29.001,32.5432,32.5432,0.000000,0
81.9500,38.234,32.5432,32.5432,0.000000,0
82.0000,56.835,24.6761,24.6761,0.000000,0
82.0500,33.801,24.6761,24.6761,0.000000,0
82.1000,37.061,17.0129,17.0129,0.000000,0
82.1500,67.584,17.0129,17.0129,0.000000,0
82.2000,39.039,24.1974,24.1974,0.000000,0
82.2500,47.238,24.1974,24.1974,0.000000,0
82.3000,32.617,32.7683,32.7683,0.000000,0
82.3500,37.678,32.7683,32.7683,0.000000,0
82.4000,72.814,17.6283,17.6283,0.000000,0
82.4500,45.472,17.6283,17.6283,0.000000,0
82.5000,64.294,21.8574,21.8574,0.000000,0
82.5500,66.941,21.8574,21.8574,0.000000,0
82.6000,38.757,28.7123,28.7123,0.000000,0
82.6500,36.822,28.7123,28.7123,0.000000,0
82.7000,34.051,32.4556,32.4556,0.000000,0
82.7500,41.642,32.4556,32.4556,0.000000,0
82.8000,56.975,30.2799,30.2799,0.000000,0
82.8500,38.493,30.2799,30.2799,0.000000,0
82.9000,48.862,21.6351,21.6351,0.000000,0
82.9500,35.547,21.6351,21.6351,0.000000,0
83.0000,39.397,22.6701,22.6701,0.000000,0
83.0500,63.645,22.6701,22.6701,0.000000,0
83.1000,50.136,19.8899,19.8899,0.000000,0
83.1500,41.344,19.8899,19.8899,0.000000,0
83.2000,63.420,29.9733,29.9733,0.000000,0
83.2500,55.627,29.9733,29.9733,0.000000,0
83.3000,32.437,22.5655,22.5655,0.000000,0
83.3500,54.353,22.5655,22.5655,0.000000,0
83.4000,33.593,21.0536,21.0536,0.000000,0
83.4500,47.016,21.0536,21.0536,0.000000,0
83.5000,28.919,28.1543,28.1543,0.000000,0
83.5500,38.309,28.1543,28.1543,0.000000,0
83.6000,40.154,19.4106,19.4106,0.000000,0
83.6500,27.346,19.4106,19.4106,0.000000,0
83.7000,37.535,23.6517,23.6517,0.000000,0
83.7500,57.144,23.6517,23.6517,0.000000,0
83.8000,60.157,28.9265,28.9265,0.000000,0
83.8500,40.500,28.9265,28.9265,0.000000,0
83.9000,33.566,19.7506,19.7506,0.000000,0
83.9500,48.315,19.7506,19.7506,0.000000,0
84.0000,58.219,35.8116,35.8116,0.000000,0
84.0500,38.994,35.8116,35.8116,0.000000,0
84.1000,36.926,18.7726,18.7726,0.000000,0
84.1500,67.357,18.7726,18.7726,0.000000,0
84.2000,38.861,14.4060,14.4060,0.000000,0
84.2500,74.823,14.4060,14.4060,0.000000,0
84.3000,54.550,22.8806,22.8806,0.000000,0
84.3500,48.177,22.8806,22.8806,0.000000,0
84.4000,41.111,24.7062,24.7062,0.000000,0
84.4500,34.319,24.7062,24.7062,0.000000,0
84.5000,48.264,25.5581,25.5581,0.000000,0
84.5500,83.456,25.5581,25.5581,0.000000,0
84.6000,44.647,34.9929,34.9929,0.000000,0
84.6500,73.852,34.9929,34.9929,0.000000,0
84.7000,34.311,17.9662,17.9662,0.000000,0
84.7500,47.389,17.9662,17.9662,0.000000,0
84.8000,36.153,27.3406,27.3406,0.000000,0
84.8500,55.867,27.3406,27.3406,0.000000,0
84.9000,96.196,21.5598,21.5598,0.000000,0
84.9500,83.430,21.5598,21.5598,0.000000,0
85.0000,65.419,22.3979,22.3979,0.000000,0
85.0500,35.755,22.3979,22.3979,0.000000,0
85.1000,61.762,24.2127,24.2127,0.000000,0
85.1500,30.593,24.2127,24.2127,0.000000,0
85.2000,46.385,20.1549,20.1549,0.000000,0
85.2500,54.690,20.1549,20.1549,0.000000,0
85.3000,34.828,28.7327,28.7327,0.000000,0
85.3500,35.699,28.7327,28.7327,0.000000,0
85.4000,44.205,25.7958,25.7958,0.000000,0
85.4500,36.929,25.7958,25.7958,0.000000,0
85.5000,67.332,28.7281,28.7281,0.000000,0
85.5500,47.887,28.7281,28.7281,0.000000,0
85.6000,57.179,20.5758,20.5758,0.000000,0
85.6500,34.534,20.5758,20.5758,0.000000,0
85.7000,52.545,23.7723,23.7723,0.000000,0
85.7500,41.302,23.7723,23.7723,0.000000,0
85.8000,33.083,21.2276,21.2276,0.000000,0
85.8500,47.652,21.2276,21.2276,0.000000,0
85.9000,39.232,4.7240,4.7240,0.000000,0
85.9500,38.399,4.7240,4.7240,0.000000,0
86.0000,47.181,1.1267,1.1267,0.000000,0
86.0500,39.317,1.1267,1.1267,0.000000,0
86.1000,43.789,21.5338,21.5338,0.000000,0
86.1500,41.513,21.5338,21.5338,0.000000,0
86.2000,49.653,13.5083,13.5083,0.000000,0
86.2500,31.650,13.5083,13.5083,0.000000,0
86.3000,60.650,15.8822,15.8822,0.000000,0
86.3500,59.441,15.8822,15.8822,0.000000,0
86.4000,47.426,18.7607,18.7607,0.000000,0
86.4500,39.721,18.7607,18.7607,0.000000,0
86.5000,32.039,14.7634,14.7634,0.000000,0
86.5500,45.142,14.7634,14.7634,0.000000,0
86.6000,162.933,16.2168,16.2168,0.000000,0
86.6500,138.176,16.2168,16.2168,0.000000,0
86.7000,83.975,14.2440,14.2440,0.000000,0
86.7500,76.886,14.2440,14.2440,0.000000,0
86.8000,80.513,20.5816,20.5816,0.000000,0
86.8500,87.776,20.5816,20.5816,0.000000,0
86.9000,71.453,16.7887,16.7887,0.000000,0
86.9500,79.722,16.7887,16.7887,0.000000,0
87.0000,71.541,19.1494,19.1494,0.000000,0
87.0500,80.186,19.1494,19.1494,0.000000,0
87.1000,73.966,17.6841,17.6841,0.000000,0
87.1500,76.745,17.6841,17.6841,0.000000,0
87.2000,75.312,16.9493,16.9493,0.000000,0
87.2500,72.988,16.9493,16.9493,0.000000,0
87.3000,87.304,21.1300,21.1300,0.000000,0
87.3500,84.943,21.1300,21.1300,0.000000,0
87.4000,71.973,16.6714,16.6714,0.000000,0
87.4500,76.518,16.6714,16.6714,0.000000,0
87.5000,79.161,15.2676,15.2676,0.000000,0
87.5500,81.281,15.2676,15.2676,0.000000,0
87.6000,84.629,19.6056,19.6056,0.000000,0
87.6500,73.536,19.6056,19.6056,0.000000,0
87.7000,76.987,11.9349,11.9349,0.000000,0
87.7500,78.655,11.9349,11.9349,0.000000,0
87.8000,71.983,20.0443,20.0443,0.000000,0
87.8500,75.654,20.0443,20.0443,0.000000,0
87.9000,72.860,19.2209,19.2209,0.000000,0
87.9500,77.486,19.2209,19.2209,0.000000,0
88.0000,80.688,20.8736,20.8736,0.000000,0
88.0500,82.813,20.8736,20.8736,0.000000,0
88.1000,71.740,21.0439,21.0439,0.000000,0
88.1500,89.514,21.0439,21.0439,0.000000,0
88.2000,98.970,20.1769,20.1769,0.000000,0
88.2500,81.448,20.1769,20.1769,0.000000,0
88.3000,89.387,23.3260,23.3260,0.000000,0
88.3500,82.278,23.3260,23.3260,0.000000,0
88.4000,86.452,17.4094,17.4094,0.000000,0
88.4500,77.386,17.4094,17.4094,0.000000,0
88.5000,70.752,18.4061,18.4061,0.000000,0
88.5500,73.997,18.4061,18.4061,0.000000,0
88.6000,76.986,18.8161,18.8161,0.000000,0
88.6500,75.938,18.8161,18.8161,0.000000,0
88.7000,72.959,19.3851,19.3851,0.000000,0
88.7500,76.443,19.3851,19.3851,0.000000,0
88.8000,74.971,18.9178,18.9178,0.000000,0
88.8500,77.883,18.9178,18.9178,0.000000,0
88.9000,74.833,19.8213,19.8213,0.000000,0
88.9500,79.844,19.8213,19.8213,0.000000,0
89.0000,71.558,20.2655,20.2655,0.000000,0
89.0500,86.763,20.2655,20.2655,0.000000,0
89.1000,73.771,19.4517,19.4517,0.000000,0
89.1500,92.843,19.4517,19.4517,0.000000,0
89.2000,74.904,19.5279,19.5279,0.000000,0
89.2500,72.053,19.5279,19.5279,0.000000,0
89.3000,70.793,19.5945,19.5945,0.000000,0
89.3500,74.183,19.5945,19.5945,0.000000,0
89.4000,72.775,17.5219,17.5219,0.000000,0
89.4500,75.938,17.5219,17.5219,0.000000,0
89.5000,75.827,18.9301,18.9301,0.000000,0
89.5500,81.940,18.9301,18.9301,0.000000,0
89.6000,80.206,20.6121,20.6121,0.000000,0
89.6500,72.339,20.6121,20.6121,0.000000,0
89.7000,76.235,15.5442,15.5442,0.000000,0
89.7500,84.885,15.5442,15.5442,0.000000,0
89.8000,72.794,23.0912,23.0912,0.000000,0
89.8500,70.425,23.0912,23.0912,0.000000,0
89.9000,84.447,20.0862,20.0862,0.000000,0
89.9500,82.102,20.0862,20.0862,0.000000,0
90.0000,75.216,19.3349,19.3349,0.000000,0
90.0500,72.805,19.3349,19.3349,0.000000,0
90.1000,71.062,23.7680,23.7680,0.000000,0
90.1500,74.249,23.7680,23.7680,0.000000,0
90.2000,72.669,18.2475,18.2475,0.000000,0
90.2500,81.634,18.2475,18.2475,0.000000,0
90.3000,72.479,23.1957,23.1957,0.000000,0
90.3500,72.279,23.1957,23.1957,0.000000,0
90.4000,84.992,17.1262,17.1262,0.000000,0
90.4500,72.863,17.1262,17.1262,0.000000,0
90.5000,76.722,23.1969,23.1969,0.000000,0
90.5500,85.370,23.1969,23.1969,0.000000,0
90.6000,72.151,20.3190,20.3190,0.000000,0
90.6500,85.606,20.3190,20.3190,0.000000,0
90.7000,78.018,23.9870,23.9870,0.000000,0
90.7500,70.895,23.9870,23.9870,0.000000,0
90.8000,74.172,21.0362,21.0362,0.000000,0
90.8500,78.343,21.0362,21.0362,0.000000,0
90.9000,71.522,18.0210,18.0210,0.000000,0
90.9500,74.510,18.0210,18.0210,0.000000,0
91.0000,77.825,17.9006,17.9006,0.000000,0
91.0500,75.483,17.9006,17.9006,0.000000,0
91.1000,74.168,20.5046,20.5046,0.000000,0
91.1500,72.427,20.5046,20.5046,0.000000,0
91.2000,80.597,23.2066,23.2066,0.000000,0
91.2500,78.165,23.2066,23.2066,0.000000,0
91.3000,75.835,20.1127,20.1127,0.000000,0
91.3500,83.863,20.1127,20.1127,0.000000,0
91.4000,77.457,19.8493,19.8493,0.000000,0
91.4500,76.318,19.8493,19.8493,0.000000,0
91.5000,84.115,24.3892,24.3892,0.000000,0
91.5500,71.722,24.3892,24.3892,0.000000,0
91.6000,74.865,18.6559,18.6559,0.000000,0
91.6500,83.509,18.6559,18.6559,0.000000,0
91.7000,77.126,18.8086,18.8086,0.000000,0
91.7500,74.233,18.8086,18.8086,0.000000,0
91.8000,77.331,24.3295,24.3295,0.000000,0
91.8500,76.197,24.3295,24.3295,0.000000,0
91.9000,73.261,21.2124,21.2124,0.000000,0
91.9500,72.259,21.2124,21.2124,0.000000,0
92.0000,78.539,18.6949,18.6949,0.000000,0
92.0500,72.171,18.6949,18.6949,0.000000,0
92.1000,80.733,18.9894,18.9894,0.000000,0
92.1500,75.068,18.9894,18.9894,0.000000,0
92.2000,83.004,20.8836,20.8836,0.000000,0
92.2500,86.986,20.8836,20.8836,0.000000,0
92.3000,79.801,14.9164,14.9164,0.000000,0
92.3500,82.995,14.9164,14.9164,0.000000,0
92.4000,86.253,17.1285,17.1285,0.000000,0
92.4500,72.758,17.1285,17.1285,0.000000,0
92.5000,70.800,18.0055,18.0055,0.000000,0
92.5500,80.284,18.0055,18.0055,0.000000,0
92.6000,72.416,21.8637,21.8637,0.000000,0
92.6500,75.623,21.8637,21.8637,0.000000,0
92.7000,73.291,20.6648,20.6648,0.000000,0
92.7500,82.454,20.6648,20.6648,0.000000,0
92.8000,84.970,25.0967,25.0967,0.000000,0
92.8500,78.418,25.0967,25.0967,0.000000,0
92.9000,71.307,18.5798,18.5798,0.000000,0
92.9500,79.629,18.5798,18.5798,0.000000,0
93.0000,78.459,23.9918,23.9918,0.000000,0
93.0500,91.233,23.9918,23.9918,0.000000,0
93.1000,84.114,23.4477,23.4477,0.000000,0
93.1500,76.612,23.4477,23.4477,0.000000,0
93.2000,80.069,20.2480,20.2480,0.000000,0
93.2500,77.879,20.2480,20.2480,0.000000,0
93.3000,71.346,21.6230,21.6230,0.000000,0
93.3500,85.178,21.6230,21.6230,0.000000,0
93.4000,77.091,17.7289,17.7289,0.000000,0
93.4500,85.442,17.7289,17.7289,0.000000,0
93.5000,73.949,21.8524,21.8524,0.000000,0
93.5500,71.649,21.8524,21.8524,0.000000,0
93.6000,80.006,20.1274,20.1274,0.000000,0
93.6500,83.515,20.1274,20.1274,0.000000,0
93.7000,69.776,17.5345,17.5345,0.000000,0
93.7500,74.886,17.5345,17.5345,0.000000,0
93.8000,71.854,21.7859,21.7859,0.000000,0
93.8500,81.081,21.7859,21.7859,0.000000,0
93.9000,73.040,22.9774,22.9774,0.000000,0
93.9500,76.683,22.9774,22.9774,0.000000,0
94.0000,74.538,19.1394,19.1394,0.000000,0
94.0500,78.601,19.1394,19.1394,0.000000,0
94.1000,70.838,23.2187,23.2187,0.000000,0
94.1500,85.672,23.2187,23.2187,0.000000,0
94.2000,81.793,24.2135,24.2135,0.000000,0
94.2500,76.181,24.2135,24.2135,0.000000,0
94.3000,88.703,20.7276,20.7276,0.000000,0
94.3500,71.552,20.7276,20.7276,0.000000,0
94.4000,74.264,22.3018,22.3018,0.000000,0
94.4500,83.883,22.3018,22.3018,0.000000,0
94.5000,81.635,22.6384,22.6384,0.000000,0
94.5500,79.805,22.6384,22.6384,0.000000,0
94.6000,72.400,19.4172,19.4172,0.000000,0
94.6500,75.198,19.4172,19.4172,0.000000,0
94.7000,73.061,23.4200,23.4200,0.000000,0
94.7500,72.431,23.4200,23.4200,0.000000,0
94.8000,69.648,26.9173,26.9173,0.000000,0
94.8500,73.325,26.9173,26.9173,0.000000,0
94.9000,70.274,23.4376,23.4376,0.000000,0
94.9500,85.170,23.4376,23.4376,0.000000,0
95.0000,93.071,22.7396,22.7396,0.000000,0
95.0500,81.103,22.7396,22.7396,0.000000,0
95.1000,72.982,22.3009,22.3009,0.000000,0
95.1500,71.977,22.3009,22.3009,0.000000,0
95.2000,85.542,24.3293,24.3293,0.000000,0
95.2500,83.533,24.3293,24.3293,0.000000,0
95.3000,86.532,23.6780,23.6780,0.000000,0
95.3500,84.869,23.6780,23.6780,0.000000,0
95.4000,70.954,25.6761,25.6761,0.000000,0
95.4500,74.799,25.6761,25.6761,0.000000,0
95.5000,74.256,20.7752,20.7752,0.000000,0
95.5500,77.416,20.7752,20.7752,0.000000,0
95.6000,74.571,27.4564,27.4564,0.000000,0
95.6500,83.090,27.4564,27.4564,0.000000,0
95.7000,70.070,23.8782,23.8782,0.000000,0
95.7500,89.572,23.8782,23.8782,0.000000,0
95.8000,76.577,29.8380,29.8380,0.000000,0
95.8500,70.138,29.8380,29.8380,0.000000,0
95.9000,73.037,28.1606,28.1606,0.000000,0
95.9500,71.492,28.1606,28.1606,0.000000,0
96.0000,75.512,19.8256,19.8256,0.000000,0
96.0500,72.869,19.8256,19.8256,0.000000,0
96.1000,76.817,22.1963,22.1963,0.000000,0
96.1500,80.269,22.1963,22.1963,0.000000,0
96.2000,83.735,27.0347,27.0347,0.000000,0
96.2500,80.414,27.0347,27.0347,0.000000,0
96.3000,74.404,22.8664,22.8664,0.000000,0
96.3500,72.635,22.8664,22.8664,0.000000,0
96.4000,86.251,25.8139,25.8139,0.000000,0
96.4500,82.784,25.8139,25.8139,0.000000,0
96.5000,70.543,27.0131,27.0131,0.000000,0
96.5500,74.356,27.0131,27.0131,0.000000,0
96.6000,88.882,25.6920,25.6920,0.000000,0
96.6500,80.673,25.6920,25.6920,0.000000,0
96.7000,100.564,33.9131,33.9131,0.000000,0
96.7500,77.760,33.9131,33.9131,0.000000,0
96.8000,81.354,27.3607,27.3607,0.000000,0
96.8500,73.521,27.3607,27.3607,0.000000,0
96.9000,82.165,30.3016,30.3016,0.000000,0
96.9500,74.524,30.3016,30.3016,0.000000,0
97.0000,83.499,29.1673,29.1673,0.000000,0
97.0500,81.474,29.1673,29.1673,0.000000,0
97.1000,78.925,27.9342,27.9342,0.000000,0
97.1500,82.941,27.9342,27.9342,0.000000,0
97.2000,86.271,31.4275,31.4275,0.000000,0
97.2500,83.841,31.4275,31.4275,0.000000,0
97.3000,82.154,27.1497,27.1497,0.000000,0
97.3500,84.533,27.1497,27.1497,0.000000,0
97.4000,77.496,37.2085,37.2085,0.000000,0
97.4500,85.758,37.2085,37.2085,0.000000,0
97.5000,73.207,30.9726,30.9726,0.000000,0
97.5500,71.444,30.9726,30.9726,0.000000,0
97.6000,75.102,35.7105,35.7105,0.000000,0
97.6500,72.769,35.7105,35.7105,0.000000,0
97.7000,70.599,25.1328,25.1328,0.000000,0
97.7500,74.447,25.1328,25.1328,0.000000,0
97.8000,71.539,34.9174,34.9174,0.000000,0
97.8500,75.596,34.9174,34.9174,0.000000,0
97.9000,73.207,35.5099,35.5099,0.000000,0
97.9500,81.983,35.5099,35.5099,0.000000,0
98.0000,85.513,16.2184,16.2184,0.000000,0
98.0500,72.810,16.2184,16.2184,0.000000,0
98.1000,75.185,31.1770,31.1770,0.000000,0
98.1500,79.718,31.1770,31.1770,0.000000,0
98.2000,72.328,40.6993,40.6993,0.000000,0
98.2500,70.474,40.6993,40.6993,0.000000,0
98.3000,79.491,25.3435,25.3435,0.000000,0
98.3500,71.952,25.3435,25.3435,0.000000,0
98.4000,74.929,38.1709,38.1709,0.000000,0
98.4500,72.079,38.1709,38.1709,0.000000,0
98.5000,70.101,18.3524,18.3524,0.000000,0
98.5500,72.988,18.3524,18.3524,0.000000,0
98.6000,136.214,51.5561,51.5561,0.000000,0
98.6500,86.127,51.5561,51.5561,0.000000,0
98.7000,83.877,31.2025,31.2025,0.000000,0
98.7500,72.097,31.2025,31.2025,0.000000,0
98.8000,74.806,26.9196,26.9196,0.000000,0
98.8500,72.673,26.9196,26.9196,0.000000,0
98.9000,71.189,23.8075,23.8075,0.000000,0
98.9500,74.826,23.8075,23.8075,0.000000,0
99.0000,72.237,34.1327,34.1327,0.000000,0
99.0500,76.168,34.1327,34.1327,0.000000,0
99.1000,84.872,27.9185,27.9185,0.000000,0
99.1500,82.415,27.9185,27.9185,0.000000,0
99.2000,86.315,29.1655,29.1655,0.000000,0
99.2500,78.868,29.1655,29.1655,0.000000,0
99.3000,81.597,24.3290,24.3290,0.000000,0
99.3500,74.598,24.3290,24.3290,0.000000,0
99.4000,71.952,32.1389,32.1389,0.000000,0
99.4500,75.973,32.1389,32.1389,0.000000,0
99.5000,94.964,29.5019,29.5019,0.000000,0
99.5500,76.739,29.5019,29.5019,0.000000,0
99.6000,85.722,31.5515,31.5515,0.000000,0
99.6500,73.049,31.5515,31.5515,0.000000,0
99.7000,81.870,32.1056,32.1056,0.000000,0
99.7500,74.216,32.1056,32.1056,0.000000,0
99.8000,71.525,30.9553,30.9553,0.000000,0
99.8500,75.719,30.9553,30.9553,0.000000,0
99.9000,71.646,31.6598,31.6598,0.000000,0
99.9500,72.069,31.6598,31.6598,0.000000,0
100.0000,73.894,35.2770,35.2770,0.000000,0
100.0500,72.909,35.2770,35.2770,0.000000,0
100.1000,75.623,37.8489,37.8489,0.000000,0
100.1500,85.506,37.8489,37.8489,0.000000,0
100.2000,82.857,36.8329,36.8329,0.000000,0
100.2500,91.863,36.8329,36.8329,0.000000,0
100.3000,84.972,23.0834,23.0834,0.000000,0
100.3500,71.872,23.0834,23.0834,0.000000,0
100.4000,75.541,31.4269,31.4269,0.000000,0
100.4500,83.455,31.4269,31.4269,0.000000,0
100.5000,82.653,34.7056,34.7056,0.000000,0
100.5500,79.730,34.7056,34.7056,0.000000,0
100.6000,77.480,25.6806,25.6806,0.000000,0
100.6500,80.636,25.6806,25.6806,0.000000,0
100.7000,73.422,18.7977,18.7977,0.000000,0
100.7500,72.280,18.7977,18.7977,0.000000,0
100.8000,75.753,37.2095,37.2095,0.000000,0
100.8500,73.118,37.2095,37.2095,0.000000,0
100.9000,76.891,6.1812,6.1812,0.000000,0
100.9500,80.312,6.1812,6.1812,0.000000,0
101.0000,94.189,0.0000,0.0000,0.000000,0
101.0500,70.937,0.0000,0.0000,0.000000,0
101.1000,89.439,0.0000,0.0000,0.000000,0
101.1500,82.788,0.0000,0.0000,0.000000,0
101.2000,74.762,32.8163,32.8163,0.000000,0
101.2500,72.692,32.8163,32.8163,0.000000,0
101.3000,81.720,11.4783,11.4783,0.000000,0
101.3500,80.364,11.4783,11.4783,0.000000,0
101.4000,72.052,27.6967,27.6967,0.000000,0
101.4500,81.402,27.6967,27.6967,0.000000,0
101.5000,79.008,20.1329,20.1329,0.000000,0
101.5500,216.005,20.1329,20.1329,0.000000,0
101.6000,189.199,22.4290,22.4290,0.000000,0
101.6500,174.575,22.4290,22.4290,0.000000,0
101.7000,146.563,29.7182,29.7182,0.000000,0
101.7500,102.699,29.7182,29.7182,0.000000,0
101.8000,95.516,20.1159,20.1159,0.000000,0
101.8500,68.994,20.1159,20.1159,0.000000,0
101.9000,41.826,14.8191,14.8191,0.000000,0
101.9500,44.846,14.8191,14.8191,0.000000,0
102.0000,45.317,21.9225,21.9225,0.000000,0
102.0500,45.138,21.9225,21.9225,0.000000,0
102.1000,40.391,14.8184,14.8184,0.000000,0
102.1500,75.274,14.8184,14.8184,0.000000,0
102.2000,58.377,12.6157,12.6157,0.000000,0
102.2500,39.859,12.6157,12.6157,0.000000,0
102.3000,45.317,17.8089,17.8089,0.000000,0
102.3500,38.519,17.8089,17.8089,0.000000,0
102.4000,58.840,17.0742,17.0742,0.000000,0
102.4500,38.157,17.0742,17.0742,0.000000,0
102.5000,79.829,16.6060,16.6060,0.000000,0
102.5500,93.240,16.6060,16.6060,0.000000,0
102.6000,69.225,16.9964,16.9964,0.000000,0
102.6500,42.377,16.9964,16.9964,0.000000,0
102.7000,51.831,17.0119,17.0119,0.000000,0
102.7500,55.865,17.0119,17.0119,0.000000,0
102.8000,38.569,22.5043,22.5043,0.000000,0
102.8500,58.706,22.5043,22.5043,0.000000,0
102.9000,111.111,11.6702,11.6702,0.000000,0
102.9500,74.917,11.6702,11.6702,0.000000,0
103.0000,35.380,19.2709,19.2709,0.000000,0
103.0500,35.366,19.2709,19.2709,0.000000,0
103.1000,41.965,17.2270,17.2270,0.000000,0
103.1500,42.643,17.2270,17.2270,0.000000,0
103.2000,55.053,18.4802,18.4802,0.000000,0
103.2500,49.907,18.4802,18.4802,0.000000,0
103.3000,65.312,19.2522,19.2522,0.000000,0
103.3500,58.811,19.2522,19.2522,0.000000,0
103.4000,55.272,19.3279,19.3279,0.000000,0
103.4500,56.155,19.3279,19.3279,0.000000,0
103.5000,35.975,19.0776,19.0776,0.000000,0
103.5500,48.929,19.0776,19.0776,0.000000,0
103.6000,56.706,17.8618,17.8618,0.000000,0
103.6500,51.622,17.8618,17.8618,0.000000,0
103.7000,58.697,16.8901,16.8901,0.000000,0
103.7500,42.167,16.8901,16.8901,0.000000,0
103.8000,75.529,22.1451,22.1451,0.000000,0
103.8500,75.482,22.1451,22.1451,0.000000,0
103.9000,51.864,20.1489,20.1489,0.000000,0
103.9500,40.026,20.1489,20.1489,0.000000,0
104.0000,38.038,17.4063,17.4063,0.000000,0
104.0500,62.994,17.4063,17.4063,0.000000,0
104.1000,48.335,20.0902,20.0902,0.000000,0
104.1500,48.307,20.0902,20.0902,0.000000,0
104.2000,55.371,15.4320,15.4320,0.000000,0
104.2500,55.418,15.4320,15.4320,0.000000,0
104.3000,48.383,15.4780,15.4780,0.000000,0
104.3500,45.231,15.4780,15.4780,0.000000,0
104.4000,44.885,18.6009,18.6009,0.000000,0
104.4500,39.612,18.6009,18.6009,0.000000,0
104.5000,36.216,18.9033,18.9033,0.000000,0
104.5500,38.723,18.9033,18.9033,0.000000,0
104.6000,71.238,16.1768,16.1768,0.000000,0
104.6500,73.339,16.1768,16.1768,0.000000,0
104.7000,48.162,24.7521,24.7521,0.000000,0
104.7500,47.970,24.7521,24.7521,0.000000,0
104.8000,48.656,16.7780,16.7780,0.000000,0
104.8500,52.371,16.7780,16.7780,0.000000,0
104.9000,74.460,24.3431,24.3431,0.000000,0
104.9500,95.349,24.3431,24.3431,0.000000,0
105.0000,58.994,20.0031,20.0031,0.000000,0
105.0500,38.742,20.0031,20.0031,0.000000,0
105.1000,48.413,11.7413,11.7413,0.000000,0
105.1500,44.960,11.7413,11.7413,0.000000,0
105.2000,45.366,20.5017,20.5017,0.000000,0
105.2500,68.805,20.5017,20.5017,0.000000,0
105.3000,69.759,25.6822,25.6822,0.000000,0
105.3500,68.437,25.6822,25.6822,0.000000,0
105.4000,45.103,18.9360,18.9360,0.000000,0
105.4500,54.887,18.9360,18.9360,0.000000,0
105.5000,66.502,23.3872,23.3872,0.000000,0
105.5500,55.395,23.3872,23.3872,0.000000,0
105.6000,41.296,20.9815,20.9815,0.000000,0
105.6500,41.635,20.9815,20.9815,0.000000,0
105.7000,58.527,22.7341,22.7341,0.000000,0
105.7500,46.970,22.7341,22.7341,0.000000,0
105.8000,66.208,12.9593,12.9593,0.000000,0
105.8500,45.168,12.9593,12.9593,0.000000,0
105.9000,55.467,20.1603,20.1603,0.000000,0
105.9500,44.717,20.1603,20.1603,0.000000,0
106.0000,44.920,18.2022,18.2022,0.000000,0
106.0500,58.425,18.2022,18.2022,0.000000,0
106.1000,37.848,20.7071,20.7071,0.000000,0
106.1500,48.390,20.7071,20.7071,0.000000,0
106.2000,38.235,11.0795,11.0795,0.000000,0
106.2500,38.272,11.0795,11.0795,0.000000,0
106.3000,35.124,18.4722,18.4722,0.000000,0
106.3500,48.849,18.4722,18.4722,0.000000,0
106.4000,47.997,13.2829,13.2829,0.000000,0
106.4500,54.466,13.2829,13.2829,0.000000,0
106.5000,86.760,13.7356,13.7356,0.000000,0
106.5500,50.257,13.7356,13.7356,0.000000,0
106.6000,61.487,19.5884,19.5884,0.000000,0
106.6500,36.529,19.5884,19.5884,0.000000,0
106.7000,51.747,14.8361,14.8361,0.000000,0
106.7500,45.621,14.8361,14.8361,0.000000,0
106.8000,54.933,16.6196,16.6196,0.000000,0
106.8500,62.007,16.6196,16.6196,0.000000,0
106.9000,74.901,11.1471,11.1471,0.000000,0
106.9500,58.668,11.1471,11.1471,0.000000,0
107.0000,45.036,11.2275,11.2275,0.000000,0
107.0500,92.120,11.2275,11.2275,0.000000,0
107.1000,88.172,19.2018,19.2018,0.000000,0
107.1500,44.388,19.2018,19.2018,0.000000,0
107.2000,41.654,13.2563,13.2563,0.000000,0
107.2500,41.002,13.2563,13.2563,0.000000,0
107.3000,41.113,11.6415,11.6415,0.000000,0
107.3500,48.317,11.6415,11.6415,0.000000,0
107.4000,42.169,14.2591,14.2591,0.000000,0
107.4500,43.097,14.2591,14.2591,0.000000,0
107.5000,43.467,15.1434,15.1434,0.000000,0
107.5500,58.635,15.1434,15.1434,0.000000,0
107.6000,56.959,12.9165,12.9165,0.000000,0
107.6500,85.156,12.9165,12.9165,0.000000,0
107.7000,63.206,11.3694,11.3694,0.000000,0
107.7500,38.922,11.3694,11.3694,0.000000,0
107.8000,38.759,7.4608,7.4608,0.000000,0
107.8500,47.984,7.4608,7.4608,0.000000,0
107.9000,45.176,19.2944,19.2944,0.000000,0
107.9500,101.766,19.2944,19.2944,0.000000,0
108.0000,117.997,15.8294,15.8294,0.000000,0
108.0500,93.245,15.8294,15.8294,0.000000,0
108.1000,68.341,17.5343,17.5343,0.000000,0
108.1500,45.193,17.5343,17.5343,0.000000,0
108.2000,51.792,16.5495,16.5495,0.000000,0
108.2500,40.142,16.5495,16.5495,0.000000,0
108.3000,38.249,21.5822,21.5822,0.000000,0
108.3500,92.228,21.5822,21.5822,0.000000,0
108.4000,78.886,17.2501,17.2501,0.000000,0
108.4500,168.676,17.2501,17.2501,0.000000,0
108.5000,128.923,16.9562,16.9562,0.000000,0
108.5500,81.336,16.9562,16.9562,0.000000,0
108.6000,43.268,19.8967,19.8967,0.000000,0
108.6500,48.862,19.8967,19.8967,0.000000,0
108.7000,55.418,2.4799,2.4799,0.000000,0
108.7500,78.852,2.4799,2.4799,0.000000,0
108.8000,55.268,17.3220,17.3220,0.000000,0
108.8500,55.383,17.3220,17.3220,0.000000,0
108.9000,54.886,12.7726,12.7726,0.000000,0
108.9500,45.422,12.7726,12.7726,0.000000,0
109.0000,41.766,11.2196,11.2196,0.000000,0
109.0500,35.249,11.2196,11.2196,0.000000,0
109.1000,43.210,7.6629,7.6629,0.000000,0
109.1500,65.218,7.6629,7.6629,0.000000,0
109.2000,44.263,10.3541,10.3541,0.000000,0
109.2500,81.438,10.3541,10.3541,0.000000,0
109.3000,68.506,8.7920,8.7920,0.000000,0
109.3500,81.640,8.7920,8.7920,0.000000,0
109.4000,59.782,9.6062,9.6062,0.000000,0
109.4500,85.105,9.6062,9.6062,0.000000,0
109.5000,78.709,11.3347,11.3347,0.000000,0
109.5500,48.441,11.3347,11.3347,0.000000,0
109.6000,42.085,10.6081,10.6081,0.000000,0
109.6500,72.115,10.6081,10.6081,0.000000,0
109.7000,65.402,7.6723,7.6723,0.000000,0
109.7500,68.615,7.6723,7.6723,0.000000,0
109.8000,78.831,15.0458,15.0458,0.000000,0
109.8500,41.770,15.0458,15.0458,0.000000,0
109.9000,45.406,10.2594,10.2594,0.000000,0
109.9500,71.755,10.2594,10.2594,0.000000,0
110.0000,38.474,9.1239,9.1239,0.000000,0
110.0500,51.926,9.1239,9.1239,0.000000,0
110.1000,64.725,13.7231,13.7231,0.000000,0
110.1500,48.547,13.7231,13.7231,0.000000,0
110.2000,64.809,9.2562,9.2562,0.000000,0
110.2500,72.052,9.2562,9.2562,0.000000,0
110.3000,56.471,11.1358,11.1358,0.000000,0
110.3500,54.970,11.1358,11.1358,0.000000,0
110.4000,76.593,14.5873,14.5873,0.000000,0
110.4500,51.094,14.5873,14.5873,0.000000,0
110.5000,45.176,11.4908,11.4908,0.000000,0
110.5500,50.041,11.4908,11.4908,0.000000,0
110.6000,42.189,16.7669,16.7669,0.000000,0
110.6500,61.688,16.7669,16.7669,0.000000,0
110.7000,45.226,14.3083,14.3083,0.000000,0
110.7500,88.690,14.3083,14.3083,0.000000,0
110.8000,44.207,14.1430,14.1430,0.000000,0
110.8500,62.954,14.1430,14.1430,0.000000,0
110.9000,58.857,12.4302,12.4302,0.000000,0
110.9500,53.082,12.4302,12.4302,0.000000,0
111.0000,52.360,13.2483,13.2483,0.000000,0
111.0500,50.762,13.2483,13.2483,0.000000,0
111.1000,38.299,3.2638,3.2638,0.000000,0
111.1500,44.182,3.2638,3.2638,0.000000,0
111.2000,51.549,22.4216,22.4216,0.000000,0
111.2500,41.100,22.4216,22.4216,0.000000,0
111.3000,38.583,8.5955,8.5955,0.000000,0
111.3500,40.898,8.5955,8.5955,0.000000,0
111.4000,38.132,9.8807,9.8807,0.000000,0
111.4500,48.515,9.8807,9.8807,0.000000,0
111.5000,48.607,11.3019,11.3019,0.000000,0
111.5500,41.222,11.3019,11.3019,0.000000,0
111.6000,52.518,9.6575,9.6575,0.000000,0
111.6500,41.523,9.6575,9.6575,0.000000,0
111.7000,38.110,15.1518,15.1518,0.000000,0
111.7500,41.808,15.1518,15.1518,0.000000,0
111.8000,51.321,12.8292,12.8292,0.000000,0
111.8500,45.017,12.8292,12.8292,0.000000,0
111.9000,45.117,9.8807,9.8807,0.000000,0
111.9500,48.297,9.8807,9.8807,0.000000,0
112.0000,58.036,10.1716,10.1716,0.000000,0
112.0500,40.971,10.1716,10.1716,0.000000,0
112.1000,45.370,10.3083,10.3083,0.000000,0
112.1500,54.779,10.3083,10.3083,0.000000,0
112.2000,51.854,11.1740,11.1740,0.000000,0
112.2500,51.866,11.1740,11.1740,0.000000,0
112.3000,48.844,16.2652,16.2652,0.000000,0
112.3500,48.158,16.2652,16.2652,0.000000,0
112.4000,44.449,12.7352,12.7352,0.000000,0
112.4500,41.434,12.7352,12.7352,0.000000,0
112.5000,71.303,7.6601,7.6601,0.000000,0
112.5500,55.488,7.6601,7.6601,0.000000,0
112.6000,67.971,14.2430,14.2430,0.000000,0
112.6500,37.939,14.2430,14.2430,0.000000,0
112.7000,41.889,10.2460,10.2460,0.000000,0
112.7500,41.198,10.2460,10.2460,0.000000,0
112.8000,48.859,9.6161,9.6161,0.000000,0
112.8500,38.961,9.6161,9.6161,0.000000,0
112.9000,48.618,10.2165,10.2165,0.000000,0
112.9500,37.208,10.2165,10.2165,0.000000,0
113.0000,48.076,15.8845,15.8845,0.000000,0
113.0500,34.287,15.8845,15.8845,0.000000,0
113.1000,35.400,11.1465,11.1465,0.000000,0
113.1500,111.616,11.1465,11.1465,0.000000,0
113.2000,88.847,12.3209,12.3209,0.000000,0
113.2500,61.910,12.3209,12.3209,0.000000,0
113.3000,40.903,10.5392,10.5392,0.000000,0
113.3500,48.738,10.5392,10.5392,0.000000,0
113.4000,41.747,17.9298,17.9298,0.000000,0
113.4500,45.428,17.9298,17.9298,0.000000,0
113.5000,61.945,15.2260,15.2260,0.000000,0
113.5500,51.916,15.2260,15.2260,0.000000,0
113.6000,45.047,16.3095,16.3095,0.000000,0
113.6500,64.777,16.3095,16.3095,0.000000,0
113.7000,34.858,18.0287,18.0287,0.000000,0
113.7500,44.723,18.0287,18.0287,0.000000,0
113.8000,44.011,15.3144,15.3144,0.000000,0
113.8500,41.398,15.3144,15.3144,0.000000,0
113.9000,38.163,18.0959,18.0959,0.000000,0
113.9500,52.211,18.0959,18.0959,0.000000,0
114.0000,37.923,11.4940,11.4940,0.000000,0
114.0500,51.513,11.4940,11.4940,0.000000,0
114.1000,35.082,17.3341,17.3341,0.000000,0
114.1500,58.270,17.3341,17.3341,0.000000,0
114.2000,38.322,14.8789,14.8789,0.000000,0
114.2500,44.785,14.8789,14.8789,0.000000,0
114.3000,41.312,12.3425,12.3425,0.000000,0
114.3500,47.651,12.3425,12.3425,0.000000,0
114.4000,41.883,12.2153,12.2153,0.000000,0
114.4500,42.098,12.2153,12.2153,0.000000,0
114.5000,65.011,19.6998,19.6998,0.000000,0
114.5500,34.487,19.6998,19.6998,0.000000,0
114.6000,47.498,16.7175,16.7175,0.000000,0
114.6500,52.145,16.7175,16.7175,0.000000,0
114.7000,47.838,15.3849,15.3849,0.000000,0
114.7500,40.887,15.3849,15.3849,0.000000,0
114.8000,48.196,16.8307,16.8307,0.000000,0
114.8500,40.069,16.8307,16.8307,0.000000,0
114.9000,45.434,15.2018,15.2018,0.000000,0
114.9500,44.028,15.2018,15.2018,0.000000,0
115.0000,37.787,20.4338,20.4338,0.000000,0
115.0500,37.894,20.4338,20.4338,0.000000,0
115.1000,41.608,10.8222,10.8222,0.000000,0
115.1500,51.514,10.8222,10.8222,0.000000,0
115.2000,51.998,12.3641,12.3641,0.000000,0
115.2500,44.906,12.3641,12.3641,0.000000,0
115.3000,40.937,20.5593,20.5593,0.000000,0
115.3500,41.602,20.5593,20.5593,0.000000,0
115.4000,41.967,11.9369,11.9369,0.000000,0
115.4500,54.981,11.9369,11.9369,0.000000,0
115.5000,34.646,13.3038,13.3038,0.000000,0
115.5500,34.916,13.3038,13.3038,0.000000,0
115.6000,45.665,13.6842,13.6842,0.000000,0
115.6500,44.724,13.6842,13.6842,0.000000,0
115.7000,45.630,20.6731,20.6731,0.000000,0
115.7500,40.763,20.6731,20.6731,0.000000,0
115.8000,61.613,9.9110,9.9110,0.000000,0
115.8500,37.681,9.9110,9.9110,0.000000,0
115.9000,58.570,5.3924,5.3924,0.000000,0
115.9500,58.042,5.3924,5.3924,0.000000,0
116.0000,47.728,0.2254,0.2254,0.000000,0
116.0500,54.584,0.2254,0.2254,0.000000,0
116.1000,42.046,24.5100,24.5100,0.000000,0
116.1500,37.820,24.5100,24.5100,0.000000,0
116.2000,48.213,14.1921,14.1921,0.000000,0
116.2500,34.821,14.1921,14.1921,0.000000,0
116.3000,61.714,12.3583,12.3583,0.000000,0
116.3500,42.144,12.3583,12.3583,0.000000,0
116.4000,35.568,15.7664,15.7664,0.000000,0
116.4500,54.232,15.7664,15.7664,0.000000,0
116.5000,59.274,18.4724,18.4724,0.000000,0
116.5500,34.379,18.4724,18.4724,0.000000,0
116.6000,123.234,16.2085,16.2085,0.000000,0
116.6500,83.061,16.2085,16.2085,0.000000,0
116.7000,38.438,12.3220,12.3220,0.000000,0
116.7500,46.139,12.3220,12.3220,0.000000,0
116.8000,39.902,12.5032,12.5032,0.000000,0
116.8500,39.359,12.5032,12.5032,0.000000,0
116.9000,39.436,18.6395,18.6395,0.000000,0
116.9500,46.483,18.6395,18.6395,0.000000,0
117.0000,48.624,17.6272,17.6272,0.000000,0
117.0500,39.667,17.6272,17.6272,0.000000,0
117.1000,39.220,11.4507,11.4507,0.000000,0
117.1500,45.502,11.4507,11.4507,0.000000,0
117.2000,38.875,16.8930,16.8930,0.000000,0
117.2500,45.277,16.8930,16.8930,0.000000,0
117.3000,43.279,15.1057,15.1057,0.000000,0
117.3500,56.360,15.1057,15.1057,0.000000,0
117.4000,34.906,19.1413,19.1413,0.000000,0
117.4500,35.363,19.1413,19.1413,0.000000,0
117.5000,52.557,13.0608,13.0608,0.000000,0
117.5500,42.795,13.0608,13.0608,0.000000,0
117.6000,35.150,19.8352,19.8352,0.000000,0
117.6500,35.178,19.8352,19.8352,0.000000,0
117.7000,39.372,14.6349,14.6349,0.000000,0
117.7500,58.902,14.6349,14.6349,0.000000,0
117.8000,34.963,14.4754,14.4754,0.000000,0
117.8500,39.145,14.4754,14.4754,0.000000,0
117.9000,42.502,17.7327,17.7327,0.000000,0
117.9500,38.386,17.7327,17.7327,0.000000,0
118.0000,62.491,19.3847,19.3847,0.000000,0
118.0500,42.044,19.3847,19.3847,0.000000,0
118.1000,35.271,16.5533,16.5533,0.000000,0
118.1500,45.176,16.5533,16.5533,0.000000,0
118.2000,45.766,17.8569,17.8569,0.000000,0
118.2500,39.333,17.8569,17.8569,0.000000,0
118.3000,39.594,15.1457,15.1457,0.000000,0
118.3500,45.989,15.1457,15.1457,0.000000,0
118.4000,41.992,18.0215,18.0215,0.000000,0
118.4500,38.937,18.0215,18.0215,0.000000,0
118.5000,46.151,17.1302,17.1302,0.000000,0
118.5500,38.978,17.1302,17.1302,0.000000,0
118.6000,45.019,21.7037,21.7037,0.000000,0
118.6500,53.546,21.7037,21.7037,0.000000,0
118.7000,39.357,16.8960,16.8960,0.000000,0
118.7500,38.963,16.8960,16.8960,0.000000,0
118.8000,39.958,18.0161,18.0161,0.000000,0
118.8500,52.906,18.0161,18.0161,0.000000,0
118.9000,51.787,13.7498,13.7498,0.000000,0
118.9500,40.688,13.7498,13.7498,0.000000,0
119.0000,45.910,20.6617,20.6617,0.000000,0
119.0500,45.991,20.6617,20.6617,0.000000,0
119.1000,55.797,18.7485,18.7485,0.000000,0
119.1500,41.865,18.7485,18.7485,0.000000,0
119.2000,41.336,16.4487,16.4487,0.000000,0
119.2500,38.572,16.4487,16.4487,0.000000,0
119.3000,36.202,21.5631,21.5631,0.000000,0
119.3500,46.112,21.5631,21.5631,0.000000,0
119.4000,45.585,20.2564,20.2564,0.000000,0
119.4500,49.098,20.2564,20.2564,0.000000,0
119.5000,44.407,20.0614,20.0614,0.000000,0
